plz,ort,lat,lon,nat_c,temp_mittel_c,hgt15_kd,vollbenutz_h,hoehe_m
01067,Dresden,51.0655,13.7123,-8.5,10.8307,1964,1178.46,111
01069,Dresden,51.0388,13.7365,-8.5,10.8307,1964,1178.46,119
01097,Dresden,51.0641,13.7399,-8.5,10.8307,1964,1178.46,117
01099,Dresden,51.0883,13.8206,-8.5,10.2644,2110,1265.76,255
01108,Dresden,51.1561,13.7867,-8.5,10.2644,2110,1265.76,206
01109,Dresden,51.1178,13.756,-8.5,10.2644,2110,1265.76,214
01127,Dresden,51.0754,13.726,-8.5,10.2644,2110,1265.76,117
01129,Dresden,51.0931,13.7209,-8.5,10.2644,2110,1265.76,115
01139,Dresden,51.0764,13.6889,-8.5,10.2644,2110,1265.76,110
01156,Cossebaude,51.0658,13.6205,-8.5,10.2644,2110,1265.76,260
01157,Dresden,51.0641,13.665,-8.5,10.8307,1964,1178.46,143
01159,Dresden,51.0398,13.6954,-8.5,10.8307,1964,1178.46,141
01169,Dresden,51.0429,13.667,-8.5,10.8307,1964,1178.46,191
01187,Dresden,51.0291,13.7088,-8.5,10.8307,1964,1178.46,147
01189,Dresden,51.0136,13.6989,-8.5,10.8307,1964,1178.46,239
01217,Dresden,51.0166,13.7448,-8.5,10.8307,1964,1178.46,153
01219,Dresden,51.0183,13.7698,-8.5,10.8307,1964,1178.46,132
01237,Dresden,51.0196,13.7988,-8.5,10.8307,1964,1178.46,117
01239,Dresden,50.9987,13.7836,-8.5,10.8307,1964,1178.46,154
01257,Dresden,51.0003,13.8125,-8.5,10.8214,1949,1169.34,124
01259,Dresden,50.9966,13.8501,-8.5,10.8214,1949,1169.34,117
01277,Dresden,51.0355,13.799,-8.5,10.8307,1964,1178.46,121
01279,Dresden,51.0292,13.8251,-8.5,10.8214,1949,1169.34,111
01307,Dresden,51.0542,13.7686,-8.5,10.8307,1964,1178.46,113
01309,Dresden,51.0545,13.7948,-8.5,10.8307,1964,1178.46,126
01324,Dresden,51.0611,13.8418,-8.5,10.8214,1949,1169.34,250
01326,Dresden,51.0469,13.8338,-8.5,10.8214,1949,1169.34,273
01328,Dresden,51.0408,13.9026,-8.5,10.8214,1949,1169.34,309
01445,Radebeul,51.1151,13.6371,-8.5,10.2644,2110,1265.76,182
01454,Radeberg,51.1404,13.9144,-8.5,10.2644,2110,1265.76,254
01458,Ottendorf-Okrilla,51.1747,13.827,-8.5,10.2644,2110,1265.76,192
01465,Langebrück,51.1396,13.8517,-8.5,10.2644,2110,1265.76,207
01468,Reichenberg,51.1457,13.6765,-8.5,10.2644,2110,1265.76,204
01471,Radeburg,51.1984,13.7265,-8.5,10.2644,2110,1265.76,156
01477,"Arnsdorf bei Dresden",51.0933,13.9826,-8.5,10.8214,1949,1169.34,252
01558,Großenhain,51.2884,13.5375,-8.5,9.9707,2150,1289.7,119
01561,Großenhain,51.2959,13.6955,-8.5,10.2644,2110,1265.76,134
01587,Riesa,51.3025,13.2656,-8.5,10.3553,2076,1245.84,133
01589,Riesa,51.2893,13.3239,-8.5,10.3553,2076,1245.84,107
01591,Riesa,51.3149,13.2411,-8.5,10.3553,2076,1245.84,100
01594,Riesa,51.2619,13.2917,-8.5,10.3553,2076,1245.84,129
01609,Gröditz,51.3761,13.407,-8.5,10.3553,2076,1245.84,94
01612,Nünchritz,51.3022,13.4093,-8.5,9.9707,2150,1289.7,106
01616,Strehla,51.3783,13.2206,-8.5,10.3553,2076,1245.84,95
01619,Zeithain,51.3721,13.3157,-8.5,10.3553,2076,1245.84,106
01623,Lommatzsch,51.2077,13.2885,-8.5,9.9707,2150,1289.7,174
01640,Coswig,51.1284,13.5758,-8.5,9.9707,2150,1289.7,109
01662,Meißen,51.1668,13.4775,-8.5,9.9707,2150,1289.7,113
01665,Meißen,51.0928,13.4466,-8.5,9.9707,2150,1289.7,236
01683,Nossen,51.0916,13.3058,-8.5,10.0375,2140,1284.3,229
01689,Weinböhla,51.1806,13.5667,-8.5,9.9707,2150,1289.7,177
01705,Freital,51.0074,13.6347,-8.5,10.8307,1964,1178.46,261
01723,Wilsdruff,51.0309,13.4952,-8.5,9.9707,2150,1289.7,293
01728,Bannewitz,50.9846,13.7267,-8.5,10.8307,1964,1178.46,311
01731,Kreischa,50.9501,13.756,-8.5,8.8627,2453,1471.56,227
01734,Rabenau,50.9576,13.6596,-8.5,8.8627,2453,1471.56,303
01737,Tharandt,50.9632,13.5055,-8.5,8.8627,2453,1471.56,416
01738,Colmnitz,50.9353,13.5557,-8.5,8.8627,2453,1471.56,365
01744,Dippoldiswalde,50.8588,13.6294,-8.5,8.8627,2453,1471.56,532
01762,Schmiedeberg,50.7957,13.5862,-8.5,6.0559,3283,1969.92,625
01768,Glashütte,50.863,13.7644,-8.5,8.8627,2453,1471.56,473
01773,Altenberg,50.7762,13.7297,-8.5,6.0559,3283,1969.92,726
01774,Höckendorf,50.8832,13.5424,-8.5,8.8627,2453,1471.56,489
01776,"Hermsdorf / Erzgebirge",50.7572,13.6404,-8.5,6.0559,3283,1969.92,686
01778,Geising,50.7666,13.8396,-8.5,6.0559,3283,1969.92,617
01796,Pirna,50.936,13.9535,-8.5,10.8214,1949,1169.34,170
01809,Heidenau,50.9478,13.8541,-8.5,10.8214,1949,1169.34,197
01814,"Bad Schandau",50.8851,14.1964,-8.5,9.4047,2335,1400.76,272
01816,"Bad Gottleuba",50.8467,13.9662,-8.5,6.0559,3283,1969.92,484
01819,Berggießhübel,50.8857,13.9024,-8.5,8.8627,2453,1471.56,278
01824,"Königstein / Sächsische Schweiz",50.8788,14.0831,-8.5,9.4047,2335,1400.76,339
01825,Liebstadt,50.871,13.8421,-8.5,8.8627,2453,1471.56,440
01829,"Stadt Wehlen",50.9603,14.0051,-8.5,10.8214,1949,1169.34,226
01833,Stolpen,51.0382,14.0579,-8.5,10.8214,1949,1169.34,248
01844,"Neustadt in Sachsen",51.0392,14.2151,-8.5,9.4047,2335,1400.76,351
01847,Lohmen,50.9905,14.0142,-8.5,10.8214,1949,1169.34,240
01848,Hohnstein,50.98,14.1465,-8.5,9.4047,2335,1400.76,359
01855,Sebnitz,50.9473,14.289,-8.5,9.4047,2335,1400.76,323
01877,Bischofswerda,51.1286,14.2247,-8.5,8.6288,2516,1509.9,354
01896,Pulsnitz,51.1895,14.0033,-8.5,10.2644,2110,1265.76,270
01900,Großröhrsdorf,51.1428,14.0158,-8.5,10.8214,1949,1169.34,272
01904,"Neukirch / Lausitz",51.0893,14.3194,-8.5,8.6288,2516,1509.9,344
01906,Bischofswerda,51.1942,14.2212,-8.5,8.6288,2516,1509.9,240
01909,Großharthau,51.1038,14.0872,-8.5,10.8214,1949,1169.34,283
01917,Kamenz,51.2912,14.0831,-8.5,10.431,2070,1242.12,163
01920,Deutschbaselitz,51.2598,14.2119,-8.5,10.431,2070,1242.12,167
01936,Königsbrück,51.319,13.9127,-8.5,10.2644,2110,1265.76,150
01945,Ruhland,51.4187,13.8783,-8.5,9.9551,2180,1307.76,124
01968,Senftenberg,51.5224,14.0229,-8.5,9.9551,2180,1307.76,119
01979,Lauchhammer,51.4991,13.7556,-8.5,9.9551,2180,1307.76,124
01983,Großräschen,51.5898,14.0263,-8.5,9.9551,2180,1307.76,122
01987,"Schwarzheide Niederlausitz",51.4892,13.8429,-8.5,9.9551,2180,1307.76,137
01990,Ortrand,51.3775,13.7242,-8.5,9.9551,2180,1307.76,107
01993,Schipkau,51.5113,13.887,-8.5,9.9551,2180,1307.76,117
01994,Annahütte,51.5602,13.927,-8.5,9.9551,2180,1307.76,120
01996,Hosena,51.4598,14.0251,-8.5,9.9551,2180,1307.76,121
01998,Klettwitz,51.5443,13.8878,-8.5,9.9551,2180,1307.76,133
02625,Bautzen,51.1908,14.4135,-8.5,10.2381,2116,1269.72,207
02627,Weißenberg,51.1607,14.5549,-8.5,10.2381,2116,1269.72,235
02633,Göda,51.1558,14.3192,-8.5,10.2381,2116,1269.72,228
02681,Wilthen,51.087,14.4152,-8.5,8.6288,2516,1509.9,330
02689,"Sohland an der Spree",51.0401,14.4153,-8.5,8.6288,2516,1509.9,315
02692,Obergurig,51.1353,14.3984,-8.5,10.2381,2116,1269.72,235
02694,Großdubrau,51.2681,14.5326,-8.5,10.2381,2116,1269.72,143
02699,Königswartha,51.2874,14.3203,-8.5,10.431,2070,1242.12,146
02708,Löbau,51.0881,14.6662,-8.5,10.2381,2116,1269.72,274
02727,Neugersdorf,50.9754,14.6089,-8.5,9.3033,2347,1408.2,424
02730,Ebersbach,51.0057,14.5988,-8.5,8.6288,2516,1509.9,374
02733,Cunewalde,51.1004,14.5249,-8.5,10.2381,2116,1269.72,311
02736,Oppach,51.0659,14.5034,-8.5,8.6288,2516,1509.9,339
02739,Eibau,50.9914,14.6545,-8.5,9.3033,2347,1408.2,381
02742,Neusalza-Spremberg,51.0339,14.5424,-8.5,8.6288,2516,1509.9,335
02747,Herrnhut,51.017,14.7531,-8.5,9.3033,2347,1408.2,333
02748,Bernstadt,51.0518,14.832,-8.5,9.8392,2222,1333.2,260
02763,Zittau,50.9278,14.7924,-8.5,9.3033,2347,1408.2,310
02779,Großschönau,50.9024,14.6782,-8.5,9.3033,2347,1408.2,318
02782,Seifhennersdorf,50.9394,14.6047,-8.5,9.3033,2347,1408.2,397
02785,Olbersdorf,50.8797,14.768,-8.5,9.3033,2347,1408.2,283
02788,Hirschfelde,50.9613,14.8582,-8.5,9.3033,2347,1408.2,332
02791,Niederoderwitz,50.9565,14.7258,-8.5,9.3033,2347,1408.2,299
02794,Leutersdorf,50.9395,14.6701,-8.5,9.3033,2347,1408.2,384
02796,Jonsdorf,50.8538,14.6841,-8.5,9.3033,2347,1408.2,539
02797,Oybin,50.8401,14.7597,-8.5,9.3033,2347,1408.2,541
02799,Waltersdorf,50.8639,14.6456,-8.5,9.3033,2347,1408.2,454
02826,Görlitz,51.1456,14.9798,-8.5,9.8392,2222,1333.2,228
02827,Görlitz,51.1115,14.9542,-8.5,9.8392,2222,1333.2,235
02828,Görlitz,51.1844,14.9829,-8.5,9.8392,2222,1333.2,205
02829,Görlitz,51.1209,14.8786,-8.5,9.8392,2222,1333.2,247
02894,"Reichenbach / Oberlausitz",51.1623,14.7793,-8.5,9.8392,2222,1333.2,220
02899,Görlitz,51.0394,14.9066,-8.5,9.8392,2222,1333.2,294
02906,Niesky,51.2988,14.7432,-8.5,9.8392,2222,1333.2,153
02923,Niesky,51.2447,14.8911,-8.5,9.8392,2222,1333.2,181
02929,"Rothenburg / Oberlausitz",51.3648,14.9383,-8.5,9.8392,2222,1333.2,156
02943,Weißwasser,51.4097,14.597,-8.5,9.9058,2207,1324.08,130
02953,"Bad Muskau",51.5374,14.6698,-8.5,9.9058,2207,1324.08,137
02956,Rietschen,51.4121,14.8006,-8.5,9.9058,2207,1324.08,155
02957,Krauschwitz,51.4776,14.7535,-8.5,9.9058,2207,1324.08,138
02959,Schleife,51.5199,14.5296,-8.5,9.9058,2207,1324.08,138
02977,Hoyerswerda,51.432,14.2202,-8.5,10.431,2070,1242.12,126
02979,Hoyerswerda,51.4912,14.3858,-8.5,10.431,2070,1242.12,109
02991,Lauta,51.4458,14.0845,-8.5,10.431,2070,1242.12,131
02994,Bernsdorf,51.3696,14.0652,-8.5,10.431,2070,1242.12,156
02997,Wittichenau,51.3705,14.2429,-8.5,10.431,2070,1242.12,135
02999,Lohsa,51.3825,14.4148,-8.5,10.431,2070,1242.12,123
03042,Cottbus,51.7433,14.3725,-8.5,10.5055,2055,1233.06,77
03044,Cottbus,51.7818,14.3402,-8.5,10.5055,2055,1233.06,70
03046,Cottbus,51.7594,14.3103,-8.5,10.5055,2055,1233.06,74
03048,Cottbus,51.7363,14.3087,-8.5,10.5055,2055,1233.06,68
03050,Cottbus,51.7326,14.3431,-8.5,10.5055,2055,1233.06,89
03051,Cottbus,51.7209,14.4042,-8.5,10.5055,2055,1233.06,77
03052,Cottbus,51.7815,14.4452,-8.5,10.5055,2055,1233.06,68
03053,Cottbus,51.8051,14.3855,-8.5,10.5055,2055,1233.06,65
03054,Cottbus,51.8323,14.3519,-8.5,10.5055,2055,1233.06,70
03055,Cottbus,51.8057,14.3171,-8.5,10.5055,2055,1233.06,79
03058,Gallinchen,51.6709,14.4303,-8.5,10.5055,2055,1233.06,91
03096,"Burg / Spreewald",51.8304,14.1993,-8.5,10.5055,2055,1233.06,55
03099,Kolkwitz,51.7587,14.1971,-8.5,10.5055,2055,1233.06,61
03103,Neupetershain,51.6067,14.135,-8.5,9.9551,2180,1307.76,117
03116,Drebkau,51.6649,14.2392,-8.5,10.5055,2055,1233.06,90
03119,Welzow,51.5603,14.2102,-8.5,10.431,2070,1242.12,125
03130,Spremberg,51.5895,14.3822,-8.5,10.431,2070,1242.12,116
03149,"Forst / Lausitz",51.7424,14.5926,-8.5,10.5055,2055,1233.06,97
03159,Döbern,51.6385,14.6228,-8.5,9.9058,2207,1324.08,115
03172,Guben,51.9511,14.617,-8.5,9.9882,2189,1313.34,67
03185,Peitz,51.8916,14.4145,-8.5,10.5055,2055,1233.06,63
03197,Jänschwalde,51.875,14.5274,-8.5,10.5055,2055,1233.06,87
03205,Calau,51.7293,13.8987,-8.5,9.9551,2180,1307.76,98
03222,"Lübbenau / Spreewald",51.845,13.9533,-8.5,10.2463,2107,1264.2,69
03226,Vetschau,51.7905,14.0749,-8.5,10.5055,2055,1233.06,61
03229,Altdöbern,51.66,14.0206,-8.5,9.9551,2180,1307.76,84
03238,Finsterwalde,51.6067,13.7273,-8.5,10.2225,2113,1267.62,114
03246,Crinitz,51.7128,13.7724,-8.5,10.2225,2113,1267.62,139
03249,Sonnewalde,51.7,13.6379,-8.5,10.2225,2113,1267.62,114
03253,Doberlug-Kirchhain,51.6195,13.491,-8.5,10.2225,2113,1267.62,132
04103,Leipzig,51.3275,12.3901,-8.5,10.4959,2025,1215.0,124
04105,Leipzig,51.3496,12.3576,-8.5,10.4959,2025,1215.0,116
04107,Leipzig,51.3303,12.3687,-8.5,10.4959,2025,1215.0,113
04109,Leipzig,51.3385,12.3635,-8.5,10.4959,2025,1215.0,109
04129,Leipzig,51.3686,12.3906,-8.5,10.4959,2025,1215.0,118
04155,Leipzig,51.361,12.3635,-8.5,10.4959,2025,1215.0,115
04157,Leipzig,51.3756,12.3671,-8.5,10.4959,2025,1215.0,129
04158,Leipzig,51.4009,12.3265,-8.5,10.4304,2064,1238.52,153
04159,Leipzig,51.3757,12.3023,-8.5,10.4304,2064,1238.52,107
04177,Leipzig,51.3379,12.3307,-8.5,10.4959,2025,1215.0,112
04178,Leipzig,51.3513,12.2715,-8.5,10.4304,2064,1238.52,111
04179,Leipzig,51.3536,12.3179,-8.5,10.4959,2025,1215.0,108
04205,Leipzig,51.3249,12.2624,-8.5,10.4304,2064,1238.52,117
04207,Leipzig,51.3033,12.2708,-8.5,10.4959,2025,1215.0,124
04209,Leipzig,51.319,12.2902,-8.5,10.4959,2025,1215.0,129
04229,Leipzig,51.3219,12.3371,-8.5,10.4959,2025,1215.0,114
04249,Leipzig,51.2702,12.2998,-8.5,10.4959,2025,1215.0,122
04275,Leipzig,51.3198,12.372,-8.5,10.4959,2025,1215.0,122
04277,Leipzig,51.3043,12.3732,-8.5,10.4959,2025,1215.0,122
04279,Leipzig,51.2924,12.3979,-8.5,10.4959,2025,1215.0,129
04288,Leipzig,51.2913,12.4714,-8.5,10.4959,2025,1215.0,136
04289,Leipzig,51.2985,12.4275,-8.5,10.4959,2025,1215.0,148
04299,Leipzig,51.3197,12.4252,-8.5,10.4959,2025,1215.0,144
04315,Leipzig,51.3441,12.4067,-8.5,10.4959,2025,1215.0,116
04316,Leipzig,51.3285,12.455,-8.5,10.4959,2025,1215.0,130
04317,Leipzig,51.3293,12.4029,-8.5,10.4959,2025,1215.0,124
04318,Leipzig,51.337,12.4258,-8.5,10.4959,2025,1215.0,121
04319,Leipzig,51.341,12.4987,-8.5,10.4959,2025,1215.0,130
04328,Leipzig,51.3459,12.4433,-8.5,10.4959,2025,1215.0,129
04329,Leipzig,51.3595,12.4687,-8.5,10.4959,2025,1215.0,128
04347,Leipzig,51.3615,12.4239,-8.5,10.4959,2025,1215.0,121
04349,Leipzig,51.3911,12.4445,-8.5,10.4959,2025,1215.0,120
04356,Leipzig,51.4156,12.4132,-8.5,10.4959,2025,1215.0,136
04357,Leipzig,51.3811,12.4124,-8.5,10.4959,2025,1215.0,120
04416,Markkleeberg,51.2632,12.3829,-8.5,10.4959,2025,1215.0,117
04420,Markranstädt,51.2912,12.2089,-8.5,10.4304,2064,1238.52,124
04425,Taucha,51.388,12.5021,-8.5,10.4959,2025,1215.0,127
04435,Schkeuditz,51.3975,12.2205,-8.5,10.4304,2064,1238.52,118
04442,Zwenkau,51.2197,12.3235,-8.5,10.4959,2025,1215.0,121
04451,Borsdorf,51.355,12.5436,-8.5,10.4959,2025,1215.0,127
04463,Großpösna,51.2376,12.4623,-8.5,10.4959,2025,1215.0,116
04509,Delitzsch,51.5378,12.3628,-8.5,10.4304,2064,1238.52,97
04519,Rackwitz,51.4704,12.3616,-8.5,10.4304,2064,1238.52,103
04523,Pegau,51.1646,12.2402,-8.5,10.2126,2098,1258.8,135
04539,Groitzsch,51.133,12.307,-8.5,10.2126,2098,1258.8,146
04552,Borna,51.1105,12.5032,-8.5,9.8458,2183,1309.74,139
04564,Böhlen,51.2066,12.375,-8.5,10.4959,2025,1215.0,136
04565,Regis-Breitingen,51.101,12.3947,-8.5,9.8458,2183,1309.74,164
04567,Kitzscher,51.1717,12.5507,-8.5,10.4959,2025,1215.0,171
04571,Rötha,51.1981,12.4935,-8.5,10.4959,2025,1215.0,142
04575,Neukieritzsch,51.1468,12.4378,-8.5,10.4959,2025,1215.0,137
04600,Altenburg,50.9876,12.4365,-8.5,9.8458,2183,1309.74,194
04603,Altenburg,50.9256,12.5322,-8.5,9.8458,2183,1309.74,238
04610,Meuselwitz,51.0542,12.3778,-8.5,9.8458,2183,1309.74,179
04613,Lucka,51.0856,12.334,-8.5,9.8458,2183,1309.74,186
04617,Altenburg,51.0068,12.3364,-8.5,9.8458,2183,1309.74,199
04618,Langenleuba-Niederhain,50.97,12.5527,-8.5,9.8458,2183,1309.74,232
04626,Schmölln,50.9026,12.3055,-8.5,9.8458,2183,1309.74,273
04639,Gößnitz,50.8741,12.4282,-8.5,9.8458,2183,1309.74,211
04643,Geithain,51.0383,12.6781,-8.5,9.6882,2228,1336.86,250
04651,"Bad Lausick",51.1476,12.6601,-8.5,9.6882,2228,1336.86,176
04654,Frohburg,51.0507,12.5769,-8.5,9.8458,2183,1309.74,186
04668,Grimma,51.2187,12.7404,-8.5,9.6882,2228,1336.86,131
04680,Colditz,51.1332,12.7979,-8.5,9.6882,2228,1336.86,164
04683,Naunhof,51.2778,12.5735,-8.5,10.4959,2025,1215.0,132
04687,"Trebsen / Mulde",51.2869,12.7035,-8.5,10.4959,2025,1215.0,152
04703,Leisnig,51.1766,12.9366,-8.5,9.6882,2228,1336.86,180
04720,Döbeln,51.1331,13.1352,-8.5,10.0375,2140,1284.3,202
04736,Waldheim,51.0725,13.0433,-8.5,9.6882,2228,1336.86,206
04741,Roßwein,51.0837,13.1818,-8.5,10.0375,2140,1284.3,290
04746,Hartha,51.1133,12.989,-8.5,9.6882,2228,1336.86,299
04749,Ostrau,51.2011,13.1295,-8.5,10.3553,2076,1245.84,181
04758,Oschatz,51.338,13.1342,-8.5,10.3553,2076,1245.84,150
04769,Mügeln,51.2305,13.0288,-8.5,10.3553,2076,1245.84,161
04774,Dahlen,51.3869,12.9856,-8.5,10.3553,2076,1245.84,160
04779,Wermsdorf,51.2989,12.9661,-8.5,10.3553,2076,1245.84,212
04808,Wurzen,51.3855,12.8003,-8.5,10.3386,2079,1247.64,148
04821,Brandis,51.3266,12.6212,-8.5,10.4959,2025,1215.0,149
04824,Beucha,51.3261,12.5674,-8.5,10.4959,2025,1215.0,128
04827,Machern,51.3633,12.6231,-8.5,10.4959,2025,1215.0,149
04828,Bennewitz,51.3443,12.6938,-8.5,10.4959,2025,1215.0,148
04838,Eilenburg,51.4983,12.6073,-8.5,10.3386,2079,1247.64,96
04849,"Bad Düben",51.5954,12.6655,-8.5,10.3386,2079,1247.64,112
04860,Torgau,51.5535,12.9515,-8.5,10.3386,2079,1247.64,88
04861,Torgau,51.5088,13.0163,-8.5,10.3386,2079,1247.64,94
04862,-,51.5044,12.8392,-8.5,10.3386,2079,1247.64,97
04874,Belgern,51.4565,13.1062,-8.5,10.3386,2079,1247.64,146
04880,Dommitzsch,51.6248,12.8216,-8.5,10.3386,2079,1247.64,99
04886,Torgau,51.5293,13.1457,-8.5,10.3386,2079,1247.64,85
04889,Schildau,51.4535,12.965,-8.5,10.3386,2079,1247.64,120
04895,"Falkenberg / Elster",51.5859,13.2255,-8.5,10.1466,2137,1282.32,86
04910,Elsterwerda,51.4655,13.5107,-8.5,10.2225,2113,1267.62,91
04916,"Herzberg / Elster",51.7618,13.2315,-8.5,10.1466,2137,1282.32,92
04924,"Bad Liebenwerda",51.5389,13.3868,-8.5,10.2225,2113,1267.62,85
04928,Plessa,51.4651,13.6312,-8.5,9.9551,2180,1307.76,93
04931,"Bad Liebenwerda",51.4714,13.314,-8.5,10.3553,2076,1245.84,98
04932,Prösen,51.4037,13.5525,-8.5,10.2225,2113,1267.62,105
04934,Hohenleipisch,51.5079,13.5484,-8.5,10.2225,2113,1267.62,139
04936,Schlieben,51.7436,13.4043,-8.5,10.2225,2113,1267.62,120
04938,Uebigau,51.6094,13.3219,-8.5,10.2225,2113,1267.62,83
06108,"Halle / Saale",51.4858,11.9616,-8.5,10.0737,2112,1267.32,84
06110,"Halle / Saale",51.4683,11.9737,-8.5,10.0737,2112,1267.32,116
06112,"Halle / Saale",51.4693,11.9973,-8.5,10.0737,2112,1267.32,106
06114,"Halle / Saale",51.5004,11.9623,-8.5,10.0737,2112,1267.32,112
06116,"Halle / Saale",51.4788,12.0355,-8.5,10.0737,2112,1267.32,95
06118,"Halle / Saale",51.5194,11.9861,-8.5,10.0737,2112,1267.32,109
06120,"Halle / Saale",51.5148,11.8947,-8.5,10.0737,2112,1267.32,95
06122,"Halle / Saale",51.4838,11.929,-8.5,10.0737,2112,1267.32,80
06124,"Halle / Saale",51.4699,11.9306,-8.5,10.0737,2112,1267.32,83
06126,"Halle / Saale",51.4768,11.894,-8.5,10.0737,2112,1267.32,97
06128,"Halle / Saale",51.4466,11.9465,-8.5,10.0737,2112,1267.32,103
06130,"Halle / Saale",51.4515,11.9802,-8.5,10.0737,2112,1267.32,112
06132,"Halle / Saale",51.426,11.9875,-8.5,11.0033,1910,1145.76,95
06179,Teutschenthal,51.4431,11.7995,-8.5,11.0033,1910,1145.76,128
06184,Dieskau,51.4457,12.0796,-8.5,10.4304,2064,1238.52,103
06188,Landsberg,51.5256,12.122,-8.5,10.0737,2112,1267.32,102
06193,Löbejün,51.5918,11.9066,-8.5,10.0737,2112,1267.32,132
06198,Wettin,51.5361,11.7775,-8.5,10.0737,2112,1267.32,147
06217,"Merseburg / Saale",51.3459,11.9675,-8.5,11.0033,1910,1145.76,107
06231,"Bad Dürrenberg",51.2835,12.0857,-8.5,11.0033,1910,1145.76,108
06237,Leuna,51.3422,12.1303,-8.5,10.4304,2064,1238.52,108
06242,Braunsbedra,51.2995,11.8745,-8.5,11.0033,1910,1145.76,98
06246,"Bad Lauchstädt",51.376,11.8541,-8.5,11.0033,1910,1145.76,128
06249,"Mücheln / Geiseltal",51.2907,11.7907,-8.5,11.0033,1910,1145.76,183
06255,Schafstädt,51.3502,11.7868,-8.5,11.0033,1910,1145.76,139
06258,Schkopau,51.3895,12.0622,-8.5,11.0033,1910,1145.76,92
06259,Frankleben,51.3123,11.9312,-8.5,11.0033,1910,1145.76,102
06268,Querfurt,51.3544,11.5446,-8.5,9.6882,2225,1335.06,223
06279,Schraplau,51.4402,11.6264,-8.5,9.6882,2225,1335.06,192
06295,Eisleben,51.5323,11.5643,-8.5,9.6882,2225,1335.06,115
06308,Benndorf,51.5852,11.4933,-8.5,10.3444,2038,1222.56,242
06311,Helbra,51.5512,11.4936,-8.5,9.6882,2225,1335.06,249
06313,Hergisdorf,51.5255,11.4741,-8.5,9.6882,2225,1335.06,244
06317,"Röblingen am See",51.4888,11.666,-8.5,9.6882,2225,1335.06,105
06333,Hettstedt,51.6533,11.4902,-8.5,10.3444,2038,1222.56,230
06343,Mansfeld,51.5817,11.4046,-8.5,10.3444,2038,1222.56,309
06347,Gerbstedt,51.6223,11.6353,-8.5,10.3444,2038,1222.56,172
06366,"Köthen / Anhalt",51.7467,11.97,-8.5,10.6132,2006,1203.9,86
06369,"Köthen / Anhalt",51.7058,12.04,-8.5,10.6132,2006,1203.9,84
06385,Kleinzerbst,51.8407,12.0253,-8.5,10.6132,2006,1203.9,55
06386,Osternienburg,51.7987,12.0597,-8.5,10.6132,2006,1203.9,74
06388,Gröbzig,51.6811,11.9199,-8.5,10.6132,2006,1203.9,87
06406,"Bernburg / Saale",51.7705,11.765,-8.5,10.5049,2031,1218.54,77
06408,Ilberstedt,51.807,11.6674,-8.5,10.5049,2031,1218.54,78
06420,Könnern,51.6862,11.7683,-8.5,10.5049,2031,1218.54,77
06425,"Alsleben / Saale",51.7322,11.6486,-8.5,10.3444,2038,1222.56,112
06429,"Nienburg / Saale",51.8507,11.7899,-8.5,10.5049,2031,1218.54,59
06449,Aschersleben,51.7679,11.4687,-8.5,10.3444,2038,1222.56,135
06456,Sandersleben,51.658,11.3965,-8.5,10.3444,2038,1222.56,237
06458,Hedersleben,51.8629,11.2826,-8.5,10.6688,1947,1168.02,187
06463,Ermsleben,51.7388,11.3431,-8.5,10.3444,2038,1222.56,163
06464,Frose,51.7906,11.3694,-8.5,10.3444,2038,1222.56,129
06466,Gatersleben,51.8164,11.2859,-8.5,10.6688,1947,1168.02,114
06467,Hoym,51.7808,11.3059,-8.5,10.6688,1947,1168.02,134
06469,Nachterstedt,51.8086,11.3381,-8.5,10.6688,1947,1168.02,84
06484,Quedlinburg,51.8005,11.167,-8.5,10.6688,1947,1168.02,122
06485,Quedlinburg,51.7026,11.1192,-8.5,8.3441,2559,1535.58,443
06493,Ballenstedt,51.6358,11.1771,-8.5,8.3441,2559,1535.58,423
06502,"Thale / Harz",51.7132,11.0269,-8.5,8.3441,2559,1535.58,478
06526,Sangerhausen,51.5257,11.2637,-8.5,8.3441,2559,1535.58,403
06528,Wallhausen,51.4454,11.2045,-8.5,10.2466,2092,1255.02,137
06536,Roßla,51.5241,11.0151,-8.5,8.3441,2559,1535.58,406
06537,"Kelbra / Kyffhäuser",51.4298,11.1132,-8.5,10.2466,2092,1255.02,161
06542,Allstedt,51.4349,11.413,-8.5,9.6882,2225,1335.06,168
06543,Wippra,51.6648,11.2686,-8.5,8.3441,2559,1535.58,362
06556,"Artern / Unstrut",51.3714,11.3026,-8.5,10.2466,2092,1255.02,166
06567,"Bad Frankenhausen / Kyffhäuser",51.3667,11.1244,-8.5,10.2466,2092,1255.02,245
06571,Roßleben,51.2938,11.3976,-8.5,10.2466,2092,1255.02,116
06577,Heldrungen,51.2836,11.2234,-8.5,10.2466,2092,1255.02,197
06578,Oldisleben,51.2878,11.1356,-8.5,10.2466,2092,1255.02,179
06618,"Naumburg / Saale",51.1178,11.829,-8.5,10.1129,2113,1267.8,199
06628,"Bad Kösen",51.1342,11.7063,-8.5,9.9033,2171,1302.66,241
06632,"Freyburg / Unstrut",51.234,11.763,-8.5,9.9033,2171,1302.66,241
06636,"Laucha / Unstrut",51.2354,11.6629,-8.5,9.9033,2171,1302.66,134
06638,Karsdorf,51.2802,11.6395,-8.5,9.6882,2225,1335.06,115
06642,"Nebra / Unstrut",51.2626,11.4782,-8.5,9.6882,2225,1335.06,125
06647,"Bad Bibra",51.2008,11.5689,-8.5,9.9033,2171,1302.66,200
06648,Eckartsberga,51.1278,11.5338,-8.5,9.9033,2171,1302.66,224
06667,Weißenfels,51.2056,11.9557,-8.5,10.1129,2113,1267.8,101
06679,Hohenmölsen,51.1521,12.1311,-8.5,10.2126,2098,1258.8,173
06682,Teuchern,51.1269,12.0117,-8.5,10.1129,2113,1267.8,197
06686,Lützen,51.2271,12.1291,-8.5,10.1129,2113,1267.8,140
06688,Großkorbetha,51.2626,12.0201,-8.5,11.0033,1910,1145.76,111
06711,-,51.0946,12.1188,-8.5,10.2126,2098,1258.8,164
06712,Zeitz,51.0045,12.141,-8.5,10.2126,2098,1258.8,254
06721,Osterfeld,51.0681,11.9467,-8.5,10.1129,2113,1267.8,259
06722,Droyßig,51.0095,12.0299,-8.5,10.2126,2098,1258.8,180
06729,Tröglitz,51.081,12.2036,-8.5,10.2126,2098,1258.8,143
06749,Bitterfeld,51.6347,12.328,-8.5,10.594,1989,1193.52,78
06766,Wolfen,51.6724,12.2418,-8.5,10.594,1989,1193.52,84
06772,Gräfenhainichen,51.7198,12.3834,-8.5,10.594,1989,1193.52,89
06773,Gräfenhainichen,51.7309,12.4654,-8.5,10.594,1989,1193.52,90
06774,Pouch,51.6544,12.4385,-8.5,10.594,1989,1193.52,97
06779,Dessau,51.7451,12.2649,-8.5,10.594,1989,1193.52,86
06780,Zörbig,51.616,12.1238,-8.5,10.594,1989,1193.52,87
06785,Oranienbaum,51.8254,12.415,-8.5,10.4132,2070,1242.24,61
06792,Sandersdorf,51.6235,12.2506,-8.5,10.594,1989,1193.52,86
06794,Zscherndorf,51.5974,12.1933,-8.5,10.594,1989,1193.52,92
06796,Brehna,51.5595,12.2044,-8.5,10.4304,2064,1238.52,95
06800,Jeßnitz,51.683,12.313,-8.5,10.594,1989,1193.52,73
06803,Greppin,51.6539,12.294,-8.5,10.594,1989,1193.52,77
06808,Holzweißig,51.6012,12.3282,-8.5,10.594,1989,1193.52,77
06809,Roitzsch,51.5786,12.2737,-8.5,10.594,1989,1193.52,90
06842,Dessau,51.7711,12.3209,-8.5,10.594,1989,1193.52,66
06844,Dessau,51.8552,12.2626,-8.5,10.594,1989,1193.52,59
06846,Dessau,51.8487,12.1792,-8.5,10.6132,2006,1203.9,59
06847,Dessau,51.7961,12.1911,-8.5,10.6132,2006,1203.9,74
06849,Dessau,51.7981,12.2523,-8.5,10.594,1989,1193.52,64
06861,Dessau-Roßlau,51.9068,12.2025,-8.5,10.6132,2006,1203.9,89
06862,"Roßlau / Elbe",51.9125,12.2769,-8.5,10.594,1989,1193.52,95
06868,-,51.9891,12.3619,-8.5,9.8044,2213,1327.86,126
06869,"Coswig / Anhalt",51.9261,12.443,-8.5,10.4132,2070,1242.24,114
06886,Wittenberg,51.8784,12.6361,-8.5,10.4132,2070,1242.24,77
06888,Wittenberg,51.8445,12.5717,-8.5,10.4132,2070,1242.24,65
06889,Wittenberg,51.9455,12.6252,-8.5,10.4132,2070,1242.24,166
06895,Zahna,51.8892,12.8008,-8.5,10.4132,2070,1242.24,87
06901,Kemberg,51.7757,12.6226,-8.5,10.4132,2070,1242.24,69
06905,"Bad Schmiedeberg",51.7146,12.7254,-8.5,10.4132,2070,1242.24,130
06917,"Jessen / Elster",51.8367,12.9544,-8.5,10.0384,2164,1298.7,77
06925,Annaburg,51.7044,13.0484,-8.5,10.1466,2137,1282.32,97
07318,"Saalfeld / Saale",50.6259,11.3285,-8.5,9.2858,2304,1382.52,527
07330,Probstzella,50.5572,11.3614,-8.5,9.2858,2304,1382.52,530
07333,Unterwellenborn,50.6607,11.4641,-8.5,9.9619,2162,1297.2,284
07338,Kaulsdorf,50.58,11.503,-8.5,9.9619,2162,1297.2,530
07343,Wurzbach,50.4449,11.5235,-8.5,8.1712,2640,1584.3,618
07349,Lehesten,50.4699,11.4535,-8.5,7.7389,2777,1666.14,672
07356,"Lobenstein. Moorbad",50.4382,11.6394,-8.5,8.1712,2640,1584.3,551
07366,"Lobenstein. Moorbad",50.4129,11.6772,-8.5,8.1712,2640,1584.3,504
07368,"Ebersdorf / Thüringen",50.5527,11.6394,-8.5,8.1712,2640,1584.3,538
07381,Pößneck,50.7174,11.6207,-8.5,9.9619,2162,1297.2,236
07387,Krölpa,50.6934,11.5183,-8.5,9.9619,2162,1297.2,375
07389,Ranis,50.6412,11.5705,-8.5,9.9619,2162,1297.2,508
07407,Rudolstadt,50.7429,11.3429,-8.5,9.9619,2162,1297.2,400
07422,"Bad Blankenburg",50.6874,11.2498,-8.5,9.2858,2304,1382.52,243
07426,Königsee,50.6772,11.1294,-8.5,9.2858,2304,1382.52,424
07427,Schwarzburg,50.6452,11.1964,-8.5,9.2858,2304,1382.52,348
07429,Sitzendorf,50.6078,11.2097,-8.5,9.2858,2304,1382.52,632
07545,Gera,50.8768,12.0814,-8.5,9.5967,2262,1356.96,210
07546,Gera,50.8781,12.1036,-8.5,9.5967,2262,1356.96,259
07548,Gera,50.8801,12.0436,-8.5,9.5967,2262,1356.96,314
07549,Gera,50.8405,12.0599,-8.5,9.5967,2262,1356.96,233
07551,Gera,50.8356,12.1111,-8.5,9.5967,2262,1356.96,293
07552,Gera,50.9182,12.0736,-8.5,9.5967,2262,1356.96,275
07554,Gera,50.9312,12.1351,-8.5,9.5967,2262,1356.96,277
07557,Gera,50.8242,12.0203,-8.5,9.5967,2262,1356.96,351
07570,Weida,50.7626,12.0256,-8.5,9.2701,2347,1408.2,324
07580,Ronneburg,50.8232,12.2091,-8.5,9.5967,2262,1356.96,331
07586,"Bad Köstritz",50.9015,11.9804,-8.5,9.5967,2262,1356.96,304
07589,Münchenbernsdorf,50.8347,11.9375,-8.5,9.5967,2262,1356.96,328
07607,Eisenberg,50.9606,11.8786,-8.5,10.1129,2113,1267.8,367
07613,"Krossen / Elster",50.9744,11.9557,-8.5,10.1129,2113,1267.8,302
07616,Bürgel,50.9597,11.795,-8.5,10.7704,1946,1167.72,339
07619,Schkölen,51.0199,11.8155,-8.5,10.1129,2113,1267.8,279
07629,Hermsdorf,50.8683,11.8577,-8.5,9.5466,2261,1356.84,362
07639,"Bad Klosterlausnitz",50.9175,11.8862,-8.5,9.5967,2262,1356.96,321
07646,Stadtroda,50.8523,11.753,-8.5,9.5466,2261,1356.84,281
07743,Jena,50.9585,11.6058,-8.5,10.7704,1946,1167.72,203
07745,Jena,50.9112,11.5658,-8.5,10.7704,1946,1167.72,274
07747,Jena,50.8861,11.6108,-8.5,10.7704,1946,1167.72,169
07749,Jena,50.9235,11.613,-8.5,10.7704,1946,1167.72,337
07751,Jena,50.8808,11.5255,-8.5,10.7704,1946,1167.72,340
07768,Kahla,50.8031,11.5499,-8.5,9.9619,2162,1297.2,194
07774,Camburg,51.0349,11.7135,-8.5,9.9033,2171,1302.66,221
07778,Dorndorf-Steudnitz,50.9953,11.6253,-8.5,10.7704,1946,1167.72,343
07806,"Neustadt / Orla",50.7322,11.7265,-8.5,9.5466,2261,1356.84,287
07819,Triptis,50.7402,11.831,-8.5,9.5466,2261,1356.84,329
07907,Schleiz,50.5842,11.8298,-8.5,8.7551,2489,1493.4,432
07919,Schleiz,50.5408,11.9186,-8.5,8.7551,2489,1493.4,498
07922,Tanna,50.496,11.862,-8.5,8.7551,2489,1493.4,538
07924,Ziegenrück,50.6083,11.6818,-8.5,8.7551,2489,1493.4,395
07926,Gefell,50.4423,11.853,-8.5,8.7551,2489,1493.4,597
07927,Hirschberg,50.4214,11.8171,-8.5,8.2732,2637,1582.32,529
07929,Saalburg,50.4966,11.7026,-8.5,8.1712,2640,1584.3,520
07937,Zeulenroda,50.6419,11.9532,-8.5,9.2701,2347,1408.2,416
07950,Triebes,50.6829,12.0044,-8.5,9.2701,2347,1408.2,397
07952,"Pausa / Vogtland",50.5851,11.9837,-8.5,9.2701,2347,1408.2,431
07955,Auma,50.6952,11.9065,-8.5,9.5466,2261,1356.84,422
07957,Langenwetzendorf,50.674,12.0949,-8.5,9.2701,2347,1408.2,363
07958,Hohenleuben,50.7112,12.0507,-8.5,9.2701,2347,1408.2,396
07973,Greiz,50.6595,12.1728,-8.5,9.2701,2347,1408.2,399
07980,"Berga / Elster",50.7612,12.159,-8.5,9.2701,2347,1408.2,327
07985,Elsterberg,50.6046,12.1621,-8.5,9.2701,2347,1408.2,282
07987,Mohlsdorf,50.6984,12.2407,-8.5,9.2701,2347,1408.2,375
08056,Zwickau,50.7103,12.4872,-8.5,9.72,2223,1333.62,273
08058,Zwickau,50.7626,12.462,-8.5,9.72,2223,1333.62,306
08060,Zwickau,50.7218,12.4474,-8.5,9.72,2223,1333.62,306
08062,Zwickau,50.695,12.4685,-8.5,9.72,2223,1333.62,323
08064,Zwickau,50.6675,12.4701,-8.5,9.72,2223,1333.62,363
08066,Zwickau,50.7298,12.5274,-8.5,9.72,2223,1333.62,337
08107,Kirchberg,50.6074,12.5393,-8.5,9.72,2223,1333.62,402
08112,Wilkau-Haßlau,50.6656,12.521,-8.5,9.72,2223,1333.62,307
08115,Lichtentanne,50.6713,12.4138,-8.5,9.72,2223,1333.62,372
08118,Hartenstein,50.6749,12.6726,-8.5,9.3208,2316,1389.6,391
08132,"Mülsen Sankt Jacob",50.731,12.5868,-8.5,9.72,2223,1333.62,352
08134,Langenbach,50.648,12.5972,-8.5,9.3208,2316,1389.6,296
08141,Reinsdorf,50.6924,12.5551,-8.5,9.72,2223,1333.62,347
08144,Ebersbrunn,50.6261,12.455,-8.5,9.72,2223,1333.62,407
08147,Crinitzberg,50.5767,12.4874,-8.5,9.72,2223,1333.62,462
08209,"Auerbach / Vogtland",50.479,12.4391,-8.5,8.8792,2459,1475.4,688
08223,"Falkenstein / Vogtland",50.4519,12.3576,-8.5,8.8792,2459,1475.4,734
08228,Rodewisch,50.5384,12.4192,-8.5,8.8792,2459,1475.4,474
08233,Treuen,50.5366,12.3053,-8.5,8.8792,2459,1475.4,425
08236,Ellefeld,50.483,12.3887,-8.5,8.8792,2459,1475.4,500
08237,Steinberg,50.5394,12.4777,-8.5,8.8792,2459,1475.4,610
08239,Bergen,50.4815,12.2927,-8.5,8.8792,2459,1475.4,449
08248,"Klingenthal / Sachsen",50.3865,12.4673,-8.5,6.071,3262,1957.32,724
08258,Markneukirchen,50.3086,12.343,-8.5,8.0373,2699,1619.16,496
08261,"Schöneck / Vogtland",50.389,12.3312,-8.5,8.0373,2699,1619.16,677
08262,"Tannenbergsthal / Vogtland",50.4376,12.5017,-8.5,6.071,3262,1957.32,758
08267,Zwota,50.3635,12.4183,-8.5,8.0373,2699,1619.16,655
08280,Aue,50.5865,12.7038,-8.5,9.3208,2316,1389.6,352
08289,Schneeberg,50.5949,12.6214,-8.5,9.3208,2316,1389.6,516
08294,Lößnitz,50.6201,12.7445,-8.5,9.3208,2316,1389.6,472
08297,Zwönitz,50.6525,12.8315,-8.5,9.3208,2316,1389.6,484
08301,Schlema,50.6165,12.6634,-8.5,9.3208,2316,1389.6,482
08304,Schönheide,50.4993,12.5181,-8.5,6.071,3262,1957.32,722
08309,Eibenstock,50.4679,12.603,-8.5,6.071,3262,1957.32,871
08315,Bernsbach,50.5642,12.7351,-8.5,9.3208,2316,1389.6,471
08321,Zschorlau,50.55,12.6409,-8.5,9.3208,2316,1389.6,647
08324,Bockau,50.5266,12.6822,-8.5,9.3208,2316,1389.6,607
08328,Stützengrün,50.5408,12.5546,-8.5,9.3208,2316,1389.6,637
08340,"Schwarzenberg / Erzgebirge",50.5266,12.7898,-8.5,9.3208,2316,1389.6,461
08344,-,50.5739,12.8116,-8.5,9.3208,2316,1389.6,672
08349,Johanngeorgenstadt,50.4332,12.6956,-8.5,6.071,3262,1957.32,859
08352,Raschau,50.5191,12.8678,-8.5,4.5701,3807,2284.14,768
08359,"Breitenbrunn / Erzgebirge",50.4698,12.7747,-8.5,6.071,3262,1957.32,764
08371,Glauchau,50.8145,12.5516,-8.5,9.72,2223,1333.62,291
08373,Glauchau,50.8594,12.5757,-8.5,9.8458,2183,1309.74,245
08393,Meerane,50.8654,12.4889,-8.5,9.8458,2183,1309.74,282
08396,Waldenburg,50.8853,12.6097,-8.5,9.4559,2295,1376.76,291
08412,Werdau,50.7408,12.375,-8.5,9.72,2223,1333.62,294
08427,Fraureuth,50.6916,12.3483,-8.5,9.72,2223,1333.62,321
08428,Langenbernsdorf,50.7585,12.3012,-8.5,9.72,2223,1333.62,310
08451,Crimmitschau,50.8283,12.383,-8.5,9.72,2223,1333.62,252
08459,"Neukirchen / Pleiße",50.7886,12.3834,-8.5,9.72,2223,1333.62,253
08468,"Reichenbach / Vogtland",50.6164,12.3114,-8.5,8.8792,2459,1475.4,344
08485,Lengenfeld,50.5828,12.3788,-8.5,8.8792,2459,1475.4,422
08491,Netzschkau,50.5999,12.2476,-8.5,8.8792,2459,1475.4,406
08496,Neumark,50.6508,12.3587,-8.5,9.72,2223,1333.62,384
08499,Mylau,50.6226,12.2656,-8.5,8.8792,2459,1475.4,359
08523,Plauen,50.4942,12.1156,-8.5,9.1885,2374,1424.16,400
08525,Plauen,50.5239,12.1001,-8.5,9.1885,2374,1424.16,428
08527,Plauen,50.467,12.1348,-8.5,9.1885,2374,1424.16,468
08529,Plauen,50.5004,12.1725,-8.5,9.1885,2374,1424.16,357
08538,Weischlitz,50.4393,11.9998,-8.5,9.1885,2374,1424.16,499
08539,Mehltheuer,50.5253,11.9944,-8.5,9.1885,2374,1424.16,477
08541,Neuensalz,50.506,12.2316,-8.5,8.8792,2459,1475.4,406
08543,Pöhl,50.557,12.1926,-8.5,8.8792,2459,1475.4,394
08547,Jößnitz,50.5513,12.1329,-8.5,9.1885,2374,1424.16,421
08548,Syrau,50.5596,12.0935,-8.5,9.1885,2374,1424.16,476
08606,Oelsnitz,50.4011,12.1214,-8.5,9.1885,2374,1424.16,474
08626,Adorf,50.3426,12.2277,-8.5,8.0373,2699,1619.16,499
08645,"Bad Elster",50.2846,12.2591,-8.5,8.0373,2699,1619.16,608
08648,"Bad Brambach",50.243,12.3047,-8.5,8.0373,2699,1619.16,566
09111,Chemnitz,50.8351,12.9229,-8.5,9.4559,2295,1376.76,303
09112,Chemnitz,50.832,12.905,-8.5,9.4559,2295,1376.76,329
09113,Chemnitz,50.8461,12.9101,-8.5,9.4559,2295,1376.76,318
09114,Chemnitz,50.8735,12.9086,-8.5,9.4559,2295,1376.76,288
09116,Chemnitz,50.829,12.8714,-8.5,9.4559,2295,1376.76,314
09117,Chemnitz,50.8237,12.8324,-8.5,9.4559,2295,1376.76,336
09119,Chemnitz,50.815,12.893,-8.5,9.4559,2295,1376.76,343
09120,Chemnitz,50.8091,12.9087,-8.5,9.4559,2295,1376.76,309
09122,Chemnitz,50.7968,12.8792,-8.5,9.4559,2295,1376.76,374
09123,Chemnitz,50.7532,12.9235,-8.5,9.4559,2295,1376.76,439
09125,Chemnitz,50.7868,12.9387,-8.5,9.4559,2295,1376.76,386
09126,Chemnitz,50.8179,12.9358,-8.5,9.4559,2295,1376.76,322
09127,Chemnitz,50.8152,12.986,-8.5,9.4559,2295,1376.76,378
09128,Chemnitz,50.8309,13.0275,-8.5,9.4559,2295,1376.76,412
09130,Chemnitz,50.838,12.9496,-8.5,9.4559,2295,1376.76,337
09131,Chemnitz,50.8598,12.9654,-8.5,9.4559,2295,1376.76,334
09212,Limbach-Oberfrohna,50.8594,12.7216,-8.5,9.4559,2295,1376.76,365
09217,Burgstädt,50.9237,12.8035,-8.5,9.4559,2295,1376.76,289
09221,"Neukirchen / Erzgebirge",50.7759,12.8569,-8.5,9.4559,2295,1376.76,371
09224,Grüna,50.8132,12.7932,-8.5,9.4559,2295,1376.76,347
09228,Wittgensdorf,50.8848,12.8631,-8.5,9.4559,2295,1376.76,337
09232,Hartmannsdorf,50.8847,12.7953,-8.5,9.4559,2295,1376.76,327
09235,Burkhardtsdorf,50.7311,12.9076,-8.5,9.4559,2295,1376.76,428
09236,Claußnitz,50.9332,12.8696,-8.5,9.4559,2295,1376.76,301
09241,Mühlau,50.9027,12.7662,-8.5,9.4559,2295,1376.76,304
09243,Niederfrohna,50.8894,12.7303,-8.5,9.4559,2295,1376.76,301
09244,Lichtenau,50.922,12.9606,-8.5,9.4559,2295,1376.76,331
09247,Röhrsdorf,50.8623,12.8352,-8.5,9.4559,2295,1376.76,350
09249,"Taura bei Burgstädt",50.9108,12.8431,-8.5,9.4559,2295,1376.76,328
09306,Rochlitz,51.0306,12.8155,-8.5,9.6882,2228,1336.86,214
09322,Penig,50.9538,12.6644,-8.5,9.8458,2183,1309.74,241
09326,Geringswalde,51.0743,12.9124,-8.5,9.6882,2228,1336.86,246
09328,Lunzenau,50.9602,12.762,-8.5,9.6882,2228,1336.86,224
09337,Hohenstein-Ernstthal,50.8314,12.6844,-8.5,9.4559,2295,1376.76,347
09350,"Lichtenstein / Sachsen",50.7484,12.6346,-8.5,9.72,2223,1333.62,328
09353,Oberlungwitz,50.7858,12.7278,-8.5,9.4559,2295,1376.76,321
09355,Gersdorf,50.7584,12.7006,-8.5,9.4559,2295,1376.76,341
09356,"Sankt Egidien",50.7977,12.6218,-8.5,9.4559,2295,1376.76,344
09366,"Stollberg / Erzgebirge",50.6882,12.7654,-8.5,9.3208,2316,1389.6,455
09376,"Oelsnitz / Erzgebirge",50.7203,12.7029,-8.5,9.4559,2295,1376.76,371
09380,"Thalheim / Erzgebirge",50.6985,12.8504,-8.5,9.4559,2295,1376.76,446
09385,"Lugau / Erzgebirge",50.7545,12.7471,-8.5,9.4559,2295,1376.76,376
09387,Jahnsdorf,50.7596,12.8277,-8.5,9.4559,2295,1376.76,371
09390,Gornsdorf,50.7031,12.8815,-8.5,9.4559,2295,1376.76,466
09392,Auerbach,50.6866,12.91,-8.5,9.4559,2295,1376.76,551
09394,Hohndorf,50.7423,12.6735,-8.5,9.4559,2295,1376.76,369
09399,Niederwürschnitz,50.7276,12.7592,-8.5,9.4559,2295,1376.76,412
09405,Zschopau,50.7467,13.0634,-8.5,7.9055,2707,1624.2,358
09419,Thum,50.6718,12.9424,-8.5,9.4559,2295,1376.76,560
09423,"Gelenau / Erzgebirge",50.7089,12.9429,-8.5,9.4559,2295,1376.76,572
09427,Ehrenfriedersdorf,50.6424,12.9565,-8.5,7.9055,2707,1624.2,575
09429,Wolkenstein,50.6535,13.0866,-8.5,7.9055,2707,1624.2,504
09430,Drebach,50.6947,13.0214,-8.5,7.9055,2707,1624.2,498
09432,Großolbersdorf,50.6969,13.0883,-8.5,7.9055,2707,1624.2,497
09434,Krumhermersdorf,50.7367,13.1049,-8.5,7.9055,2707,1624.2,462
09437,"Waldkirchen / Erzgebirge",50.726,13.1411,-8.5,7.9055,2707,1624.2,538
09439,Amtsberg,50.7463,12.9972,-8.5,9.4559,2295,1376.76,428
09456,Annaberg-Buchholz,50.5768,13.0787,-8.5,7.9055,2707,1624.2,635
09465,Sehma,50.4927,12.9848,-8.5,4.5701,3807,2284.14,778
09468,Geyer,50.6274,12.9119,-8.5,9.3208,2316,1389.6,667
09471,Bärenstein,50.5346,13.0522,-8.5,4.5701,3807,2284.14,573
09474,Crottendorf,50.4931,12.9267,-8.5,4.5701,3807,2284.14,732
09477,Jöhstadt,50.5327,13.152,-8.5,7.9055,2707,1624.2,796
09481,Scheibenberg,50.5835,12.871,-8.5,9.3208,2316,1389.6,601
09484,Oberwiesenthal,50.435,12.9614,-8.5,4.5701,3807,2284.14,1025
09487,Schlettau,50.5649,12.9588,-8.5,4.5701,3807,2284.14,626
09488,Wiesa,50.6202,13.0111,-8.5,7.9055,2707,1624.2,554
09496,Marienberg,50.6191,13.1997,-8.5,7.9055,2707,1624.2,679
09509,"Pockau / Flöhatal",50.7117,13.2549,-8.5,7.9055,2707,1624.2,542
09514,Lengefeld,50.7218,13.1849,-8.5,7.9055,2707,1624.2,505
09518,Großrückerswalde,50.6244,13.1093,-8.5,7.9055,2707,1624.2,529
09526,Olbernhau,50.6674,13.3315,-8.5,6.8542,3017,1809.96,467
09544,"Neuhausen / Erzgebirge",50.6835,13.501,-8.5,6.8542,3017,1809.96,706
09548,"Seiffen / Erzgebirge",50.6351,13.4651,-8.5,6.8542,3017,1809.96,752
09557,Flöha,50.8531,13.0864,-8.5,9.4559,2295,1376.76,283
09569,Oederan,50.8709,13.1881,-8.5,10.0375,2140,1284.3,450
09573,Leubsdorf,50.8155,13.111,-8.5,9.4559,2295,1376.76,389
09575,Eppendorf,50.7997,13.2458,-8.5,7.9055,2707,1624.2,476
09577,Niederwiesa,50.869,13.0175,-8.5,9.4559,2295,1376.76,286
09579,Borstendorf,50.7712,13.1751,-8.5,7.9055,2707,1624.2,407
09599,Freiberg,50.9097,13.333,-8.5,10.0375,2140,1284.3,413
09600,Freiberg,50.9125,13.2468,-8.5,10.0375,2140,1284.3,376
09603,Großschirma,50.9916,13.2804,-8.5,10.0375,2140,1284.3,359
09618,Brand-Erbisdorf,50.854,13.2969,-8.5,10.0375,2140,1284.3,492
09619,"Mulda / Sachsen",50.7617,13.4155,-8.5,6.8542,3017,1809.96,596
09623,Frauenstein,50.76,13.5264,-8.5,6.8542,3017,1809.96,629
09627,Bobritzsch,50.8929,13.4394,-8.5,8.8627,2453,1471.56,414
09629,Reinsberg,51.0114,13.3954,-8.5,10.0375,2140,1284.3,337
09633,Halsbrücke,50.9628,13.3823,-8.5,10.0375,2140,1284.3,384
09634,Siebenlehn,51.0375,13.3545,-8.5,10.0375,2140,1284.3,293
09638,"Lichtenberg / Erzgebirge",50.8405,13.4074,-8.5,10.0375,2140,1284.3,414
09648,Mittweida,50.9925,12.9779,-8.5,9.6882,2228,1336.86,289
09661,Hainichen,50.9905,13.1439,-8.5,10.0375,2140,1284.3,270
09669,Frankenberg,50.9148,13.066,-8.5,9.4559,2295,1376.76,315
10115,Berlin,52.5309,13.3829,-8.5,10.9885,1967,1180.44,42
10117,Berlin,52.5159,13.3877,-8.5,10.9885,1967,1180.44,38
10119,Berlin,52.5305,13.4053,-8.5,10.9885,1967,1180.44,54
10178,Berlin,52.5194,13.4038,-8.5,10.9885,1967,1180.44,40
10179,Berlin,52.5115,13.4166,-8.5,10.9885,1967,1180.44,46
10243,Berlin,52.5109,13.4405,-8.5,10.9885,1967,1180.44,41
10245,Berlin,52.5046,13.4594,-8.5,10.9885,1967,1180.44,36
10247,Berlin,52.5153,13.4675,-8.5,10.9885,1967,1180.44,50
10249,Berlin,52.5225,13.4447,-8.5,10.9885,1967,1180.44,52
10315,Berlin,52.5108,13.5132,-8.5,10.6879,2013,1207.86,47
10317,Berlin,52.4984,13.4864,-8.5,10.9885,1967,1180.44,36
10318,Berlin,52.4833,13.5315,-8.5,10.6879,2013,1207.86,43
10319,Berlin,52.4993,13.5204,-8.5,10.6879,2013,1207.86,39
10365,Berlin,52.5215,13.4962,-8.5,10.6879,2013,1207.86,55
10367,Berlin,52.519,13.4808,-8.5,10.9885,1967,1180.44,53
10369,Berlin,52.5289,13.4703,-8.5,10.9885,1967,1180.44,56
10405,Berlin,52.5334,13.4238,-8.5,10.9885,1967,1180.44,63
10407,Berlin,52.5322,13.4494,-8.5,10.9885,1967,1180.44,52
10409,Berlin,52.5436,13.4429,-8.5,10.9885,1967,1180.44,51
10435,Berlin,52.5373,13.4113,-8.5,10.9885,1967,1180.44,63
10437,Berlin,52.5453,13.4137,-8.5,10.9885,1967,1180.44,58
10439,Berlin,52.5532,13.4091,-8.5,10.9885,1967,1180.44,57
10551,Berlin,52.5308,13.3372,-8.5,10.6899,2003,1201.86,46
10553,Berlin,52.5308,13.3215,-8.5,10.6899,2003,1201.86,36
10555,Berlin,52.5212,13.3362,-8.5,10.9885,1967,1180.44,47
10557,Berlin,52.5228,13.3644,-8.5,10.9885,1967,1180.44,41
10559,Berlin,52.5289,13.3489,-8.5,10.9885,1967,1180.44,40
10585,Berlin,52.5151,13.3056,-8.5,10.6899,2003,1201.86,44
10587,Berlin,52.5194,13.3236,-8.5,10.6899,2003,1201.86,36
10589,Berlin,52.5277,13.306,-8.5,10.6899,2003,1201.86,38
10623,Berlin,52.509,13.3275,-8.5,10.9885,1967,1180.44,43
10625,Berlin,52.5093,13.3146,-8.5,10.6899,2003,1201.86,45
10627,Berlin,52.5079,13.3024,-8.5,10.3781,2056,1233.42,41
10629,Berlin,52.503,13.3083,-8.5,10.3781,2056,1233.42,44
10707,Berlin,52.4963,13.3139,-8.5,10.3781,2056,1233.42,44
10709,Berlin,52.4948,13.3029,-8.5,10.3781,2056,1233.42,44
10711,Berlin,52.4983,13.2905,-8.5,10.3781,2056,1233.42,53
10713,Berlin,52.4847,13.3133,-8.5,10.3781,2056,1233.42,49
10715,Berlin,52.4823,13.3289,-8.5,10.3781,2056,1233.42,51
10717,Berlin,52.4913,13.3274,-8.5,10.3781,2056,1233.42,49
10719,Berlin,52.499,13.3258,-8.5,10.3781,2056,1233.42,45
10777,Berlin,52.4971,13.3427,-8.5,10.9885,1967,1180.44,44
10779,Berlin,52.4917,13.3396,-8.5,10.3781,2056,1233.42,44
10781,Berlin,52.4936,13.3512,-8.5,10.9129,1961,1176.78,44
10783,Berlin,52.4955,13.3642,-8.5,10.9885,1967,1180.44,45
10785,Berlin,52.5072,13.3642,-8.5,10.9885,1967,1180.44,41
10787,Berlin,52.5086,13.3437,-8.5,10.9885,1967,1180.44,36
10789,Berlin,52.5022,13.337,-8.5,10.9885,1967,1180.44,47
10823,Berlin,52.4877,13.3508,-8.5,10.9129,1961,1176.78,47
10825,Berlin,52.484,13.3408,-8.5,10.3781,2056,1233.42,48
10827,Berlin,52.4819,13.3513,-8.5,10.9129,1961,1176.78,45
10829,Berlin,52.4802,13.361,-8.5,10.9129,1961,1176.78,58
10961,Berlin,52.4931,13.3974,-8.5,10.9129,1961,1176.78,49
10963,Berlin,52.5005,13.3821,-8.5,10.9885,1967,1180.44,46
10965,Berlin,52.4825,13.4037,-8.5,10.9129,1961,1176.78,46
10967,Berlin,52.49,13.4176,-8.5,10.9129,1961,1176.78,45
10969,Berlin,52.5029,13.4014,-8.5,10.9885,1967,1180.44,40
10997,Berlin,52.5019,13.4343,-8.5,10.9885,1967,1180.44,46
10999,Berlin,52.4967,13.4265,-8.5,10.9885,1967,1180.44,41
12043,Berlin,52.4777,13.4408,-8.5,10.9129,1961,1176.78,47
12045,Berlin,52.4864,13.4375,-8.5,10.9129,1961,1176.78,46
12047,Berlin,52.4898,13.429,-8.5,10.9129,1961,1176.78,47
12049,Berlin,52.476,13.4225,-8.5,10.9129,1961,1176.78,62
12051,Berlin,52.4665,13.4298,-8.5,10.9129,1961,1176.78,53
12053,Berlin,52.4783,13.4317,-8.5,10.9129,1961,1176.78,55
12055,Berlin,52.4713,13.4485,-8.5,10.9129,1961,1176.78,46
12057,Berlin,52.4676,13.4645,-8.5,10.9129,1961,1176.78,36
12059,Berlin,52.4807,13.4523,-8.5,10.9129,1961,1176.78,43
12099,Berlin,52.4656,13.4022,-8.5,10.9129,1961,1176.78,47
12101,Berlin,52.4783,13.3794,-8.5,10.9129,1961,1176.78,49
12103,Berlin,52.4651,13.3756,-8.5,10.9129,1961,1176.78,47
12105,Berlin,52.4479,13.3711,-8.5,10.9129,1961,1176.78,37
12107,Berlin,52.4295,13.397,-8.5,10.9129,1961,1176.78,49
12109,Berlin,52.4467,13.3979,-8.5,10.9129,1961,1176.78,50
12157,Berlin,52.4661,13.3491,-8.5,10.3781,2056,1233.42,51
12159,Berlin,52.4733,13.3368,-8.5,10.3781,2056,1233.42,48
12161,Berlin,52.4705,13.3254,-8.5,10.3781,2056,1233.42,52
12163,Berlin,52.4622,13.3217,-8.5,10.3781,2056,1233.42,54
12165,Berlin,52.4561,13.3138,-8.5,10.3781,2056,1233.42,63
12167,Berlin,52.4491,13.3278,-8.5,10.3781,2056,1233.42,45
12169,Berlin,52.4551,13.3438,-8.5,10.3781,2056,1233.42,61
12203,Berlin,52.4442,13.3096,-8.5,10.3781,2056,1233.42,51
12205,Berlin,52.4349,13.2944,-8.5,10.3781,2056,1233.42,49
12207,Berlin,52.4167,13.3057,-8.5,10.3781,2056,1233.42,44
12209,Berlin,52.416,13.329,-8.5,10.3781,2056,1233.42,49
12247,Berlin,52.4392,13.3378,-8.5,10.3781,2056,1233.42,46
12249,Berlin,52.425,13.3521,-8.5,10.3781,2056,1233.42,48
12277,Berlin,52.4134,13.3755,-8.5,10.9129,1961,1176.78,46
12279,Berlin,52.4101,13.353,-8.5,10.3781,2056,1233.42,48
12305,Berlin,52.4039,13.4018,-8.5,10.9129,1961,1176.78,47
12307,Berlin,52.3902,13.3928,-8.5,10.9129,1961,1176.78,47
12309,Berlin,52.3904,13.4173,-8.5,10.4463,2074,1244.16,45
12347,Berlin,52.4513,13.4279,-8.5,10.9129,1961,1176.78,42
12349,Berlin,52.424,13.4225,-8.5,10.9129,1961,1176.78,52
12351,Berlin,52.4353,13.4576,-8.5,10.9129,1961,1176.78,46
12353,Berlin,52.4241,13.4548,-8.5,10.9129,1961,1176.78,46
12355,Berlin,52.4111,13.5062,-8.5,10.4463,2074,1244.16,45
12357,Berlin,52.4284,13.492,-8.5,10.4463,2074,1244.16,37
12359,Berlin,52.4461,13.4491,-8.5,10.9129,1961,1176.78,45
12435,Berlin,52.485,13.4708,-8.5,10.9129,1961,1176.78,49
12437,Berlin,52.4612,13.4873,-8.5,10.9129,1961,1176.78,41
12439,Berlin,52.4476,13.5263,-8.5,10.4463,2074,1244.16,35
12459,Berlin,52.4648,13.522,-8.5,10.9129,1961,1176.78,42
12487,Berlin,52.4428,13.5043,-8.5,10.4463,2074,1244.16,40
12489,Berlin,52.4371,13.5472,-8.5,10.4463,2074,1244.16,41
12524,Berlin,52.4117,13.5422,-8.5,10.4463,2074,1244.16,52
12526,Berlin,52.3986,13.5648,-8.5,10.4463,2074,1244.16,43
12527,Berlin,52.3929,13.6157,-8.5,10.4463,2074,1244.16,53
12529,Schönefeld,52.3686,13.5112,-8.5,10.4463,2074,1244.16,43
12555,Berlin,52.4629,13.5811,-8.5,10.6879,2013,1207.86,42
12557,Berlin,52.4252,13.5953,-8.5,10.4463,2074,1244.16,36
12559,Berlin,52.4087,13.6619,-8.5,9.5989,2270,1361.94,41
12587,Berlin,52.4594,13.6401,-8.5,9.5989,2270,1361.94,51
12589,Berlin,52.4404,13.7082,-8.5,9.5989,2270,1361.94,46
12619,Berlin,52.5244,13.5888,-8.5,10.6879,2013,1207.86,56
12621,Berlin,52.5038,13.5881,-8.5,10.6879,2013,1207.86,54
12623,Berlin,52.5034,13.614,-8.5,10.6879,2013,1207.86,51
12627,Berlin,52.5366,13.6131,-8.5,10.6879,2013,1207.86,56
12629,Berlin,52.5425,13.5891,-8.5,10.6879,2013,1207.86,57
12679,Berlin,52.5485,13.558,-8.5,10.6879,2013,1207.86,66
12681,Berlin,52.5262,13.5316,-8.5,10.6879,2013,1207.86,61
12683,Berlin,52.5084,13.5588,-8.5,10.6879,2013,1207.86,56
12685,Berlin,52.5398,13.5653,-8.5,10.6879,2013,1207.86,58
12687,Berlin,52.5563,13.5701,-8.5,10.6879,2013,1207.86,63
12689,Berlin,52.567,13.5691,-8.5,10.6879,2013,1207.86,66
13051,Berlin,52.5828,13.4923,-8.5,10.3537,2065,1238.76,52
13053,Berlin,52.5524,13.5168,-8.5,10.6879,2013,1207.86,60
13055,Berlin,52.5419,13.5019,-8.5,10.6879,2013,1207.86,60
13057,Berlin,52.5776,13.5504,-8.5,10.6879,2013,1207.86,61
13059,Berlin,52.5807,13.5217,-8.5,10.6879,2013,1207.86,59
13086,Berlin,52.5561,13.4486,-8.5,10.9885,1967,1180.44,52
13088,Berlin,52.5645,13.4738,-8.5,10.6879,2013,1207.86,54
13089,Berlin,52.5729,13.4413,-8.5,10.9885,1967,1180.44,51
13125,Berlin,52.6332,13.485,-8.5,10.3537,2065,1238.76,51
13127,Berlin,52.6087,13.433,-8.5,10.3537,2065,1238.76,51
13129,Berlin,52.5929,13.4577,-8.5,10.3537,2065,1238.76,51
13156,Berlin,52.5803,13.3947,-8.5,10.6899,2003,1201.86,51
13158,Berlin,52.5968,13.3799,-8.5,10.6899,2003,1201.86,49
13159,Berlin,52.6205,13.3924,-8.5,10.3537,2065,1238.76,51
13187,Berlin,52.5655,13.4031,-8.5,10.9885,1967,1180.44,50
13189,Berlin,52.5631,13.42,-8.5,10.9885,1967,1180.44,56
13347,Berlin,52.5515,13.3642,-8.5,10.6899,2003,1201.86,45
13349,Berlin,52.557,13.3485,-8.5,10.6899,2003,1201.86,51
13351,Berlin,52.5515,13.3326,-8.5,10.6899,2003,1201.86,38
13353,Berlin,52.544,13.3519,-8.5,10.6899,2003,1201.86,40
13355,Berlin,52.5418,13.3902,-8.5,10.9885,1967,1180.44,52
13357,Berlin,52.5493,13.3797,-8.5,10.9885,1967,1180.44,49
13359,Berlin,52.5605,13.3863,-8.5,10.9885,1967,1180.44,44
13403,Berlin,52.5721,13.3245,-8.5,10.6899,2003,1201.86,41
13405,Berlin,52.5605,13.2973,-8.5,10.6899,2003,1201.86,34
13407,Berlin,52.5727,13.3495,-8.5,10.6899,2003,1201.86,47
13409,Berlin,52.5681,13.3719,-8.5,10.6899,2003,1201.86,48
13435,Berlin,52.6009,13.3408,-8.5,10.6899,2003,1201.86,49
13437,Berlin,52.5928,13.3281,-8.5,10.6899,2003,1201.86,46
13439,Berlin,52.5955,13.3569,-8.5,10.6899,2003,1201.86,56
13465,Berlin,52.6399,13.2949,-8.5,10.6899,2003,1201.86,58
13467,Berlin,52.6173,13.3071,-8.5,10.6899,2003,1201.86,46
13469,Berlin,52.6143,13.3454,-8.5,10.6899,2003,1201.86,56
13503,Berlin,52.614,13.2488,-8.5,10.6899,2003,1201.86,54
13505,Berlin,52.5819,13.2399,-8.5,10.6899,2003,1201.86,60
13507,Berlin,52.5761,13.2805,-8.5,10.6899,2003,1201.86,40
13509,Berlin,52.5854,13.3004,-8.5,10.6899,2003,1201.86,42
13581,Berlin,52.5304,13.1794,-8.5,10.6899,2003,1201.86,35
13583,Berlin,52.5427,13.1824,-8.5,10.6899,2003,1201.86,41
13585,Berlin,52.5459,13.2038,-8.5,10.6899,2003,1201.86,41
13587,Berlin,52.5788,13.1856,-8.5,10.6899,2003,1201.86,55
13589,Berlin,52.5577,13.1602,-8.5,10.6899,2003,1201.86,42
13591,Berlin,52.5369,13.1366,-8.5,10.6899,2003,1201.86,34
13593,Berlin,52.5169,13.1692,-8.5,10.6899,2003,1201.86,36
13595,Berlin,52.5115,13.1962,-8.5,10.3781,2056,1233.42,33
13597,Berlin,52.5248,13.2199,-8.5,10.6899,2003,1201.86,39
13599,Berlin,52.5459,13.2355,-8.5,10.6899,2003,1201.86,37
13627,Berlin,52.5397,13.2988,-8.5,10.6899,2003,1201.86,37
13629,Berlin,52.5398,13.2633,-8.5,10.6899,2003,1201.86,44
14050,Berlin,52.5218,13.2674,-8.5,10.6899,2003,1201.86,55
14052,Berlin,52.5155,13.256,-8.5,10.6899,2003,1201.86,59
14053,Berlin,52.5157,13.238,-8.5,10.6899,2003,1201.86,66
14055,Berlin,52.4984,13.2595,-8.5,10.3781,2056,1233.42,57
14057,Berlin,52.5067,13.2877,-8.5,10.3781,2056,1233.42,44
14059,Berlin,52.5207,13.2882,-8.5,10.6899,2003,1201.86,38
14089,Berlin,52.4714,13.1516,-8.5,10.3781,2056,1233.42,74
14109,Berlin,52.4195,13.144,-8.5,10.3704,2077,1246.08,57
14129,Berlin,52.445,13.2018,-8.5,10.3781,2056,1233.42,45
14163,Berlin,52.4378,13.2389,-8.5,10.3781,2056,1233.42,51
14165,Berlin,52.416,13.2557,-8.5,10.3781,2056,1233.42,43
14167,Berlin,52.4214,13.2769,-8.5,10.3781,2056,1233.42,47
14169,Berlin,52.4477,13.259,-8.5,10.3781,2056,1233.42,53
14193,Berlin,52.4831,13.2373,-8.5,10.3781,2056,1233.42,74
14195,Berlin,52.4574,13.2825,-8.5,10.3781,2056,1233.42,58
14197,Berlin,52.4736,13.312,-8.5,10.3781,2056,1233.42,46
14199,Berlin,52.4774,13.2937,-8.5,10.3781,2056,1233.42,52
14467,Potsdam,52.4005,13.0668,-8.5,10.3704,2077,1246.08,37
14469,Potsdam,52.4196,13.0265,-8.5,10.3704,2077,1246.08,42
14471,Potsdam,52.3784,13.0035,-8.5,10.3704,2077,1246.08,50
14473,Potsdam,52.3732,13.0473,-8.5,10.3704,2077,1246.08,65
14476,Potsdam,52.4796,12.9874,-8.5,10.3704,2077,1246.08,30
14478,Potsdam,52.3689,13.0925,-8.5,10.3704,2077,1246.08,43
14480,Potsdam,52.3733,13.1327,-8.5,10.3704,2077,1246.08,40
14482,Potsdam,52.3929,13.1038,-8.5,10.3704,2077,1246.08,39
14513,Teltow,52.3832,13.2729,-8.5,10.3781,2056,1233.42,43
14532,Kleinmachnow,52.3688,13.204,-8.5,10.3704,2077,1246.08,45
14542,"Werder / Havel",52.3838,12.8929,-8.5,10.3704,2077,1246.08,46
14547,Beelitz,52.2194,12.9586,-8.5,10.3704,2077,1246.08,53
14548,Caputh,52.3043,12.9258,-8.5,10.3704,2077,1246.08,69
14550,"Groß Kreutz",52.421,12.7713,-8.5,10.3704,2077,1246.08,45
14552,Michendorf,52.3117,13.0525,-8.5,10.3704,2077,1246.08,45
14554,"Seddiner See",52.2779,12.9974,-8.5,10.3704,2077,1246.08,71
14558,Bergholz-Rehbrücke,52.3248,13.1352,-8.5,10.3704,2077,1246.08,35
14612,Falkensee,52.5745,13.0818,-8.5,10.6899,2003,1201.86,35
14621,Schönwalde,52.639,13.064,-8.5,10.6899,2003,1201.86,50
14624,Dallgow,52.5128,13.0652,-8.5,10.3704,2077,1246.08,51
14641,Nauen,52.6237,12.8063,-8.5,10.3367,2065,1238.82,30
14656,Brieselang,52.5916,12.9679,-8.5,10.3367,2065,1238.82,32
14662,Friesack,52.725,12.6208,-8.5,10.3367,2065,1238.82,40
14669,Ketzin,52.5068,12.8455,-8.5,10.3367,2065,1238.82,34
14712,Rathenow,52.6237,12.3244,-8.5,10.2534,2080,1247.94,26
14715,Milow,52.6156,12.4926,-8.5,10.3367,2065,1238.82,57
14727,Premnitz,52.5442,12.3681,-8.5,10.5452,2004,1202.28,42
14728,Rhinow,52.7315,12.4234,-8.5,9.9707,2152,1291.44,60
14770,"Brandenburg / Havel",52.4034,12.508,-8.5,10.5452,2004,1202.28,33
14772,"Brandenburg / Havel",52.4401,12.4957,-8.5,10.5452,2004,1202.28,41
14774,"Brandenburg / Havel",52.3893,12.423,-8.5,10.5452,2004,1202.28,35
14776,"Brandenburg / Havel",52.3853,12.5734,-8.5,10.5452,2004,1202.28,28
14778,"Brandenburg / Havel",52.4947,12.6437,-8.5,10.3367,2065,1238.82,28
14789,Wusterwitz,52.3669,12.3474,-8.5,10.5452,2004,1202.28,32
14793,Ziesar,52.2545,12.358,-8.5,10.5452,2004,1202.28,60
14797,Lehnin,52.3363,12.7027,-8.5,10.5452,2004,1202.28,51
14798,Pritzerbe,52.5045,12.4798,-8.5,10.5452,2004,1202.28,29
14806,Belzig,52.1893,12.5706,-8.5,9.8044,2213,1327.86,133
14822,Brück,52.1993,12.7997,-8.5,9.8044,2213,1327.86,43
14823,Niemegk,52.0503,12.6603,-8.5,9.8044,2213,1327.86,95
14827,Wiesenburg,52.0896,12.4292,-8.5,9.8044,2213,1327.86,154
14828,Görzke,52.1674,12.3314,-8.5,9.8044,2213,1327.86,127
14913,Jüterbog,51.9779,13.0917,-8.5,10.0384,2164,1298.7,78
14929,Treuenbrietzen,52.0745,12.8761,-8.5,10.0384,2164,1298.7,93
14943,Luckenwalde,52.0919,13.1526,-8.5,10.0384,2164,1298.7,57
14947,Nuthe-Urstromtal,52.0481,13.2659,-8.5,10.1123,2128,1276.92,56
14959,Trebbin,52.2177,13.239,-8.5,10.3704,2077,1246.08,41
14974,Ludwigsfelde,52.2964,13.2865,-8.5,10.3781,2056,1233.42,44
14979,Großbeeren,52.3618,13.3284,-8.5,10.3781,2056,1233.42,46
15230,"Frankfurt / Oder",52.3406,14.5521,-8.5,10.2712,2116,1269.72,34
15232,"Frankfurt / Oder",52.3285,14.5423,-8.5,10.2712,2116,1269.72,72
15234,"Frankfurt / Oder",52.3568,14.4685,-8.5,10.2712,2116,1269.72,88
15236,"Frankfurt / Oder",52.2924,14.5159,-8.5,10.2712,2116,1269.72,91
15295,Brieskow-Finkenheerd,52.2324,14.6289,-8.5,9.9882,2189,1313.34,23
15299,Müllrose,52.1865,14.4041,-8.5,10.2888,2116,1269.48,69
15306,Seelow,52.5273,14.3631,-8.5,10.2712,2116,1269.72,48
15320,Neuhardenberg,52.6273,14.2271,-8.5,9.9879,2174,1304.22,11
15324,Letschin,52.6683,14.3662,-8.5,10.2712,2116,1269.72,7
15326,Lebus,52.4409,14.5072,-8.5,10.2712,2116,1269.72,56
15328,Manschnow,52.578,14.5294,-8.5,10.2712,2116,1269.72,11
15344,Strausberg,52.5723,13.8847,-8.5,9.9879,2174,1304.22,70
15345,Strausberg,52.6485,13.9443,-8.5,9.8951,2186,1311.78,113
15366,"Neuenhagen bei Berlin",52.5235,13.6809,-8.5,10.6879,2013,1207.86,64
15370,Fredersdorf-Vogelsdorf,52.5236,13.7596,-8.5,9.5989,2270,1361.94,55
15374,Müncheberg,52.5085,14.1391,-8.5,9.9879,2174,1304.22,59
15377,"Buckow / Märkische Schweiz",52.5879,14.0777,-8.5,9.9879,2174,1304.22,122
15378,Hennickendorf,52.4855,13.8525,-8.5,9.5989,2270,1361.94,41
15517,"Fürstenwalde / Spree",52.3812,14.0591,-8.5,9.9879,2174,1304.22,55
15518,"Fürstenwalde / Spree",52.3915,14.2139,-8.5,9.9879,2174,1304.22,52
15526,"Bad Saarow-Pieskow",52.2727,14.0422,-8.5,10.2888,2116,1269.48,40
15528,Spreenhagen,52.3463,13.9125,-8.5,9.5989,2270,1361.94,50
15537,Erkner,52.4098,13.8544,-8.5,9.5989,2270,1361.94,36
15562,"Rüdersdorf bei Berlin",52.468,13.7976,-8.5,9.5989,2270,1361.94,64
15566,"Schöneiche bei Berlin",52.4846,13.6988,-8.5,9.5989,2270,1361.94,47
15569,Woltersdorf,52.4573,13.752,-8.5,9.5989,2270,1361.94,52
15711,"Königs Wusterhausen",52.2931,13.6248,-8.5,10.4463,2074,1244.16,38
15712,"Königs Wusterhausen",52.2931,13.694,-8.5,9.5989,2270,1361.94,32
15713,"Königs Wusterhausen",52.3408,13.6921,-8.5,9.5989,2270,1361.94,47
15732,"Schulzendorf bei Eichenwade",52.3542,13.5872,-8.5,10.4463,2074,1244.16,50
15738,Zeuthen,52.3503,13.6198,-8.5,10.4463,2074,1244.16,39
15741,Bestensee,52.2265,13.6382,-8.5,10.4463,2074,1244.16,40
15745,Wildau,52.3197,13.6217,-8.5,10.4463,2074,1244.16,63
15746,"Groß Köris",52.1564,13.6985,-8.5,10.1123,2128,1276.92,55
15748,"Märkisch Buchholz",52.1375,13.8052,-8.5,10.1123,2128,1276.92,54
15749,Mittenwalde,52.2761,13.5441,-8.5,10.4463,2074,1244.16,37
15754,Senzig,52.2465,13.7714,-8.5,9.5989,2270,1361.94,53
15755,Teupitz,52.1196,13.604,-8.5,10.1123,2128,1276.92,37
15757,Halbe,52.0775,13.7137,-8.5,10.1123,2128,1276.92,46
15806,Zossen,52.1835,13.4948,-8.5,10.1123,2128,1276.92,78
15827,Blankenfelde,52.3351,13.4105,-8.5,10.4463,2074,1244.16,45
15831,Mahlow,52.363,13.4029,-8.5,10.4463,2074,1244.16,52
15834,Rangsdorf,52.2796,13.4529,-8.5,10.4463,2074,1244.16,37
15837,Baruth,52.0302,13.4811,-8.5,10.1123,2128,1276.92,105
15838,Wünsdorf,52.1418,13.3721,-8.5,10.1123,2128,1276.92,65
15848,Beeskow,52.1873,14.2346,-8.5,10.2888,2116,1269.48,42
15859,Storkow,52.233,13.9044,-8.5,10.2888,2116,1269.48,35
15864,"Wendisch Rietz",52.1933,13.9837,-8.5,10.2888,2116,1269.48,98
15868,Lieberose,52.0115,14.3308,-8.5,10.5055,2055,1233.06,75
15890,Eisenhüttenstadt,52.1749,14.5433,-8.5,9.9882,2189,1313.34,129
15898,Neuzelle,52.0737,14.6306,-8.5,9.9882,2189,1313.34,94
15907,"Lübben / Spreewald",51.9412,13.8909,-8.5,10.2463,2107,1264.2,54
15910,Schönwalde,51.9966,13.7546,-8.5,10.2463,2107,1264.2,68
15913,Straupitz,51.9721,14.0975,-8.5,10.2463,2107,1264.2,66
15926,Luckau,51.8222,13.6803,-8.5,10.2463,2107,1264.2,75
15936,Dahme,51.874,13.4167,-8.5,10.1466,2137,1282.32,89
15938,Golßen,51.9525,13.5916,-8.5,10.1123,2128,1276.92,67
16225,Eberswalde,52.8331,13.8117,-8.5,9.8951,2186,1311.78,24
16227,Eberswalde,52.8386,13.7316,-8.5,9.8951,2186,1311.78,37
16230,Eberswalde,52.8991,13.8994,-8.5,9.9211,2183,1309.74,65
16244,Finowfurt,52.9247,13.5643,-8.5,9.846,2195,1316.94,70
16247,Joachimsthal,52.9828,13.75,-8.5,9.9211,2183,1309.74,65
16248,Oderberg,52.8883,14.0291,-8.5,9.9211,2183,1309.74,89
16259,"Bad Freienwalde",52.794,14.0492,-8.5,9.8951,2186,1311.78,2
16269,Wriezen,52.716,14.0989,-8.5,9.8951,2186,1311.78,56
16278,Angermünde,53.0561,13.9867,-8.5,9.9211,2183,1309.74,54
16303,"Schwedt / Oder",53.1071,14.2485,-8.5,9.9211,2183,1309.74,12
16306,"Schwedt / Oder",53.2103,14.1633,-8.5,9.6718,2250,1349.76,57
16307,"Gartz / Oder",53.2546,14.3591,-8.5,9.6214,2259,1355.28,14
16321,"Bernau bei Berlin",52.692,13.5893,-8.5,10.3537,2065,1238.76,75
16341,Zepernick,52.6414,13.5443,-8.5,10.3537,2065,1238.76,91
16348,Klosterfelde,52.7885,13.536,-8.5,10.3537,2065,1238.76,83
16356,Werneuchen,52.651,13.7081,-8.5,9.8951,2186,1311.78,84
16359,Biesenthal,52.7695,13.6387,-8.5,9.8951,2186,1311.78,52
16515,Oranienburg,52.7819,13.2985,-8.5,9.846,2195,1316.94,61
16540,"Hohen Neuendorf bei Berlin",52.6614,13.2628,-8.5,10.6899,2003,1201.86,60
16547,"Birkenwerder bei Berlin",52.7123,13.3208,-8.5,10.3537,2065,1238.76,73
16548,"Glienicke / Nordbahn",52.6326,13.3277,-8.5,10.6899,2003,1201.86,54
16552,Schildow,52.6418,13.3696,-8.5,10.3537,2065,1238.76,45
16556,"Hohen Neuendorf bei Berlin",52.7192,13.2757,-8.5,10.6899,2003,1201.86,42
16559,Liebenwalde,52.8592,13.3971,-8.5,9.846,2195,1316.94,39
16562,"Hohen Neuendorf bei Berlin",52.685,13.3226,-8.5,10.6899,2003,1201.86,75
16567,Mühlenbeck,52.6759,13.373,-8.5,10.3537,2065,1238.76,61
16727,Velten,52.6786,13.1422,-8.5,10.6899,2003,1201.86,43
16761,"Hennigsdorf bei Berlin",52.6369,13.198,-8.5,10.6899,2003,1201.86,37
16766,Kremmen,52.7879,13.03,-8.5,9.8071,2191,1314.6,47
16767,Leegebruch,52.719,13.1982,-8.5,10.6899,2003,1201.86,35
16775,Gransee,53.0307,13.1238,-8.5,9.5375,2280,1367.94,57
16792,Zehdenick,53.0084,13.3436,-8.5,9.846,2195,1316.94,50
16798,Fürstenberg,53.1968,13.1508,-8.5,9.5375,2280,1367.94,71
16816,Neuruppin,52.9152,12.7857,-8.5,9.8071,2191,1314.6,44
16818,Neuruppin,52.9836,12.6994,-8.5,9.8071,2191,1314.6,85
16827,Neuruppin,52.9842,12.8663,-8.5,9.8071,2191,1314.6,62
16831,Rheinsberg,53.101,12.8975,-8.5,9.5375,2280,1367.94,63
16833,Fehrbellin,52.7625,12.7794,-8.5,9.8071,2191,1314.6,43
16835,Lindow,52.9505,12.9876,-8.5,9.8071,2191,1314.6,49
16837,"Flecken Zechlin",53.1475,12.7545,-8.5,9.5529,2247,1348.02,93
16845,"Neustadt / Dosse",52.8344,12.382,-8.5,9.9707,2152,1291.44,29
16866,Kyritz,52.9803,12.2634,-8.5,9.9707,2152,1291.44,56
16868,"Wusterhausen / Dosse",52.9005,12.4643,-8.5,9.9707,2152,1291.44,35
16909,Wittstock,53.1537,12.4903,-8.5,9.5529,2247,1348.02,62
16928,Pritzwalk,53.1275,12.1327,-8.5,9.5529,2247,1348.02,102
16945,Meyenburg,53.3118,12.2062,-8.5,9.8025,2171,1302.6,80
16949,Putlitz,53.2505,12.0584,-8.5,9.8025,2171,1302.6,60
17033,Neubrandenburg,53.5431,13.2446,-8.5,9.7115,2208,1324.5,13
17034,Neubrandenburg,53.575,13.2902,-8.5,9.7115,2208,1324.5,21
17036,Neubrandenburg,53.5426,13.3092,-8.5,9.7115,2208,1324.5,63
17039,Brunn,53.6259,13.3666,-8.5,9.7115,2208,1324.5,66
17087,Altentreptow,53.6937,13.2329,-8.5,9.7115,2208,1324.5,45
17089,Burow,53.7511,13.3103,-8.5,9.7115,2208,1324.5,17
17091,Rosenow,53.6449,13.1085,-8.5,9.7115,2208,1324.5,53
17094,"Burg Stargard",53.479,13.3099,-8.5,9.7115,2208,1324.5,62
17098,Friedland,53.6601,13.55,-8.5,9.7115,2208,1324.5,18
17099,Kotelow,53.6488,13.6545,-8.5,9.6871,2216,1329.84,20
17109,Demmin,53.92,13.0267,-8.5,9.4186,2256,1353.72,16
17111,Demmin,53.8086,13.0221,-8.5,9.7115,2208,1324.5,46
17121,Loitz,53.9848,13.1678,-8.5,9.7025,2186,1311.78,10
17126,Jarmen,53.9155,13.3284,-8.5,9.7025,2186,1311.78,15
17129,Bentzin,53.8719,13.2315,-8.5,9.7025,2186,1311.78,20
17139,Malchin,53.72,12.7654,-8.5,9.7271,2177,1306.32,2
17153,Stavenhagen,53.676,12.9229,-8.5,9.8962,2168,1300.5,73
17154,Neukalen,53.8256,12.7803,-8.5,9.7271,2177,1306.32,1
17159,Dargun,53.9069,12.8544,-8.5,9.4186,2256,1353.72,19
17166,Teterow,53.7337,12.5612,-8.5,9.7271,2177,1306.32,66
17168,Jördenstorf,53.8656,12.5766,-8.5,9.7271,2177,1306.32,31
17179,Gnoien,53.9769,12.6797,-8.5,9.4186,2256,1353.72,23
17192,"Waren / Müritz",53.5067,12.7411,-8.5,9.8962,2168,1300.5,76
17194,Grabowhöfe,53.5855,12.5412,-8.5,9.8962,2168,1300.5,69
17207,"Röbel / Müritz",53.3863,12.6031,-8.5,9.8962,2168,1300.5,67
17209,Wredenhagen,53.3271,12.4552,-8.5,9.5529,2247,1348.02,77
17213,Malchow,53.4622,12.4059,-8.5,9.8962,2168,1300.5,88
17214,"Nossentiner Hütte",53.5365,12.3487,-8.5,9.7277,2186,1311.66,80
17217,Penzlin,53.513,13.0963,-8.5,9.7115,2208,1324.5,56
17219,Möllenhagen,53.5268,12.94,-8.5,9.8962,2168,1300.5,96
17235,Neustrelitz,53.325,13.0935,-8.5,9.3118,2326,1395.42,63
17237,Blankensee,53.3661,13.209,-8.5,9.3118,2326,1395.42,101
17248,Rechlin,53.3379,12.7637,-8.5,9.8962,2168,1300.5,77
17252,Mirow,53.2494,12.8299,-8.5,9.5375,2280,1367.94,65
17255,Wesenberg,53.2363,13.0052,-8.5,9.5375,2280,1367.94,68
17258,Feldberg,53.3391,13.4035,-8.5,9.3118,2326,1395.42,146
17268,Templin,53.1388,13.5676,-8.5,9.3118,2326,1395.42,86
17279,Lychen,53.2221,13.327,-8.5,9.3118,2326,1395.42,65
17291,Prenzlau,53.2853,13.9295,-8.5,9.6718,2250,1349.76,58
17309,Pasewalk,53.4981,13.9951,-8.5,9.6718,2250,1349.76,34
17321,Löcknitz,53.446,14.2847,-8.5,9.6214,2259,1355.28,24
17322,Grambow,53.5486,14.283,-8.5,9.6214,2259,1355.28,35
17326,Brüssow,53.3804,14.1601,-8.5,9.6214,2259,1355.28,35
17328,Penkun,53.2986,14.2156,-8.5,9.6214,2259,1355.28,35
17329,Nadrensee,53.3316,14.3298,-8.5,9.6214,2259,1355.28,30
17335,Strasburg,53.5419,13.7512,-8.5,9.6718,2250,1349.76,72
17337,Trebenow,53.4452,13.8358,-8.5,9.6718,2250,1349.76,54
17348,Woldegk,53.4639,13.5717,-8.5,9.3118,2326,1395.42,118
17349,Groß-Miltzow,53.5598,13.5695,-8.5,9.7115,2208,1324.5,60
17358,Torgelow,53.6159,13.974,-8.5,9.7534,2198,1318.92,31
17367,Eggesin,53.6425,14.1309,-8.5,9.7534,2198,1318.92,16
17373,Ueckermünde,53.7323,14.0551,-8.5,9.7534,2198,1318.92,0
17375,Ueckermünde,53.6593,14.232,-8.5,9.7534,2198,1318.92,20
17379,Ferdinandshof,53.6592,13.8425,-8.5,9.7534,2198,1318.92,6
17389,Anklam,53.843,13.6894,-8.5,9.6871,2216,1329.84,11
17390,"Klein Bünzow",53.9201,13.6798,-8.5,9.6871,2216,1329.84,31
17391,Krien,53.8539,13.4449,-8.5,9.6871,2216,1329.84,8
17392,Spantekow,53.7522,13.5746,-8.5,9.6871,2216,1329.84,33
17398,Ducherow,53.7802,13.77,-8.5,9.6871,2216,1329.84,6
17406,Usedom,53.8901,13.9576,-8.5,9.7534,2198,1318.92,44
17419,Ahlbeck,53.8944,14.1379,-8.5,9.7534,2198,1318.92,1
17424,Heringsdorf,53.9485,14.1477,-8.5,9.7534,2198,1318.92,3
17429,Bansin,53.9468,14.0772,-8.5,9.7534,2198,1318.92,-1
17438,Wolgast,54.0313,13.7184,-8.5,9.3608,2280,1368.24,28
17440,Kröslin,53.9629,13.8028,-8.5,9.6871,2216,1329.84,18
17449,Karlshagen,54.0888,13.8373,-8.5,9.3608,2280,1368.24,-1
17454,Zinnowitz,54.0745,13.902,-8.5,9.3608,2280,1368.24,2
17459,Koserow,54.0339,14.0183,-8.5,9.3608,2280,1368.24,22
17489,Greifswald,54.0817,13.3778,-8.5,9.7025,2186,1311.78,6
17491,Greifswald,54.0742,13.4269,-8.5,9.7025,2186,1311.78,10
17493,Greifswald,54.0763,13.4593,-8.5,9.7025,2186,1311.78,26
17495,Karlsburg,53.9856,13.5475,-8.5,9.7025,2186,1311.78,40
17498,Neuenkirchen,54.0422,13.3223,-8.5,9.7025,2186,1311.78,31
17506,Gützkow,53.95,13.4329,-8.5,9.7025,2186,1311.78,25
17509,Lubmin,54.0836,13.6102,-8.5,9.7025,2186,1311.78,4
18055,Rostock,54.0793,12.1747,-8.5,9.4268,2241,1344.48,49
18057,Rostock,54.0917,12.1077,-8.5,10.2019,2038,1222.5,12
18059,Rostock,54.0325,12.1022,-8.5,9.4268,2241,1344.48,44
18069,Rostock,54.1035,12.0255,-8.5,10.2019,2038,1222.5,16
18106,Rostock,54.1221,12.0536,-8.5,10.2019,2038,1222.5,6
18107,Rostock,54.1561,12.005,-8.5,10.2019,2038,1222.5,17
18109,Rostock,54.1535,12.0663,-8.5,10.2019,2038,1222.5,7
18119,Rostock,54.1718,12.0899,-8.5,10.2019,2038,1222.5,5
18146,Rostock,54.193,12.1799,-8.5,10.2019,2038,1222.5,16
18147,Rostock,54.1241,12.1189,-8.5,10.2019,2038,1222.5,5
18181,Graal-Müritz,54.2407,12.2352,-8.5,10.2019,2038,1222.5,4
18182,Gelbensande,54.1445,12.235,-8.5,9.4268,2241,1344.48,18
18184,Broderstorf,54.0884,12.2723,-8.5,9.4268,2241,1344.48,41
18190,Sanitz,54.0677,12.3844,-8.5,9.4268,2241,1344.48,46
18195,Tessin,54.0275,12.4826,-8.5,9.4268,2241,1344.48,7
18196,Dummerstorf,54.0078,12.2389,-8.5,9.4268,2241,1344.48,46
18198,Kritzmow,54.0582,12.0323,-8.5,10.2019,2038,1222.5,49
18209,"Bad Doberan",54.1158,11.8524,-8.5,10.2019,2038,1222.5,13
18211,Börgerende-Rethwisch,54.139,11.9536,-8.5,10.2019,2038,1222.5,4
18225,Kühlungsborn,54.1383,11.7461,-8.5,10.2019,2038,1222.5,23
18230,Rerik,54.0984,11.6755,-8.5,9.9934,2089,1253.52,41
18233,Neubukow,54.0154,11.6555,-8.5,9.9934,2089,1253.52,61
18236,Kröpelin,54.0535,11.8021,-8.5,10.2019,2038,1222.5,43
18239,Satow,54.0174,11.9384,-8.5,10.2019,2038,1222.5,44
18246,Bützow,53.8573,11.9499,-8.5,9.6022,2210,1326.3,22
18249,Warnow,53.773,11.958,-8.5,9.7277,2186,1311.66,62
18258,Schwaan,53.9323,12.0798,-8.5,9.6022,2210,1326.3,30
18273,Güstrow,53.8031,12.2117,-8.5,9.6022,2210,1326.3,36
18276,Güstrow,53.7167,12.0937,-8.5,9.7277,2186,1311.66,85
18279,Lalendorf,53.7586,12.3929,-8.5,9.7271,2177,1306.32,42
18292,"Krakow am See",53.6503,12.3135,-8.5,9.7277,2186,1311.66,52
18299,Laage,53.9168,12.3343,-8.5,9.6022,2210,1326.3,12
18311,Ribnitz-Damgarten,54.2214,12.3981,-8.5,9.4268,2241,1344.48,7
18314,Löbnitz,54.3077,12.7,-8.5,9.3679,2247,1348.26,10
18317,Saal,54.3094,12.5337,-8.5,9.3679,2247,1348.26,9
18320,Trinwillershagen,54.2379,12.5963,-8.5,9.3679,2247,1348.26,18
18334,"Bad Sülze",54.0927,12.6647,-8.5,9.4186,2256,1353.72,9
18337,Marlow,54.1733,12.4939,-8.5,9.4268,2241,1344.48,31
18347,Dierhagen,54.2776,12.3442,-8.5,10.2019,2038,1222.5,1
18356,Barth,54.3593,12.6562,-8.5,9.3679,2247,1348.26,17
18374,"Zingst am Darß",54.4281,12.7577,-8.5,9.3679,2247,1348.26,13
18375,"Prerow am Darß",54.4219,12.5321,-8.5,9.3679,2247,1348.26,27
18435,Stralsund,54.3275,13.0711,-8.5,9.2677,2284,1370.16,15
18437,Stralsund,54.3025,13.055,-8.5,9.2677,2284,1370.16,10
18439,Stralsund,54.3024,13.095,-8.5,9.2677,2284,1370.16,13
18442,Niepars,54.2794,12.9478,-8.5,9.2677,2284,1370.16,17
18445,Prohn,54.3759,12.9829,-8.5,9.2677,2284,1370.16,5
18461,Franzburg,54.18,12.8534,-8.5,9.4186,2256,1353.72,33
18465,Tribsees,54.1105,12.7724,-8.5,9.4186,2256,1353.72,12
18469,Velgast,54.2776,12.8247,-8.5,9.3679,2247,1348.26,17
18507,Grimmen,54.1229,13.055,-8.5,9.2677,2284,1370.16,11
18510,Wittenhagen,54.1753,13.0149,-8.5,9.2677,2284,1370.16,40
18513,Glewitz,54.0464,12.9122,-8.5,9.4186,2256,1353.72,6
18516,Rakow,54.0802,13.1397,-8.5,9.7025,2186,1311.78,16
18519,Miltzow,54.1867,13.1928,-8.5,9.2677,2284,1370.16,29
18528,"Bergen / Rügen",54.4296,13.4073,-8.5,9.369,2265,1359.12,18
18546,Sassnitz,54.5433,13.6484,-8.5,9.4101,2232,1339.2,160
18551,Sagard,54.5453,13.544,-8.5,9.4101,2232,1339.2,38
18556,Dranske,54.6341,13.3283,-8.5,9.4101,2232,1339.2,7
18565,"Insel Hiddensee",54.5429,13.1035,-8.5,9.8537,2146,1287.84,3
18569,Gingst,54.458,13.2912,-8.5,9.369,2265,1359.12,9
18573,Samtens,54.3549,13.283,-8.5,9.369,2265,1359.12,5
18574,"Garz / Rügen",54.2897,13.2887,-8.5,9.369,2265,1359.12,11
18581,Putbus,54.3609,13.4758,-8.5,9.369,2265,1359.12,40
18586,Sellin,54.3709,13.674,-8.5,9.369,2265,1359.12,1
18609,Binz,54.458,13.559,-8.5,9.369,2265,1359.12,3
19053,Schwerin,53.6232,11.408,-8.5,9.9353,2116,1269.84,48
19055,Schwerin,53.6537,11.4392,-8.5,9.9353,2116,1269.84,74
19057,Schwerin,53.6521,11.3483,-8.5,9.9353,2116,1269.84,54
19059,Schwerin,53.6391,11.3906,-8.5,9.9353,2116,1269.84,66
19061,Schwerin,53.585,11.4083,-8.5,9.9353,2116,1269.84,46
19063,Schwerin,53.6068,11.4747,-8.5,9.9353,2116,1269.84,37
19065,Pinnow,53.6144,11.5449,-8.5,9.9353,2116,1269.84,35
19067,Leezen,53.7021,11.5327,-8.5,9.9353,2116,1269.84,54
19069,Lübstorf,53.7265,11.3945,-8.5,9.9353,2116,1269.84,55
19071,Brüsewitz,53.6871,11.293,-8.5,9.9353,2116,1269.84,90
19073,Wittenförden,53.5783,11.247,-8.5,9.9353,2116,1269.84,45
19075,Pampow,53.5425,11.3464,-8.5,9.9353,2116,1269.84,43
19077,Rastow,53.4667,11.4352,-8.5,9.9353,2116,1269.84,40
19079,Banzkow,53.499,11.5208,-8.5,9.9353,2116,1269.84,35
19086,Plate,53.5538,11.5012,-8.5,9.9353,2116,1269.84,43
19089,Crivitz,53.5849,11.7172,-8.5,9.9353,2116,1269.84,65
19205,Gadebusch,53.6579,11.0573,-8.5,9.9353,2116,1269.84,59
19209,Lützow,53.6297,11.1871,-8.5,9.9353,2116,1269.84,85
19217,Rehna,53.7492,10.9412,-8.5,9.7923,2129,1277.28,33
19230,Hagenow,53.4089,11.235,-8.5,9.9353,2116,1269.84,32
19243,Wittenburg,53.5313,11.0737,-8.5,9.9353,2116,1269.84,40
19246,Zarrentin,53.5441,10.9421,-8.5,9.7762,2141,1284.42,53
19249,Lübtheen,53.2933,11.086,-8.5,10.0266,2086,1251.72,28
19258,"Boizenburg / Elbe",53.4218,10.7705,-8.5,10.0266,2086,1251.72,29
19260,Vellahn,53.4217,10.9515,-8.5,10.0266,2086,1251.72,46
19273,"Amt Neuhaus",53.2694,10.9527,-8.5,10.0266,2086,1251.72,34
19288,Ludwigslust,53.3459,11.4647,-8.5,10.1616,2089,1253.28,26
19294,"Neu Kaliß",53.1994,11.3828,-8.5,10.1616,2089,1253.28,21
19300,Grabow,53.2669,11.587,-8.5,10.1616,2089,1253.28,50
19303,Dömitz,53.2255,11.1828,-8.5,10.1616,2089,1253.28,17
19306,Neustadt-Glewe,53.3957,11.5839,-8.5,9.8025,2171,1302.6,33
19309,"Lenzen / Elbe",53.0861,11.516,-8.5,10.1616,2089,1253.28,19
19322,Wittenberge,53.0227,11.7647,-8.5,10.1948,2080,1247.88,23
19336,"Bad Wilsnack",52.9636,11.942,-8.5,10.1948,2080,1247.88,25
19339,Glöwen,53.0403,12.0189,-8.5,10.1948,2080,1247.88,47
19348,Perleberg,53.0817,11.8479,-8.5,10.1948,2080,1247.88,38
19357,Karstädt,53.1605,11.696,-8.5,10.1616,2089,1253.28,27
19370,Parchim,53.4148,11.854,-8.5,9.8025,2171,1302.6,60
19372,Spornitz,53.3544,11.7377,-8.5,9.8025,2171,1302.6,64
19374,Mestlin,53.5535,11.8966,-8.5,9.7277,2186,1311.66,74
19376,Siggelkow,53.3452,11.9422,-8.5,9.8025,2171,1302.6,56
19386,Lübz,53.4539,12.068,-8.5,9.7277,2186,1311.66,117
19395,"Plau am See",53.4519,12.2461,-8.5,9.7277,2186,1311.66,77
19399,Goldberg,53.5939,12.0765,-8.5,9.7277,2186,1311.66,58
19406,Sternberg,53.6739,11.8915,-8.5,9.7277,2186,1311.66,52
19412,Brüel,53.7088,11.6844,-8.5,9.9353,2116,1269.84,43
19417,Warin,53.7978,11.6195,-8.5,9.9353,2116,1269.84,40
20095,Hamburg,53.5523,9.999,-8.5,10.1504,2016,1209.9,25
20097,Hamburg,53.5466,10.0195,-8.5,10.1504,2016,1209.9,9
20099,Hamburg,53.5584,10.009,-8.5,10.1504,2016,1209.9,9
20144,Hamburg,53.5733,9.9756,-8.5,10.1504,2016,1209.9,15
20146,Hamburg,53.5679,9.9824,-8.5,10.1504,2016,1209.9,18
20148,Hamburg,53.5692,9.9963,-8.5,10.1504,2016,1209.9,19
20149,Hamburg,53.5783,9.9923,-8.5,10.1504,2016,1209.9,25
20249,Hamburg,53.5889,9.9892,-8.5,10.1504,2016,1209.9,16
20251,Hamburg,53.5928,9.9787,-8.5,10.1504,2016,1209.9,22
20253,Hamburg,53.58,9.9677,-8.5,10.1504,2016,1209.9,15
20255,Hamburg,53.5795,9.9526,-8.5,10.1504,2016,1209.9,21
20257,Hamburg,53.5755,9.9434,-8.5,10.1504,2016,1209.9,26
20259,Hamburg,53.5719,9.9574,-8.5,10.1504,2016,1209.9,17
20354,Hamburg,53.5565,9.9912,-8.5,10.1504,2016,1209.9,21
20355,Hamburg,53.5557,9.9799,-8.5,10.1504,2016,1209.9,19
20357,Hamburg,53.5629,9.968,-8.5,10.1504,2016,1209.9,19
20359,Hamburg,53.5503,9.9642,-8.5,10.517,1934,1160.7,24
20457,Hamburg,53.5344,9.9976,-8.5,10.517,1934,1160.7,0
20459,Hamburg,53.5462,9.9783,-8.5,10.517,1934,1160.7,10
20535,Hamburg,53.5603,10.0596,-8.5,10.1504,2016,1209.9,20
20537,Hamburg,53.55,10.0488,-8.5,10.1504,2016,1209.9,5
20539,Hamburg,53.5272,10.0433,-8.5,10.517,1934,1160.7,0
21029,Hamburg,53.4866,10.2245,-8.5,10.517,1934,1160.7,22
21031,Hamburg,53.5076,10.2056,-8.5,10.1504,2016,1209.9,31
21033,Hamburg,53.5034,10.1594,-8.5,10.517,1934,1160.7,1
21035,Hamburg,53.4828,10.1651,-8.5,10.517,1934,1160.7,1
21037,Hamburg,53.4528,10.1369,-8.5,10.517,1934,1160.7,2
21039,Hamburg,53.448,10.2742,-8.5,10.3534,1972,1183.38,2
21073,Hamburg,53.4589,9.9747,-8.5,10.517,1934,1160.7,18
21075,Hamburg,53.4612,9.9333,-8.5,10.517,1934,1160.7,64
21077,Hamburg,53.4404,9.947,-8.5,10.517,1934,1160.7,69
21079,Hamburg,53.4588,10.0121,-8.5,10.517,1934,1160.7,4
21107,Hamburg,53.4983,9.9748,-8.5,10.517,1934,1160.7,6
21109,Hamburg,53.494,10.0278,-8.5,10.517,1934,1160.7,0
21129,Hamburg,53.5204,9.8482,-8.5,10.517,1934,1160.7,2
21147,Hamburg,53.4843,9.849,-8.5,10.517,1934,1160.7,0
21149,Hamburg,53.457,9.8569,-8.5,10.517,1934,1160.7,55
21217,Seevetal,53.4329,10.0667,-8.5,10.3534,1972,1183.38,1
21218,Seevetal,53.3853,9.9724,-8.5,10.3534,1972,1183.38,23
21220,Seevetal,53.379,10.042,-8.5,10.3534,1972,1183.38,40
21224,Rosengarten,53.4081,9.8804,-8.5,10.3534,1972,1183.38,112
21227,Bendestorf,53.3358,9.9743,-8.5,10.3534,1972,1183.38,34
21228,Harmstorf,53.3483,9.9854,-8.5,10.3534,1972,1183.38,29
21244,"Buchholz in der Nordheide",53.3295,9.8644,-8.5,10.3534,1972,1183.38,54
21255,Tostedt,53.2919,9.714,-8.5,10.3534,1972,1183.38,55
21256,Handeloh,53.2516,9.8432,-8.5,10.3534,1972,1183.38,52
21258,Heidenau,53.3136,9.627,-8.5,10.3534,1972,1183.38,43
21259,Otter,53.2373,9.7333,-8.5,10.3534,1972,1183.38,54
21261,Welle,53.2485,9.7806,-8.5,10.3534,1972,1183.38,54
21266,Jesteburg,53.3077,9.9388,-8.5,10.3534,1972,1183.38,57
21271,Hanstedt,53.2509,9.9846,-8.5,10.3534,1972,1183.38,119
21272,Egestorf,53.1817,10.0487,-8.5,10.3534,1972,1183.38,116
21274,Undeloh,53.2148,9.9157,-8.5,10.3534,1972,1183.38,82
21279,Hollenstedt,53.3588,9.7548,-8.5,10.3534,1972,1183.38,42
21335,Lüneburg,53.2151,10.3841,-8.5,9.9592,2098,1259.04,36
21337,Lüneburg,53.2499,10.4561,-8.5,9.9592,2098,1259.04,46
21339,Lüneburg,53.2658,10.3862,-8.5,9.9592,2098,1259.04,51
21354,Bleckede,53.3296,10.6943,-8.5,10.0266,2086,1251.72,6
21357,Bardowick,53.3143,10.3814,-8.5,9.9592,2098,1259.04,6
21358,Mechtersen,53.2818,10.3074,-8.5,9.9592,2098,1259.04,16
21360,Vögelsen,53.2786,10.3465,-8.5,9.9592,2098,1259.04,20
21365,Adendorf,53.2899,10.4448,-8.5,9.9592,2098,1259.04,28
21368,Dahlenburg,53.1897,10.7217,-8.5,9.9592,2098,1259.04,46
21369,Nahrendorf,53.1692,10.8308,-8.5,9.9592,2098,1259.04,82
21371,Tosterglope,53.2093,10.8244,-8.5,10.0266,2086,1251.72,82
21376,Salzhausen,53.2143,10.1396,-8.5,10.3534,1972,1183.38,43
21379,Scharnebeck,53.302,10.5217,-8.5,9.9592,2098,1259.04,10
21380,Artlenburg,53.3629,10.4894,-8.5,10.0266,2086,1251.72,5
21382,Brietlingen,53.3376,10.4479,-8.5,9.9592,2098,1259.04,5
21385,Amelinghausen,53.1325,10.2209,-8.5,9.9592,2098,1259.04,62
21386,Betzendorf,53.1354,10.2989,-8.5,9.9592,2098,1259.04,114
21388,Soderstorf,53.1473,10.1341,-8.5,9.9592,2098,1259.04,77
21391,Reppenstedt,53.2523,10.351,-8.5,9.9592,2098,1259.04,47
21394,Kirchgellersen,53.2229,10.2766,-8.5,9.9592,2098,1259.04,77
21395,Tespe,53.3874,10.405,-8.5,10.0266,2086,1251.72,7
21397,Barendorf,53.1998,10.5521,-8.5,9.9592,2098,1259.04,61
21398,Neetze,53.2762,10.6376,-8.5,9.9592,2098,1259.04,15
21400,Reinstorf,53.242,10.573,-8.5,9.9592,2098,1259.04,53
21401,Thomasburg,53.2222,10.6389,-8.5,9.9592,2098,1259.04,44
21403,"Wendisch Evern",53.2081,10.4789,-8.5,9.9592,2098,1259.04,70
21406,Melbeck,53.17,10.3862,-8.5,9.9592,2098,1259.04,29
21407,"Deutsch Evern",53.1904,10.4425,-8.5,9.9592,2098,1259.04,31
21409,Embsen,53.1768,10.3334,-8.5,9.9592,2098,1259.04,42
21423,"Winsen (Luhe)",53.3534,10.2144,-8.5,10.3534,1972,1183.38,10
21435,Stelle,53.3754,10.099,-8.5,10.3534,1972,1183.38,33
21436,Marschacht,53.4012,10.3483,-8.5,9.9592,2098,1259.04,2
21438,Brackel,53.2981,10.0603,-8.5,10.3534,1972,1183.38,53
21439,Marxen,53.3128,10.0049,-8.5,10.3534,1972,1183.38,31
21441,Garstedt,53.2796,10.1696,-8.5,10.3534,1972,1183.38,29
21442,Toppenstedt,53.2722,10.1008,-8.5,10.3534,1972,1183.38,48
21444,Vierhöfen,53.2674,10.2305,-8.5,9.9592,2098,1259.04,21
21445,Wulfsen,53.3029,10.1303,-8.5,10.3534,1972,1183.38,26
21447,Handorf,53.3426,10.3414,-8.5,9.9592,2098,1259.04,5
21449,Radbruch,53.3123,10.2789,-8.5,9.9592,2098,1259.04,10
21465,Reinbek,53.5405,10.2586,-8.5,10.1504,2016,1209.9,41
21481,"Lauenburg / Elbe",53.3862,10.5094,-8.5,10.0266,2086,1251.72,31
21483,Gülzow,53.4269,10.5333,-8.5,10.0266,2086,1251.72,20
21493,Schwarzenbek,53.5499,10.5069,-8.5,9.7762,2141,1284.42,45
21502,Geesthacht,53.4385,10.4097,-8.5,10.0266,2086,1251.72,92
21509,Glinde,53.5389,10.2152,-8.5,10.1504,2016,1209.9,28
21514,Büchen,53.509,10.6433,-8.5,9.7762,2141,1284.42,23
21516,Müssen,53.4821,10.5468,-8.5,9.7762,2141,1284.42,35
21521,Aumühle,53.5283,10.3626,-8.5,9.7762,2141,1284.42,59
21522,"Hohnstorf (Elbe)",53.3462,10.5886,-8.5,10.0266,2086,1251.72,6
21524,Brunstorf,53.4937,10.4302,-8.5,9.7762,2141,1284.42,50
21526,Hohenhorn,53.4712,10.3713,-8.5,10.0266,2086,1251.72,57
21527,Kollow,53.4695,10.4618,-8.5,10.0266,2086,1251.72,45
21529,Kröppelshagen-Fahrendorf,53.4838,10.3271,-8.5,9.7762,2141,1284.42,56
21614,Buxtehude,53.4567,9.6983,-8.5,10.0652,2026,1215.6,15
21629,"Neu Wulmstorf",53.4345,9.8082,-8.5,10.517,1934,1160.7,64
21635,Jork,53.5279,9.7037,-8.5,10.0652,2026,1215.6,2
21640,Horneburg,53.495,9.5778,-8.5,10.0652,2026,1215.6,8
21641,Apensen,53.4385,9.6029,-8.5,10.0652,2026,1215.6,47
21643,Beckdorf,53.4071,9.6218,-8.5,10.0652,2026,1215.6,30
21644,Sauensiek,53.3949,9.5435,-8.5,10.0652,2026,1215.6,39
21646,Halvesbostel,53.3529,9.6075,-8.5,10.0652,2026,1215.6,42
21647,Moisburg,53.4081,9.7167,-8.5,10.517,1934,1160.7,25
21649,Regesbostel,53.3824,9.657,-8.5,10.517,1934,1160.7,46
21680,Stade,53.5854,9.4681,-8.5,10.0652,2026,1215.6,18
21682,Stade,53.607,9.4596,-8.5,10.0652,2026,1215.6,15
21683,Stade,53.6447,9.4534,-8.5,10.0652,2026,1215.6,-2
21684,Stade,53.5641,9.4992,-8.5,10.0652,2026,1215.6,23
21698,Harsefeld,53.4574,9.4766,-8.5,10.0652,2026,1215.6,13
21702,Ahlerstedt,53.3881,9.4387,-8.5,9.9408,2050,1229.94,32
21706,Drochtersen,53.7093,9.3688,-8.5,9.9836,2047,1228.08,0
21709,Himmelpforten,53.6207,9.2918,-8.5,9.9408,2050,1229.94,-1
21710,Engelschoff,53.6586,9.3237,-8.5,9.9836,2047,1228.08,-1
21712,Großenwörden,53.6785,9.2379,-8.5,9.9836,2047,1228.08,-1
21714,Hammah,53.6242,9.374,-8.5,10.0652,2026,1215.6,9
21717,Fredenbeck,53.5254,9.4007,-8.5,10.0652,2026,1215.6,16
21720,Grünendeich,53.5518,9.5956,-8.5,10.0652,2026,1215.6,0
21723,Hollern-Twielenfleth,53.5971,9.5343,-8.5,10.0652,2026,1215.6,0
21726,Oldendorf,53.5766,9.2726,-8.5,9.9408,2050,1229.94,18
21727,Estorf,53.5572,9.1946,-8.5,9.9408,2050,1229.94,4
21729,"Freiburg (Elbe)",53.8323,9.2724,-8.5,9.9836,2047,1228.08,2
21730,Balje,53.8346,9.1083,-8.5,9.9836,2047,1228.08,1
21732,Krummendeich,53.8351,9.211,-8.5,9.9836,2047,1228.08,2
21734,Oederquart,53.782,9.2298,-8.5,9.9836,2047,1228.08,0
21737,Wischhafen,53.7587,9.3016,-8.5,9.9836,2047,1228.08,-1
21739,Dollern,53.5378,9.5383,-8.5,10.0652,2026,1215.6,32
21745,Hemmoor,53.6941,9.1372,-8.5,9.9836,2047,1228.08,19
21755,Hechthausen,53.6406,9.2117,-8.5,9.9836,2047,1228.08,20
21756,Osten,53.7258,9.2272,-8.5,9.9836,2047,1228.08,-1
21762,Otterndorf,53.8104,8.9145,-8.5,9.8238,2074,1244.64,4
21763,Neuenkirchen,53.7726,8.8943,-8.5,9.8238,2074,1244.64,3
21765,Nordleda,53.7687,8.797,-8.5,9.866,2062,1237.32,0
21769,Lamstedt,53.612,9.096,-8.5,9.8238,2074,1244.64,30
21770,Mittelstenahe,53.6529,9.0329,-8.5,9.8238,2074,1244.64,10
21772,Stinstedt,53.6659,8.975,-8.5,9.8238,2074,1244.64,11
21775,Ihlienworth,53.6999,8.8934,-8.5,9.8238,2074,1244.64,-1
21776,Wanna,53.7166,8.7919,-8.5,9.8238,2074,1244.64,7
21781,Cadenberge,53.7946,9.0836,-8.5,9.9836,2047,1228.08,3
21782,Bülkau,53.7563,8.9773,-8.5,9.8238,2074,1244.64,0
21785,"Neuhaus (Oste)",53.8085,8.9982,-8.5,9.8238,2074,1244.64,7
21787,Oberndorf,53.7621,9.1579,-8.5,9.9836,2047,1228.08,-1
21789,Wingst,53.7271,9.0434,-8.5,9.8238,2074,1244.64,20
22041,Hamburg,53.5758,10.0771,-8.5,10.1504,2016,1209.9,11
22043,Hamburg,53.5716,10.1079,-8.5,10.1504,2016,1209.9,20
22045,Hamburg,53.5828,10.1366,-8.5,10.1504,2016,1209.9,25
22047,Hamburg,53.5885,10.0937,-8.5,10.1504,2016,1209.9,19
22049,Hamburg,53.5853,10.0694,-8.5,10.1504,2016,1209.9,20
22081,Hamburg,53.5771,10.045,-8.5,10.1504,2016,1209.9,17
22083,Hamburg,53.5789,10.0301,-8.5,10.1504,2016,1209.9,15
22085,Hamburg,53.5736,10.015,-8.5,10.1504,2016,1209.9,9
22087,Hamburg,53.5634,10.0252,-8.5,10.1504,2016,1209.9,11
22089,Hamburg,53.5683,10.0482,-8.5,10.1504,2016,1209.9,16
22111,Hamburg,53.5479,10.0777,-8.5,10.1504,2016,1209.9,10
22113,Oststeinbek,53.5193,10.0925,-8.5,10.517,1934,1160.7,14
22115,Hamburg,53.5292,10.1512,-8.5,10.1504,2016,1209.9,29
22117,Hamburg,53.549,10.1347,-8.5,10.1504,2016,1209.9,12
22119,Hamburg,53.5563,10.1084,-8.5,10.1504,2016,1209.9,20
22143,Hamburg,53.6063,10.1698,-8.5,10.1504,2016,1209.9,39
22145,Hamburg,53.6168,10.2121,-8.5,10.1504,2016,1209.9,58
22147,Hamburg,53.6155,10.137,-8.5,10.1504,2016,1209.9,35
22149,Hamburg,53.589,10.1533,-8.5,10.1504,2016,1209.9,27
22159,Hamburg,53.6043,10.1099,-8.5,10.1504,2016,1209.9,25
22175,Hamburg,53.6256,10.1035,-8.5,10.1504,2016,1209.9,37
22177,Hamburg,53.6057,10.0673,-8.5,10.1504,2016,1209.9,20
22179,Hamburg,53.608,10.0854,-8.5,10.1504,2016,1209.9,26
22297,Hamburg,53.6083,10.0124,-8.5,10.1504,2016,1209.9,14
22299,Hamburg,53.5954,9.9996,-8.5,10.1504,2016,1209.9,12
22301,Hamburg,53.5824,10.0038,-8.5,10.1504,2016,1209.9,11
22303,Hamburg,53.5919,10.0262,-8.5,10.1504,2016,1209.9,5
22305,Hamburg,53.5879,10.0475,-8.5,10.1504,2016,1209.9,17
22307,Hamburg,53.5979,10.0451,-8.5,10.1504,2016,1209.9,24
22309,Hamburg,53.6095,10.0537,-8.5,10.1504,2016,1209.9,26
22335,Hamburg,53.6285,9.9998,-8.5,10.1504,2016,1209.9,10
22337,Hamburg,53.6273,10.0503,-8.5,10.1504,2016,1209.9,31
22339,Hamburg,53.6437,10.0392,-8.5,10.1504,2016,1209.9,24
22359,Hamburg,53.6529,10.1644,-8.5,10.1504,2016,1209.9,50
22391,Hamburg,53.6428,10.0808,-8.5,10.1504,2016,1209.9,27
22393,Hamburg,53.6469,10.1164,-8.5,10.1504,2016,1209.9,34
22395,Hamburg,53.672,10.1222,-8.5,10.1504,2016,1209.9,29
22397,Hamburg,53.7036,10.1371,-8.5,10.1504,2016,1209.9,38
22399,Hamburg,53.6655,10.0722,-8.5,10.1504,2016,1209.9,34
22415,Hamburg,53.6472,10.0127,-8.5,10.1504,2016,1209.9,26
22417,Hamburg,53.6685,10.0375,-8.5,10.1504,2016,1209.9,28
22419,Hamburg,53.6676,10.0034,-8.5,10.1504,2016,1209.9,32
22453,Hamburg,53.6119,9.9752,-8.5,10.1504,2016,1209.9,16
22455,Hamburg,53.6439,9.9553,-8.5,10.1504,2016,1209.9,22
22457,Hamburg,53.6431,9.9159,-8.5,10.1504,2016,1209.9,17
22459,Hamburg,53.6256,9.9464,-8.5,10.1504,2016,1209.9,19
22523,Hamburg,53.6118,9.8942,-8.5,10.1504,2016,1209.9,23
22525,Hamburg,53.5857,9.9123,-8.5,10.1504,2016,1209.9,24
22527,Hamburg,53.5992,9.9326,-8.5,10.1504,2016,1209.9,23
22529,Hamburg,53.5907,9.9581,-8.5,10.1504,2016,1209.9,20
22547,Hamburg,53.598,9.8781,-8.5,10.1504,2016,1209.9,23
22549,Hamburg,53.5845,9.8551,-8.5,10.1504,2016,1209.9,31
22559,Hamburg,53.5868,9.7615,-8.5,10.0652,2026,1215.6,26
22587,Hamburg,53.563,9.7989,-8.5,10.517,1934,1160.7,81
22589,Hamburg,53.583,9.8067,-8.5,10.517,1934,1160.7,29
22605,Hamburg,53.5508,9.8869,-8.5,10.517,1934,1160.7,25
22607,Hamburg,53.5682,9.8801,-8.5,10.517,1934,1160.7,34
22609,Hamburg,53.5581,9.8498,-8.5,10.517,1934,1160.7,33
22761,Hamburg,53.5662,9.9099,-8.5,10.1504,2016,1209.9,34
22763,Hamburg,53.5533,9.9154,-8.5,10.517,1934,1160.7,43
22765,Hamburg,53.5537,9.9319,-8.5,10.517,1934,1160.7,30
22767,Hamburg,53.5496,9.947,-8.5,10.517,1934,1160.7,28
22769,Hamburg,53.568,9.9391,-8.5,10.1504,2016,1209.9,18
22844,Norderstedt,53.7304,10.0104,-8.5,9.7578,2104,1262.7,37
22846,Norderstedt,53.7082,9.968,-8.5,9.7578,2104,1262.7,31
22848,Norderstedt,53.6675,9.9644,-8.5,10.1504,2016,1209.9,20
22850,Norderstedt,53.6911,9.9971,-8.5,10.1504,2016,1209.9,31
22851,Norderstedt,53.6994,10.0426,-8.5,10.1504,2016,1209.9,34
22869,Schenefeld,53.5984,9.8236,-8.5,10.1504,2016,1209.9,24
22880,"Wedel (Holstein)",53.5858,9.7054,-8.5,10.0652,2026,1215.6,5
22885,Barsbüttel,53.574,10.2185,-8.5,10.1504,2016,1209.9,45
22889,Tangstedt,53.7438,10.0815,-8.5,9.7578,2104,1262.7,25
22926,Ahrensburg,53.658,10.2297,-8.5,10.1504,2016,1209.9,56
22927,Großhansdorf,53.6594,10.2778,-8.5,10.1504,2016,1209.9,53
22929,Delingsdorf,53.6112,10.4912,-8.5,9.7762,2141,1284.42,57
22941,Bargteheide,53.7261,10.2625,-8.5,10.1504,2016,1209.9,46
22946,Trittau,53.6034,10.378,-8.5,9.7762,2141,1284.42,39
22949,Ammersbek,53.6933,10.2017,-8.5,10.1504,2016,1209.9,34
22952,Lütjensee,53.6511,10.3723,-8.5,9.7762,2141,1284.42,45
22955,Hoisdorf,53.6549,10.3241,-8.5,10.1504,2016,1209.9,48
22956,Grönwohld,53.6476,10.4126,-8.5,9.7762,2141,1284.42,46
22958,Kuddewörde,53.5854,10.4135,-8.5,9.7762,2141,1284.42,35
22959,Linau,53.646,10.4723,-8.5,9.7762,2141,1284.42,66
22961,Hoisdorf,53.6722,10.3435,-8.5,10.1504,2016,1209.9,74
22962,Siek,53.6363,10.2958,-8.5,10.1504,2016,1209.9,59
22964,Steinburg,53.7096,10.3922,-8.5,9.7923,2129,1277.28,56
22965,Todendorf,53.698,10.3495,-8.5,9.7923,2129,1277.28,42
22967,Tremsbüttel,53.7425,10.3111,-8.5,9.6504,2159,1295.46,40
22969,Witzhave,53.5724,10.3335,-8.5,9.7762,2141,1284.42,28
23552,Lübeck,53.8671,10.6879,-8.5,9.7923,2129,1277.28,26
23554,Lübeck,53.8885,10.6789,-8.5,9.7923,2129,1277.28,16
23556,Lübeck,53.871,10.6153,-8.5,9.7923,2129,1277.28,22
23558,Lübeck,53.8578,10.6629,-8.5,9.7923,2129,1277.28,10
23560,Lübeck,53.821,10.6417,-8.5,9.7923,2129,1277.28,10
23562,Lübeck,53.8345,10.7081,-8.5,9.7923,2129,1277.28,17
23564,Lübeck,53.8422,10.7357,-8.5,9.7923,2129,1277.28,4
23566,Lübeck,53.8731,10.7373,-8.5,9.7923,2129,1277.28,7
23568,Lübeck,53.8942,10.7598,-8.5,9.7923,2129,1277.28,4
23569,Lübeck,53.9131,10.8153,-8.5,9.7923,2129,1277.28,25
23570,Lübeck,53.9555,10.8593,-8.5,9.8679,2086,1251.66,9
23611,"Bad Schwartau",53.9269,10.6872,-8.5,9.7923,2129,1277.28,19
23617,Stockelsdorf,53.9287,10.6177,-8.5,9.7923,2129,1277.28,30
23619,Zarpen,53.8845,10.5307,-8.5,9.7923,2129,1277.28,18
23623,Ahrensbök,53.9929,10.5771,-8.5,9.8679,2086,1251.66,56
23626,Ratekau,53.9494,10.8017,-8.5,9.8679,2086,1251.66,27
23627,"Groß Grönau",53.7839,10.7298,-8.5,9.7923,2129,1277.28,8
23628,Krummesse,53.7693,10.6686,-8.5,9.7923,2129,1277.28,16
23629,Scharbeutz,53.9903,10.6682,-8.5,9.8679,2086,1251.66,25
23669,"Timmendorfer Strand",53.9807,10.7761,-8.5,9.8679,2086,1251.66,9
23683,Scharbeutz,54.0388,10.7423,-8.5,9.8679,2086,1251.66,0
23684,Scharbeutz,54.0259,10.67,-8.5,9.8679,2086,1251.66,24
23689,Ratekau,53.9804,10.711,-8.5,9.8679,2086,1251.66,28
23701,Eutin,54.1053,10.6485,-8.5,9.8679,2086,1251.66,42
23714,Malente,54.1994,10.579,-8.5,9.8162,2093,1255.62,60
23715,Bosau,54.0974,10.5093,-8.5,9.6416,2141,1284.54,61
23717,Kasseedorf,54.1613,10.7097,-8.5,9.8679,2086,1251.66,32
23719,Glasau,54.0474,10.5293,-8.5,9.6416,2141,1284.54,47
23730,"Neustadt in Holstein",54.1324,10.8515,-8.5,9.8679,2086,1251.66,21
23738,Lensahn,54.2184,10.8844,-8.5,9.8679,2086,1251.66,18
23743,Grömitz,54.1772,10.9754,-8.5,9.8679,2086,1251.66,20
23744,"Schönwalde am Bungsberg",54.2045,10.7499,-8.5,9.8162,2093,1255.62,136
23746,"Kellenhusen (Ostsee)",54.1946,11.0503,-8.5,9.8679,2086,1251.66,19
23747,Dahme,54.2239,11.0729,-8.5,9.8679,2086,1251.66,11
23749,Grube,54.2415,11.0368,-8.5,9.8679,2086,1251.66,0
23758,"Oldenburg in Holstein",54.3186,10.8981,-8.5,9.8162,2093,1255.62,24
23769,"Burg auf Fehmarn",54.4699,11.1461,-8.5,9.9855,2068,1240.56,7
23774,Heiligenhafen,54.3673,10.9731,-8.5,9.9855,2068,1240.56,30
23775,Großenbrode,54.3779,11.099,-8.5,9.9855,2068,1240.56,4
23777,Heringsdorf,54.2806,11.0326,-8.5,9.8679,2086,1251.66,13
23779,Neukirchen,54.3245,11.0437,-8.5,9.9855,2068,1240.56,9
23795,"Bad Segeberg",53.9387,10.3002,-8.5,9.6504,2159,1295.46,40
23812,Wahlstedt,53.9491,10.1485,-8.5,9.6504,2159,1295.46,70
23813,Nehms,54.018,10.3294,-8.5,9.6504,2159,1295.46,49
23815,Geschendorf,53.9257,10.4555,-8.5,9.6504,2159,1295.46,44
23816,Leezen,53.859,10.2526,-8.5,9.6504,2159,1295.46,30
23818,Neuengörs,53.9056,10.3908,-8.5,9.6504,2159,1295.46,40
23820,Pronstorf,53.9502,10.4955,-8.5,9.6504,2159,1295.46,42
23821,Rohlstorf,53.9625,10.393,-8.5,9.6504,2159,1295.46,44
23823,Seedorf,54.0512,10.4116,-8.5,9.6416,2141,1284.54,35
23824,Tensfeld,54.0563,10.3108,-8.5,9.6416,2141,1284.54,47
23826,Bark,53.8956,10.1576,-8.5,9.6504,2159,1295.46,34
23827,Wensin,53.9995,10.4127,-8.5,9.6504,2159,1295.46,47
23829,Wittenborn,53.9028,10.2236,-8.5,9.6504,2159,1295.46,41
23843,"Bad Oldesloe",53.8141,10.3421,-8.5,9.6504,2159,1295.46,14
23845,Seth,53.8303,10.1699,-8.5,9.6504,2159,1295.46,37
23847,Lasbek,53.7515,10.4709,-8.5,9.7923,2129,1277.28,52
23858,"Reinfeld (Holstein)",53.8286,10.4881,-8.5,9.7923,2129,1277.28,13
23860,"Klein Wesenberg",53.8014,10.5568,-8.5,9.7923,2129,1277.28,19
23863,Bargfeld-Stegen,53.7691,10.1748,-8.5,9.6504,2159,1295.46,28
23866,Nahe,53.7966,10.1319,-8.5,9.6504,2159,1295.46,34
23867,Sülfeld,53.8016,10.2303,-8.5,9.6504,2159,1295.46,31
23869,Elmenhorst,53.762,10.2765,-8.5,9.6504,2159,1295.46,33
23879,Mölln,53.6227,10.6948,-8.5,9.7762,2141,1284.42,48
23881,Breitenfelde,53.6026,10.6064,-8.5,9.7762,2141,1284.42,39
23883,Sterley,53.6101,10.835,-8.5,9.7762,2141,1284.42,56
23896,Nusse,53.6514,10.583,-8.5,9.7762,2141,1284.42,51
23898,Sandesneben,53.7051,10.5445,-8.5,9.7923,2129,1277.28,40
23899,Gudow,53.5468,10.7805,-8.5,9.7762,2141,1284.42,49
23909,Ratzeburg,53.7105,10.7704,-8.5,9.7923,2129,1277.28,32
23911,Ziethen,53.6724,10.8557,-8.5,9.7762,2141,1284.42,76
23919,Berkenthin,53.7225,10.6425,-8.5,9.7923,2129,1277.28,9
23923,Schönberg,53.8484,10.8837,-8.5,9.7923,2129,1277.28,33
23936,Grevesmühlen,53.8423,11.171,-8.5,9.7584,2120,1272.0,18
23942,Dassow,53.9447,10.9991,-8.5,9.7584,2120,1272.0,39
23946,Boltenhagen,53.9978,11.1754,-8.5,9.7584,2120,1272.0,16
23948,Klütz,53.9459,11.1378,-8.5,9.7584,2120,1272.0,25
23966,Wismar,53.8283,11.3281,-8.5,9.9934,2089,1253.52,53
23968,Wismar,53.8949,11.3462,-8.5,9.9934,2089,1253.52,43
23970,Wismar,53.9099,11.5804,-8.5,9.9934,2089,1253.52,42
23972,"Dorf Mecklenburg",53.8381,11.479,-8.5,9.9934,2089,1253.52,38
23974,Neuburg-Steinhausen,53.971,11.5413,-8.5,9.9934,2089,1253.52,15
23992,Neukloster,53.8867,11.6966,-8.5,9.9934,2089,1253.52,36
23996,"Bad Kleinen",53.8053,11.393,-8.5,9.9353,2116,1269.84,69
23999,"Insel Poel",54.006,11.4617,-8.5,9.9934,2089,1253.52,20
24103,Kiel,54.3224,10.1333,-8.5,9.9071,2060,1235.7,13
24105,Kiel,54.3383,10.1435,-8.5,9.9071,2060,1235.7,28
24106,Kiel,54.3578,10.1244,-8.5,9.9071,2060,1235.7,26
24107,Kiel,54.3429,10.0277,-8.5,9.9071,2060,1235.7,29
24109,Kiel,54.3194,10.0489,-8.5,9.9071,2060,1235.7,31
24111,Kiel,54.3041,10.0658,-8.5,9.9071,2060,1235.7,14
24113,Kiel,54.2859,10.0815,-8.5,9.9071,2060,1235.7,19
24114,Kiel,54.3143,10.1159,-8.5,9.9071,2060,1235.7,32
24116,Kiel,54.3275,10.1083,-8.5,9.9071,2060,1235.7,32
24118,Kiel,54.342,10.1152,-8.5,9.9071,2060,1235.7,25
24119,Kronshagen,54.3367,10.0826,-8.5,9.9071,2060,1235.7,23
24143,Kiel,54.3103,10.1469,-8.5,9.9071,2060,1235.7,21
24145,Kiel,54.2748,10.1436,-8.5,9.9071,2060,1235.7,51
24146,Kiel,54.2862,10.1943,-8.5,9.9071,2060,1235.7,49
24147,Kiel,54.3019,10.1774,-8.5,9.9071,2060,1235.7,45
24148,Kiel,54.3185,10.1773,-8.5,9.9071,2060,1235.7,25
24149,Kiel,54.3353,10.1917,-8.5,9.9071,2060,1235.7,45
24159,Kiel,54.3992,10.1639,-8.5,9.9071,2060,1235.7,21
24161,Altenholz,54.3937,10.1088,-8.5,9.9071,2060,1235.7,24
24211,Preetz,54.2242,10.3184,-8.5,9.6416,2141,1284.54,23
24214,Gettorf,54.3858,9.9467,-8.5,9.5992,2141,1284.66,16
24217,"Schönberg (Holstein)",54.3956,10.3696,-8.5,10.0082,2029,1217.22,9
24220,Flintbek,54.2376,10.082,-8.5,9.9071,2060,1235.7,50
24222,-,54.302,10.2078,-8.5,9.9071,2060,1235.7,20
24223,Raisdorf,54.2808,10.2361,-8.5,9.9071,2060,1235.7,24
24226,Heikendorf,54.3698,10.2189,-8.5,9.9071,2060,1235.7,20
24229,Dänischenhagen,54.4523,10.1141,-8.5,9.9071,2060,1235.7,33
24232,Schönkirchen,54.314,10.2843,-8.5,9.9071,2060,1235.7,38
24235,Laboe,54.4013,10.262,-8.5,9.9071,2060,1235.7,9
24238,Selent,54.2745,10.4318,-8.5,9.6416,2141,1284.54,58
24239,Achterwehr,54.3021,9.9789,-8.5,9.5992,2141,1284.66,7
24241,Blumenthal,54.2177,10.0006,-8.5,9.5992,2141,1284.66,43
24242,Felde,54.3042,9.9347,-8.5,9.5992,2141,1284.66,15
24244,Felm,54.4057,10.0587,-8.5,9.9071,2060,1235.7,21
24245,Kirchbarkau,54.2144,10.1576,-8.5,9.6416,2141,1284.54,36
24247,Mielkendorf,54.2856,10.021,-8.5,9.9071,2060,1235.7,18
24248,Mönkeberg,54.3475,10.1974,-8.5,9.9071,2060,1235.7,45
24250,Nettelsee,54.1777,10.1571,-8.5,9.6416,2141,1284.54,54
24251,Osdorf,54.4329,10.0182,-8.5,9.9071,2060,1235.7,23
24253,Probsteierhagen,54.3685,10.2978,-8.5,9.9071,2060,1235.7,29
24254,Rumohr,54.255,10.0194,-8.5,9.5992,2141,1284.66,29
24256,Fargau-Pratjau,54.3235,10.3607,-8.5,9.9071,2060,1235.7,39
24257,Hohenfelde,54.3701,10.4703,-8.5,9.8162,2093,1255.62,43
24259,Westensee,54.2614,9.9182,-8.5,9.5992,2141,1284.66,21
24306,Plön,54.1573,10.4233,-8.5,9.6416,2141,1284.54,22
24321,Lütjenburg,54.3138,10.5595,-8.5,9.8162,2093,1255.62,99
24326,"Ascheberg (Holstein)",54.1229,10.3379,-8.5,9.6416,2141,1284.54,22
24327,Blekendorf,54.2724,10.6684,-8.5,9.8162,2093,1255.62,56
24329,Grebin,54.2247,10.5055,-8.5,9.6416,2141,1284.54,32
24340,Eckernförde,54.4491,9.8158,-8.5,9.5992,2141,1284.66,36
24351,Damp,54.58,9.9501,-8.5,9.7077,2092,1255.5,21
24354,Rieseby,54.54,9.7881,-8.5,9.2838,2229,1337.22,23
24357,Fleckeby,54.4754,9.6935,-8.5,9.5241,2165,1299.24,17
24358,Ascheffel,54.4316,9.6893,-8.5,9.5082,2180,1308.24,51
24360,Barkelsby,54.4967,9.8677,-8.5,9.7077,2092,1255.5,27
24361,"Groß Wittensee",54.4034,9.7581,-8.5,9.5992,2141,1284.66,23
24363,Holtsee,54.4011,9.8659,-8.5,9.5992,2141,1284.66,21
24364,Holzdorf,54.5547,9.9015,-8.5,9.7077,2092,1255.5,25
24366,Loose,54.5213,9.8817,-8.5,9.7077,2092,1255.5,27
24367,Osterby,54.4481,9.7638,-8.5,9.5992,2141,1284.66,17
24369,Waabs,54.532,9.9659,-8.5,9.7077,2092,1255.5,29
24376,Kappeln,54.6763,9.9527,-8.5,9.7077,2092,1255.5,0
24392,Süderbrarup,54.6365,9.7945,-8.5,9.2838,2229,1337.22,36
24395,Gelting,54.7384,9.9003,-8.5,9.2838,2229,1337.22,5
24398,Dörphof,54.6134,9.9869,-8.5,9.7077,2092,1255.5,4
24399,Arnis,54.6277,9.92,-8.5,9.7077,2092,1255.5,0
24401,Böel,54.6486,9.6944,-8.5,9.2838,2229,1337.22,34
24402,Esgrus,54.7076,9.8025,-8.5,9.2838,2229,1337.22,36
24404,Maasholm,54.6902,10.0072,-8.5,9.7077,2092,1255.5,-1
24405,Mohrkirch,54.6802,9.7227,-8.5,9.2838,2229,1337.22,46
24407,Rabenkirchen-Faulück,54.6498,9.8645,-8.5,9.2838,2229,1337.22,37
24409,Stoltebüll,54.6915,9.877,-8.5,9.2838,2229,1337.22,32
24534,Neumünster,54.0732,9.9833,-8.5,9.6405,2144,1286.58,25
24536,Neumünster,54.1113,9.9996,-8.5,9.6405,2144,1286.58,30
24537,Neumünster,54.0982,9.9581,-8.5,9.6405,2144,1286.58,26
24539,Neumünster,54.044,9.9897,-8.5,9.6405,2144,1286.58,23
24558,Henstedt-Ulzburg,53.7746,10.0192,-8.5,9.7578,2104,1262.7,30
24568,Kaltenkirchen,53.8403,9.9446,-8.5,9.7578,2104,1262.7,32
24576,"Bad Bramstedt",53.916,9.9249,-8.5,9.6405,2144,1286.58,12
24582,Bordesholm,54.165,10.0227,-8.5,9.6405,2144,1286.58,32
24589,Nortorf,54.1729,9.8742,-8.5,9.5992,2141,1284.66,25
24594,Hohenwestedt,54.1056,9.6697,-8.5,9.8578,2080,1248.24,43
24598,Boostedt,53.9831,10.0859,-8.5,9.6405,2144,1286.58,31
24601,Wankendorf,54.12,10.2082,-8.5,9.6416,2141,1284.54,45
24610,Trappenkamp,54.0471,10.1814,-8.5,9.6504,2159,1295.46,42
24613,Aukrug,54.0805,9.8028,-8.5,9.6405,2144,1286.58,20
24616,Brokstedt,53.99,9.8324,-8.5,9.6405,2144,1286.58,11
24619,Bornhöved,54.0754,10.1583,-8.5,9.6416,2141,1284.54,42
24620,Bönebüttel,54.0759,10.0659,-8.5,9.6405,2144,1286.58,28
24622,Gnutz,54.13,9.8224,-8.5,9.6405,2144,1286.58,25
24623,Großenaspe,53.9709,9.9757,-8.5,9.6405,2144,1286.58,40
24625,Großharrie,54.1347,10.0694,-8.5,9.6405,2144,1286.58,29
24626,"Groß Kummerfeld",54.0362,10.0952,-8.5,9.6405,2144,1286.58,32
24628,Hartenholm,53.895,10.0779,-8.5,9.6504,2159,1295.46,33
24629,Kisdorf,53.816,10.0534,-8.5,9.7578,2104,1262.7,88
24631,Langwedel,54.2221,9.9374,-8.5,9.5992,2141,1284.66,25
24632,Lentföhrden,53.8655,9.8472,-8.5,9.7578,2104,1262.7,29
24634,Padenstedt,54.0287,9.8901,-8.5,9.6405,2144,1286.58,15
24635,Rickling,54.0008,10.1821,-8.5,9.6504,2159,1295.46,37
24637,Schillsdorf,54.1136,10.1347,-8.5,9.6416,2141,1284.54,52
24638,Schmalensee,54.0827,10.2834,-8.5,9.6416,2141,1284.54,49
24640,Schmalfeld,53.8895,9.9868,-8.5,9.6405,2144,1286.58,26
24641,Sievershütten,53.8571,10.1149,-8.5,9.6504,2159,1295.46,26
24643,Struvenhütten,53.8635,10.0722,-8.5,9.6504,2159,1295.46,21
24644,Timmaspe,54.1294,9.915,-8.5,9.6405,2144,1286.58,28
24646,Warder,54.2145,9.8868,-8.5,9.5992,2141,1284.66,28
24647,Wasbek,54.0756,9.8836,-8.5,9.6405,2144,1286.58,21
24649,Wiemersdorf,53.9642,9.9052,-8.5,9.6405,2144,1286.58,32
24768,Rendsburg,54.303,9.6449,-8.5,9.4995,2174,1304.64,3
24782,Büdelsdorf,54.3219,9.6709,-8.5,9.4995,2174,1304.64,14
24783,Osterrönfeld,54.2745,9.7173,-8.5,9.5992,2141,1284.66,12
24784,Westerrönfeld,54.2724,9.6525,-8.5,9.4995,2174,1304.64,9
24787,Fockbek,54.3085,9.5849,-8.5,9.4995,2174,1304.64,14
24790,Schacht-Audorf,54.2967,9.7645,-8.5,9.5992,2141,1284.66,15
24791,"Alt Duvenstedt",54.3573,9.6448,-8.5,9.4995,2174,1304.64,10
24793,Bargstedt,54.1764,9.7626,-8.5,9.5992,2141,1284.66,37
24794,Borgstedt,54.3536,9.7209,-8.5,9.5992,2141,1284.66,23
24796,Bredenbek,54.3304,9.8563,-8.5,9.5992,2141,1284.66,18
24797,Breiholz,54.2061,9.5706,-8.5,9.4995,2174,1304.64,0
24799,Meggerdorf,54.3236,9.4112,-8.5,9.6578,2123,1273.62,1
24800,Elsdorf-Westermühlen,54.2636,9.5253,-8.5,9.4995,2174,1304.64,10
24802,Emkendorf,54.2517,9.8188,-8.5,9.5992,2141,1284.66,14
24803,Erfde,54.3139,9.3271,-8.5,9.6578,2123,1273.62,11
24805,Hamdorf,54.2265,9.491,-8.5,9.4995,2174,1304.64,6
24806,Hohn,54.3117,9.5119,-8.5,9.4995,2174,1304.64,6
24808,Jevenstedt,54.2266,9.6925,-8.5,9.5992,2141,1284.66,9
24809,Nübbel,54.2658,9.5965,-8.5,9.4995,2174,1304.64,4
24811,Owschlag,54.4046,9.619,-8.5,9.5082,2180,1308.24,14
24813,"Schülp bei Rendsburg",54.2479,9.6258,-8.5,9.4995,2174,1304.64,5
24814,Sehestedt,54.3671,9.8129,-8.5,9.5992,2141,1284.66,13
24816,Hamweddel,54.1719,9.6632,-8.5,9.4995,2174,1304.64,17
24817,Tetenhusen,54.35,9.4773,-8.5,9.4995,2174,1304.64,3
24819,Todenbüttel,54.1563,9.577,-8.5,9.4995,2174,1304.64,50
24837,Schleswig,54.5223,9.5643,-8.5,9.5241,2165,1299.24,25
24848,Kropp,54.4041,9.4955,-8.5,9.5082,2180,1308.24,18
24850,Schuby,54.5163,9.4659,-8.5,9.5241,2165,1299.24,21
24852,Eggebek,54.6154,9.3551,-8.5,9.5241,2165,1299.24,15
24855,Jübek,54.5835,9.43,-8.5,9.5241,2165,1299.24,21
24857,Fahrdorf,54.4967,9.614,-8.5,9.5241,2165,1299.24,32
24860,Böklund,54.6212,9.5823,-8.5,9.5241,2165,1299.24,45
24861,Bergenhusen,54.3734,9.3157,-8.5,9.6578,2123,1273.62,17
24863,Börm,54.399,9.3714,-8.5,9.5082,2180,1308.24,-1
24864,Brodersby,54.5365,9.7031,-8.5,9.5241,2165,1299.24,14
24866,Busdorf,54.4879,9.548,-8.5,9.5082,2180,1308.24,25
24867,Dannewerk,54.4777,9.4934,-8.5,9.5082,2180,1308.24,27
24869,Dörpstedt,54.43,9.3545,-8.5,9.5082,2180,1308.24,0
24870,Ellingstedt,54.4756,9.4119,-8.5,9.5082,2180,1308.24,13
24872,"Groß Rheide",54.4394,9.4269,-8.5,9.5082,2180,1308.24,12
24873,Havetoft,54.6578,9.5153,-8.5,9.5241,2165,1299.24,28
24876,Hollingstedt,54.4645,9.346,-8.5,9.5082,2180,1308.24,2
24878,Jagel,54.4516,9.5463,-8.5,9.5082,2180,1308.24,17
24879,Neuberend,54.5748,9.511,-8.5,9.5241,2165,1299.24,32
24881,Nübel,54.5604,9.5781,-8.5,9.5241,2165,1299.24,35
24882,Schaalby,54.5385,9.6377,-8.5,9.5241,2165,1299.24,0
24884,Selk,54.4604,9.6075,-8.5,9.5082,2180,1308.24,23
24885,Sieverstedt,54.641,9.4626,-8.5,9.5241,2165,1299.24,34
24887,Silberstedt,54.5224,9.3705,-8.5,9.5241,2165,1299.24,8
24888,Steinfeld,54.6024,9.737,-8.5,9.2838,2229,1337.22,26
24890,Stolk,54.5977,9.5454,-8.5,9.5241,2165,1299.24,50
24891,Struxdorf,54.6414,9.6385,-8.5,9.2838,2229,1337.22,28
24893,Taarstedt,54.5716,9.6936,-8.5,9.5241,2165,1299.24,26
24894,Tolk,54.5939,9.6562,-8.5,9.5241,2165,1299.24,25
24896,Treia,54.5255,9.3168,-8.5,9.5241,2165,1299.24,5
24897,Ulsnis,54.5664,9.7438,-8.5,9.2838,2229,1337.22,22
24899,Wohlde,54.4061,9.3011,-8.5,9.6578,2123,1273.62,16
24937,Flensburg,54.7841,9.4302,-8.5,9.6329,2123,1273.62,45
24939,Flensburg,54.8054,9.4185,-8.5,9.6329,2123,1273.62,50
24941,Flensburg,54.7724,9.389,-8.5,9.6329,2123,1273.62,43
24943,Flensburg,54.7776,9.4747,-8.5,9.6329,2123,1273.62,41
24944,Flensburg,54.8118,9.4776,-8.5,9.6329,2123,1273.62,50
24955,Harrislee,54.8092,9.3863,-8.5,9.6329,2123,1273.62,53
24960,"Glücksburg (Ostsee)",54.8399,9.5681,-8.5,9.6329,2123,1273.62,42
24963,Tarp,54.6676,9.3856,-8.5,9.5241,2165,1299.24,27
24966,Sörup,54.7262,9.6622,-8.5,9.2838,2229,1337.22,58
24969,Großenwiehe,54.6941,9.2304,-8.5,9.449,2159,1295.52,15
24972,Quern,54.7701,9.742,-8.5,9.2838,2229,1337.22,42
24975,Husby,54.759,9.566,-8.5,9.6329,2123,1273.62,45
24976,-,54.7402,9.4206,-8.5,9.6329,2123,1273.62,43
24977,Langballig,54.8023,9.6329,-8.5,9.6329,2123,1273.62,30
24980,Schafflund,54.7499,9.1633,-8.5,9.449,2159,1295.52,13
24983,Handewitt,54.7634,9.3187,-8.5,9.6329,2123,1273.62,34
24986,Satrup,54.6795,9.5881,-8.5,9.2838,2229,1337.22,43
24988,Oeversee,54.7001,9.4297,-8.5,9.6329,2123,1273.62,35
24989,Dollerup,54.7819,9.6795,-8.5,9.6329,2123,1273.62,26
24991,Großsolt,54.7066,9.5121,-8.5,9.6329,2123,1273.62,32
24992,Jörl,54.6272,9.2816,-8.5,9.6819,2105,1262.88,26
24994,Medelby,54.8268,9.169,-8.5,9.449,2159,1295.52,30
24996,Sterup,54.7168,9.7425,-8.5,9.2838,2229,1337.22,42
24997,Wanderup,54.6859,9.3202,-8.5,9.6329,2123,1273.62,26
24999,Wees,54.8073,9.5325,-8.5,9.6329,2123,1273.62,43
25335,Elmshorn,53.7434,9.5716,-8.5,9.7578,2104,1262.7,-2
25336,Elmshorn,53.7286,9.6558,-8.5,9.7578,2104,1262.7,18
25337,Elmshorn,53.7399,9.7284,-8.5,9.7578,2104,1262.7,13
25348,Glückstadt,53.7861,9.4398,-8.5,9.9836,2047,1228.08,-1
25355,Barmstedt,53.8037,9.7863,-8.5,9.7578,2104,1262.7,15
25358,"Horst (Holstein)",53.8232,9.6189,-8.5,9.8578,2080,1248.24,4
25361,Krempe,53.8277,9.5161,-8.5,9.9836,2047,1228.08,0
25364,Brande-Hörnerkirchen,53.86,9.7123,-8.5,9.8578,2080,1248.24,11
25365,"Klein Offenseth-Sparrieshoop",53.8015,9.6821,-8.5,9.7578,2104,1262.7,11
25368,Kiebitzreihe,53.7813,9.5922,-8.5,9.7578,2104,1262.7,2
25370,Seester,53.7227,9.6118,-8.5,9.7578,2104,1262.7,-1
25371,Seestermühe,53.6962,9.558,-8.5,10.0652,2026,1215.6,1
25373,Ellerhoop,53.7256,9.7793,-8.5,9.7578,2104,1262.7,12
25376,Borsfleth,53.8283,9.4584,-8.5,9.9836,2047,1228.08,2
25377,Kollmar,53.7445,9.4891,-8.5,9.9836,2047,1228.08,0
25379,Herzhorn,53.7778,9.5049,-8.5,9.9836,2047,1228.08,0
25421,Pinneberg,53.646,9.7923,-8.5,9.7578,2104,1262.7,14
25436,Uetersen,53.6864,9.6698,-8.5,9.7578,2104,1262.7,8
25451,Quickborn,53.7296,9.8985,-8.5,9.7578,2104,1262.7,24
25462,Rellingen,53.6467,9.8527,-8.5,10.1504,2016,1209.9,14
25469,Halstenbek,53.6279,9.8348,-8.5,10.1504,2016,1209.9,15
25474,Ellerbek,53.6784,9.907,-8.5,9.7578,2104,1262.7,15
25479,Ellerau,53.7597,9.9234,-8.5,9.7578,2104,1262.7,38
25482,Appen,53.6513,9.7408,-8.5,9.7578,2104,1262.7,3
25485,Hemdingen,53.7648,9.8446,-8.5,9.7578,2104,1262.7,23
25486,Alveslohe,53.788,9.9152,-8.5,9.7578,2104,1262.7,32
25488,Holm,53.6239,9.6946,-8.5,10.0652,2026,1215.6,24
25489,Haseldorf,53.6452,9.5996,-8.5,10.0652,2026,1215.6,0
25491,Hetlingen,53.6059,9.6285,-8.5,10.0652,2026,1215.6,2
25492,Heist,53.6472,9.6718,-8.5,10.0652,2026,1215.6,27
25494,Borstel-Hohenraden,53.7031,9.8249,-8.5,9.7578,2104,1262.7,14
25495,Kummerfeld,53.697,9.7888,-8.5,9.7578,2104,1262.7,14
25497,Prisdorf,53.6798,9.7601,-8.5,9.7578,2104,1262.7,6
25499,Tangstedt,53.688,9.8629,-8.5,9.7578,2104,1262.7,14
25524,Itzehoe,53.9347,9.5362,-8.5,9.8578,2080,1248.24,47
25541,Brunsbüttel,53.9077,9.1433,-8.5,9.9836,2047,1228.08,1
25548,Kellinghusen,53.9623,9.7,-8.5,9.8578,2080,1248.24,21
25551,Hohenlockstedt,54.004,9.6298,-8.5,9.8578,2080,1248.24,40
25554,Wilster,53.9251,9.3541,-8.5,9.9836,2047,1228.08,0
25557,Hanerau-Hademarschen,54.1154,9.4056,-8.5,9.8578,2080,1248.24,37
25560,Schenefeld,54.0572,9.4724,-8.5,9.8578,2080,1248.24,31
25563,Wrist,53.915,9.7342,-8.5,9.8578,2080,1248.24,2
25566,Lägerdorf,53.8696,9.5918,-8.5,9.8578,2080,1248.24,1
25569,Kremperheide,53.8717,9.4571,-8.5,9.9836,2047,1228.08,-1
25572,"Sankt Margarethen",53.9204,9.2462,-8.5,9.9836,2047,1228.08,0
25573,Beidenfleth,53.8755,9.4045,-8.5,9.9836,2047,1228.08,0
25575,Beringstedt,54.1141,9.5274,-8.5,9.8578,2080,1248.24,18
25576,Brokdorf,53.8759,9.3217,-8.5,9.9836,2047,1228.08,-1
25578,Dägeling,53.8697,9.5275,-8.5,9.8578,2080,1248.24,-2
25579,Fitzbek,54.0035,9.7565,-8.5,9.6405,2144,1286.58,9
25581,Hennstedt,54.0336,9.7009,-8.5,9.8578,2080,1248.24,71
25582,Hohenaspe,54.0108,9.5297,-8.5,9.8578,2080,1248.24,7
25584,Holstenniendorf,54.053,9.3487,-8.5,9.8578,2080,1248.24,12
25585,Lütjenwestedt,54.153,9.4876,-8.5,9.4995,2174,1304.64,11
25587,Münsterdorf,53.9036,9.5306,-8.5,9.8578,2080,1248.24,4
25588,Oldendorf,53.9568,9.4537,-8.5,9.8578,2080,1248.24,12
25590,Osterstedt,54.1086,9.5841,-8.5,9.8578,2080,1248.24,10
25591,Ottenbüttel,53.9705,9.5032,-8.5,9.8578,2080,1248.24,14
25593,Reher,54.0651,9.5665,-8.5,9.8578,2080,1248.24,33
25594,Vaale,53.9904,9.3493,-8.5,9.8578,2080,1248.24,1
25596,Wacken,54.0247,9.3835,-8.5,9.8578,2080,1248.24,39
25597,Westermoor,53.9079,9.6347,-8.5,9.8578,2080,1248.24,-2
25599,Wewelsfleth,53.8474,9.3875,-8.5,9.9836,2047,1228.08,-1
25693,"Sankt Michaelisdonn",53.9869,9.1113,-8.5,9.7742,2090,1253.7,2
25704,Meldorf,54.0938,9.0414,-8.5,9.7742,2090,1253.7,2
25709,Marne,53.9678,8.9825,-8.5,9.7742,2090,1253.7,1
25712,"Burg (Dithmarschen)",53.9928,9.2325,-8.5,9.7742,2090,1253.7,28
25715,Eddelak,53.9525,9.139,-8.5,9.7742,2090,1253.7,-1
25718,Friedrichskoog,53.9985,8.9126,-8.5,9.7742,2090,1253.7,1
25719,Barlt,54.0273,9.0429,-8.5,9.7742,2090,1253.7,1
25721,Eggstedt,54.0583,9.2627,-8.5,9.7742,2090,1253.7,16
25724,Neufeld,53.9094,9.0033,-8.5,9.7742,2090,1253.7,2
25725,Schafstedt,54.0861,9.2975,-8.5,9.7742,2090,1253.7,21
25727,Süderhastedt,54.0592,9.1997,-8.5,9.7742,2090,1253.7,7
25729,Windbergen,54.0415,9.127,-8.5,9.7742,2090,1253.7,15
25746,Heide,54.1983,9.1329,-8.5,9.6578,2123,1273.62,10
25761,Büsum,54.1617,8.8537,-8.5,9.7742,2090,1253.7,1
25764,Wesselburen,54.2197,8.9115,-8.5,9.7742,2090,1253.7,1
25767,Albersdorf,54.1588,9.3139,-8.5,9.6578,2123,1273.62,51
25770,Hemmingstedt,54.1504,9.0818,-8.5,9.7742,2090,1253.7,9
25774,Lunden,54.2939,8.9841,-8.5,9.6578,2123,1273.62,1
25776,Rehm-Flehde-Bargen,54.3473,9.0909,-8.5,9.6578,2123,1273.62,0
25779,Hennstedt,54.2858,9.1316,-8.5,9.6578,2123,1273.62,8
25782,Tellingstedt,54.2112,9.2593,-8.5,9.6578,2123,1273.62,22
25785,Nordhastedt,54.1475,9.184,-8.5,9.7742,2090,1253.7,3
25786,Dellstedt,54.2372,9.3888,-8.5,9.6578,2123,1273.62,9
25788,Delve,54.2999,9.241,-8.5,9.6578,2123,1273.62,2
25791,Linden,54.2507,9.1926,-8.5,9.6578,2123,1273.62,18
25792,Neuenkirchen,54.2459,8.9879,-8.5,9.7742,2090,1253.7,1
25794,Pahlen,54.264,9.3318,-8.5,9.6578,2123,1273.62,-1
25795,Weddingstedt,54.2454,9.0802,-8.5,9.6578,2123,1273.62,-1
25797,Wöhrden,54.1592,9.0196,-8.5,9.7742,2090,1253.7,1
25799,Wrohm,54.213,9.3984,-8.5,9.6578,2123,1273.62,19
25813,Husum,54.4642,9.0394,-8.5,9.6819,2105,1262.88,1
25821,Bredstedt,54.5988,8.9791,-8.5,9.6819,2105,1262.88,2
25826,"Sankt Peter-Ording",54.3091,8.6358,-8.5,10.0093,2028,1216.98,3
25832,Tönning,54.3125,8.8874,-8.5,10.0093,2028,1216.98,1
25836,Garding,54.3222,8.7782,-8.5,10.0093,2028,1216.98,1
25840,Friedrichstadt,54.3915,9.0761,-8.5,9.6819,2105,1262.88,1
25842,Langenhorn,54.6942,8.9316,-8.5,9.449,2159,1295.52,0
25845,Nordstrand,54.4941,8.883,-8.5,9.6819,2105,1262.88,3
25849,Pellworm,54.5193,8.6535,-8.5,10.0093,2028,1216.98,-1
25850,Behrendorf,54.5603,9.2396,-8.5,9.6819,2105,1262.88,18
25852,Bordelum,54.6406,8.9203,-8.5,9.6819,2105,1262.88,15
25853,Drelsdorf,54.5896,9.0672,-8.5,9.6819,2105,1262.88,5
25855,Haselund,54.5986,9.1817,-8.5,9.6819,2105,1262.88,23
25856,Hattstedt,54.5435,9.0091,-8.5,9.6819,2105,1262.88,0
25858,Högel,54.6508,9.0658,-8.5,9.6819,2105,1262.88,8
25859,Hooge,54.5681,8.5512,-8.5,10.0093,2028,1216.98,1
25860,Horstedt,54.5276,9.0852,-8.5,9.6819,2105,1262.88,9
25862,Joldelund,54.662,9.1318,-8.5,9.6819,2105,1262.88,16
25863,Langeneß,54.638,8.6076,-8.5,9.449,2159,1295.52,1
25864,Löwenstedt,54.6346,9.1832,-8.5,9.6819,2105,1262.88,17
25866,Mildstedt,54.4694,9.1124,-8.5,9.6819,2105,1262.88,29
25867,-,54.6784,8.706,-8.5,9.449,2159,1295.52,1
25869,Langeneß,54.6339,8.7234,-8.5,9.449,2159,1295.52,1
25870,Oldenswort,54.3716,8.9461,-8.5,9.6819,2105,1262.88,3
25872,"Ostenfeld (Husum)",54.4658,9.2583,-8.5,9.6819,2105,1262.88,42
25873,Rantrum,54.4481,9.1498,-8.5,9.6819,2105,1262.88,16
25876,Schwabstedt,54.4021,9.2007,-8.5,9.6578,2123,1273.62,29
25878,Seeth,54.3684,9.1703,-8.5,9.6578,2123,1273.62,2
25879,Süderstapel,54.3564,9.2482,-8.5,9.6578,2123,1273.62,21
25881,Tating,54.3306,8.7004,-8.5,10.0093,2028,1216.98,1
25882,Tetenbüll,54.3755,8.8356,-8.5,10.0093,2028,1216.98,0
25884,Viöl,54.568,9.15,-8.5,9.6819,2105,1262.88,10
25885,Wester-Ohrstedt,54.5176,9.2179,-8.5,9.6819,2105,1262.88,37
25887,Winnert,54.4314,9.2366,-8.5,9.6578,2123,1273.62,18
25889,Witzwort,54.4047,8.994,-8.5,9.6819,2105,1262.88,-1
25899,Niebüll,54.7677,8.7698,-8.5,9.449,2159,1295.52,0
25917,Leck,54.7562,9.0215,-8.5,9.449,2159,1295.52,5
25920,Risum-Lindholm,54.753,8.8867,-8.5,9.449,2159,1295.52,-1
25923,Süderlügum,54.8637,8.899,-8.5,9.449,2159,1295.52,9
25924,Emmelsbüll-Horsbüll,54.8611,8.6506,-8.5,9.449,2159,1295.52,1
25926,Ladelund,54.8478,9.0081,-8.5,9.449,2159,1295.52,16
25927,Neukirchen,54.8664,8.7678,-8.5,9.449,2159,1295.52,0
25938,"Wyk auf Föhr",54.7155,8.4988,-8.5,9.449,2159,1295.52,0
25946,Nebel,54.6583,8.3354,-8.5,9.9589,2013,1207.8,26
25980,Westerland,54.9008,8.3449,-8.5,9.9589,2013,1207.8,5
25992,List,55.0201,8.3921,-8.5,9.9589,2013,1207.8,10
25996,"Wenningstedt (Sylt)",54.9355,8.3362,-8.5,9.9589,2013,1207.8,20
25997,"Hörnum (Sylt)",54.7689,8.2893,-8.5,9.9589,2013,1207.8,4
25999,"Kampen (Sylt)",54.9585,8.3437,-8.5,9.9589,2013,1207.8,17
26121,"Oldenburg (Oldenburg)",53.1518,8.2058,-8.5,9.9515,2046,1227.78,8
26122,"Oldenburg (Oldenburg)",53.1349,8.2047,-8.5,9.9515,2046,1227.78,21
26123,"Oldenburg (Oldenburg)",53.1522,8.2321,-8.5,9.9515,2046,1227.78,6
26125,"Oldenburg (Oldenburg)",53.1753,8.26,-8.5,9.9515,2046,1227.78,13
26127,"Oldenburg (Oldenburg)",53.1706,8.1897,-8.5,9.9515,2046,1227.78,11
26129,"Oldenburg (Oldenburg)",53.15,8.1672,-8.5,9.9515,2046,1227.78,13
26131,"Oldenburg (Oldenburg)",53.1241,8.1731,-8.5,9.9515,2046,1227.78,7
26133,"Oldenburg (Oldenburg)",53.1045,8.2213,-8.5,9.9515,2046,1227.78,5
26135,"Oldenburg (Oldenburg)",53.1229,8.2611,-8.5,9.9515,2046,1227.78,6
26160,"Bad Zwischenahn",53.2022,8.006,-8.5,9.9515,2046,1227.78,24
26169,Friesoythe,52.9945,7.8333,-8.5,10.5063,1877,1126.2,9
26180,Rastede,53.253,8.2213,-8.5,9.9515,2046,1227.78,0
26188,Edewecht,53.1132,7.9956,-8.5,10.5063,1877,1126.2,4
26197,Großenkneten,52.9367,8.235,-8.5,10.174,1983,1189.92,44
26203,Wardenburg,53.0543,8.1556,-8.5,9.9515,2046,1227.78,12
26209,Hatten,53.0351,8.32,-8.5,10.174,1983,1189.92,14
26215,Wiefelstede,53.2451,8.1043,-8.5,9.9515,2046,1227.78,14
26219,Bösel,53.0283,7.9886,-8.5,10.5063,1877,1126.2,9
26316,Varel,53.387,8.1188,-8.5,9.9515,2046,1227.78,18
26340,Zetel,53.3826,7.9185,-8.5,10.1151,1974,1184.58,9
26345,Bockhorn,53.343,7.9993,-8.5,9.9515,2046,1227.78,12
26349,Jade,53.3526,8.248,-8.5,9.9515,2046,1227.78,0
26382,Wilhelmshaven,53.5192,8.1118,-8.5,10.4392,1890,1133.76,5
26384,Wilhelmshaven,53.5365,8.1475,-8.5,10.4392,1890,1133.76,2
26386,Wilhelmshaven,53.5518,8.105,-8.5,10.4392,1890,1133.76,3
26388,Wilhelmshaven,53.5946,8.0724,-8.5,10.4392,1890,1133.76,1
26389,Wilhelmshaven,53.5284,8.0694,-8.5,10.4392,1890,1133.76,1
26409,Wittmund,53.5779,7.7567,-8.5,10.1151,1974,1184.58,5
26419,Schortens,53.5609,7.9839,-8.5,10.4392,1890,1133.76,0
26427,Esens,53.632,7.621,-8.5,10.1151,1974,1184.58,6
26434,Wangerland,53.654,7.9302,-8.5,10.4392,1890,1133.76,0
26441,Jever,53.5555,7.8622,-8.5,10.1151,1974,1184.58,1
26446,Friedeburg,53.452,7.8501,-8.5,10.1151,1974,1184.58,1
26452,Sande,53.49,8.0083,-8.5,10.4392,1890,1133.76,0
26465,Langeoog,53.7435,7.4922,-8.5,10.4814,1877,1126.38,2
26474,Spiekeroog,53.7712,7.7301,-8.5,10.1151,1974,1184.58,3
26486,"Nordseebad Wangerooge",53.7874,7.9109,-8.5,10.4148,1886,1131.78,1
26487,Blomberg,53.5692,7.5315,-8.5,10.1151,1974,1184.58,8
26489,Ochtersum,53.6119,7.5195,-8.5,10.1151,1974,1184.58,3
26506,Norden,53.5816,7.1781,-8.5,10.4814,1877,1126.38,0
26524,Hage,53.6143,7.2895,-8.5,10.4814,1877,1126.38,1
26529,Upgant-Schott,53.5178,7.2568,-8.5,10.1893,1944,1166.52,1
26532,Großheide,53.5735,7.3715,-8.5,10.1151,1974,1184.58,4
26548,Norderney,53.7132,7.2412,-8.5,10.4814,1877,1126.38,6
26553,Dornum,53.6531,7.4372,-8.5,10.1151,1974,1184.58,1
26556,Westerholt,53.5871,7.4487,-8.5,10.1151,1974,1184.58,4
26571,Juist,53.6732,6.955,-8.5,10.4814,1877,1126.38,1
26579,Baltrum,53.7282,7.4008,-8.5,10.4814,1877,1126.38,4
26603,Aurich,53.473,7.486,-8.5,10.1151,1974,1184.58,8
26605,Aurich,53.4704,7.5498,-8.5,10.1151,1974,1184.58,24
26607,Aurich,53.5155,7.516,-8.5,10.1151,1974,1184.58,8
26624,Südbrookmerland,53.4767,7.3395,-8.5,10.1893,1944,1166.52,0
26629,Großefehn,53.3979,7.6048,-8.5,10.1151,1974,1184.58,7
26632,Ihlow,53.4036,7.4029,-8.5,10.1893,1944,1166.52,0
26639,Wiesmoor,53.4028,7.7267,-8.5,10.1151,1974,1184.58,11
26655,Westerstede,53.2663,7.9134,-8.5,9.9515,2046,1227.78,13
26670,Uplengen,53.3122,7.7671,-8.5,10.1151,1974,1184.58,6
26676,Barßel,53.1347,7.794,-8.5,10.5063,1877,1126.2,4
26683,Saterland,53.0837,7.6927,-8.5,10.5063,1877,1126.2,4
26689,Apen,53.2118,7.7785,-8.5,10.5063,1877,1126.2,1
26721,Emden,53.3865,7.2143,-8.5,10.1893,1944,1166.52,0
26723,Emden,53.3623,7.1166,-8.5,10.1893,1944,1166.52,-1
26725,Emden,53.3589,7.2577,-8.5,10.1893,1944,1166.52,-1
26736,Krummhörn,53.4442,7.093,-8.5,10.1893,1944,1166.52,0
26757,Borkum,53.5851,6.6972,-8.5,10.5052,1847,1108.38,0
26759,Hinte,53.4259,7.2168,-8.5,10.1893,1944,1166.52,2
26789,"Leer (Ostfriesland)",53.2422,7.4631,-8.5,10.1893,1944,1166.52,4
26802,Moormerland,53.3183,7.4475,-8.5,10.1893,1944,1166.52,0
26810,Westoverledingen,53.1465,7.4429,-8.5,10.4216,1890,1133.82,2
26817,Rhauderfehn,53.1282,7.5487,-8.5,10.4216,1890,1133.82,1
26826,Weener,53.161,7.3281,-8.5,10.4216,1890,1133.82,5
26831,Bunde,53.2159,7.2623,-8.5,10.1893,1944,1166.52,0
26835,Hesel,53.2933,7.6008,-8.5,10.1893,1944,1166.52,8
26842,Ostrhauderfehn,53.138,7.6164,-8.5,10.5063,1877,1126.2,2
26844,Jemgum,53.2839,7.325,-8.5,10.1893,1944,1166.52,-1
26845,Nortmoor,53.2455,7.5596,-8.5,10.1893,1944,1166.52,1
26847,Detern,53.2066,7.6646,-8.5,10.5063,1877,1126.2,1
26849,Filsum,53.2525,7.6484,-8.5,10.5063,1877,1126.2,3
26871,Papenburg,53.0524,7.4113,-8.5,10.4216,1890,1133.82,5
26892,Dörpen,52.958,7.3429,-8.5,10.4216,1890,1133.82,9
26897,Esterwegen,53.0059,7.6255,-8.5,10.5063,1877,1126.2,10
26899,"Rhede (Ems)",53.067,7.2529,-8.5,10.4216,1890,1133.82,3
26901,Lorup,52.9396,7.6754,-8.5,10.5063,1877,1126.2,31
26903,Surwold,52.9912,7.5157,-8.5,10.4216,1890,1133.82,8
26904,Börger,52.9215,7.5248,-8.5,10.4216,1890,1133.82,41
26906,Dersum,52.9626,7.2404,-8.5,10.4216,1890,1133.82,6
26907,Walchum,52.9278,7.233,-8.5,10.4216,1890,1133.82,8
26909,Neubörger,52.9535,7.4458,-8.5,10.4216,1890,1133.82,12
26919,"Brake (Unterweser)",53.3183,8.4638,-8.5,9.9515,2046,1227.78,0
26931,Elsfleth,53.2188,8.382,-8.5,9.9515,2046,1227.78,1
26935,Stadland,53.4042,8.4538,-8.5,10.5578,1901,1140.78,3
26936,Stadland,53.4077,8.3512,-8.5,10.5578,1901,1140.78,0
26937,Stadland,53.466,8.3401,-8.5,10.5578,1901,1140.78,0
26939,Ovelgönne,53.3179,8.3677,-8.5,9.9515,2046,1227.78,-2
26954,Nordenham,53.4842,8.4303,-8.5,10.5578,1901,1140.78,3
26969,Butjadingen,53.5564,8.3368,-8.5,10.5578,1901,1140.78,0
27211,Bassum,52.853,8.7387,-8.5,10.1836,1992,1195.26,48
27232,Sulingen,52.6805,8.8033,-8.5,10.1836,1992,1195.26,49
27239,Twistringen,52.7983,8.5963,-8.5,10.1836,1992,1195.26,57
27243,Harpstedt,52.9074,8.5677,-8.5,10.1836,1992,1195.26,42
27245,Kirchdorf,52.5864,8.8161,-8.5,10.509,1925,1155.24,51
27246,Borstel,52.6612,8.9507,-8.5,10.4838,1934,1160.7,35
27248,Ehrenburg,52.7336,8.6796,-8.5,10.1836,1992,1195.26,52
27249,Mellinghausen,52.7052,8.8937,-8.5,10.1836,1992,1195.26,43
27251,Neuenkirchen,52.7527,8.7714,-8.5,10.1836,1992,1195.26,54
27252,Schwaförden,52.7378,8.839,-8.5,10.1836,1992,1195.26,64
27254,Siedenburg,52.7126,8.976,-8.5,10.4838,1934,1160.7,46
27257,Sudwalde,52.789,8.8492,-8.5,10.1836,1992,1195.26,54
27259,Varrel,52.6173,8.691,-8.5,10.509,1925,1155.24,41
27283,"Verden (Aller)",52.9365,9.2296,-8.5,10.1334,2020,1211.7,18
27299,Langwedel,52.9959,9.154,-8.5,10.1334,2020,1211.7,21
27305,Bruchhausen-Vilsen,52.8204,8.9391,-8.5,10.1836,1992,1195.26,57
27308,Kirchlinteln,52.9265,9.3625,-8.5,10.1334,2020,1211.7,33
27313,Dörverden,52.8505,9.262,-8.5,10.4838,1934,1160.7,14
27318,Hoya,52.8419,9.1428,-8.5,10.4838,1934,1160.7,16
27321,Thedinghausen,52.9575,9.0196,-8.5,10.3416,1959,1175.34,11
27324,Eystrup,52.7765,9.2335,-8.5,10.4838,1934,1160.7,20
27327,Martfeld,52.8858,9.0391,-8.5,10.1836,1992,1195.26,12
27330,Asendorf,52.765,9.0152,-8.5,10.4838,1934,1160.7,50
27333,Bücken,52.7679,9.1186,-8.5,10.4838,1934,1160.7,19
27336,"Rethem (Aller)",52.7651,9.3784,-8.5,10.4838,1934,1160.7,18
27337,Blender,52.9256,9.1405,-8.5,10.1334,2020,1211.7,11
27339,Riede,52.9633,8.9404,-8.5,10.3416,1959,1175.34,9
27356,"Rotenburg (Wümme)",53.1012,9.3768,-8.5,10.1334,2020,1211.7,18
27367,Sottrum,53.0988,9.2328,-8.5,10.1334,2020,1211.7,16
27374,Visselhövede,52.9956,9.5577,-8.5,9.826,2116,1269.72,59
27383,Scheeßel,53.1517,9.4807,-8.5,10.1334,2020,1211.7,27
27386,Bothel,53.068,9.4664,-8.5,10.1334,2020,1211.7,25
27389,Fintel,53.2184,9.5731,-8.5,10.1334,2020,1211.7,41
27404,Zeven,53.2791,9.322,-8.5,10.1334,2020,1211.7,53
27412,Tarmstedt,53.2308,9.0938,-8.5,9.9995,2044,1226.28,32
27419,Sittensen,53.3063,9.5086,-8.5,10.1334,2020,1211.7,31
27432,Bremervörde,53.5086,9.065,-8.5,9.9408,2050,1229.94,10
27442,Gnarrenburg,53.3738,9.0157,-8.5,9.9995,2044,1226.28,8
27446,Selsingen,53.4054,9.2876,-8.5,9.9408,2050,1229.94,23
27449,Kutenholz,53.4957,9.3166,-8.5,9.9408,2050,1229.94,50
27472,Cuxhaven,53.8508,8.7126,-8.5,10.466,1910,1146.18,3
27474,Cuxhaven,53.8556,8.6769,-8.5,10.466,1910,1146.18,1
27476,Cuxhaven,53.8498,8.6223,-8.5,10.466,1910,1146.18,9
27478,Cuxhaven,53.8001,8.732,-8.5,9.866,2062,1237.32,2
27498,Helgoland,54.183,7.8842,-8.5,10.5403,1831,1098.72,41
27499,Hamburg,53.9518,8.4384,-8.5,10.466,1910,1146.18,0
27568,Bremerhaven,53.5691,8.5597,-8.5,10.5578,1901,1140.78,2
27570,Bremerhaven,53.5376,8.5929,-8.5,10.5578,1901,1140.78,6
27572,Bremerhaven,53.5034,8.5834,-8.5,10.5578,1901,1140.78,2
27574,Bremerhaven,53.5282,8.6217,-8.5,10.5578,1901,1140.78,5
27576,Bremerhaven,53.5604,8.6097,-8.5,10.5578,1901,1140.78,0
27578,Bremerhaven,53.5896,8.615,-8.5,10.5578,1901,1140.78,12
27580,Bremerhaven,53.5912,8.5638,-8.5,10.5578,1901,1140.78,1
27607,Langen,53.6546,8.6367,-8.5,9.866,2062,1237.32,4
27612,Loxstedt,53.4414,8.5965,-8.5,10.5578,1901,1140.78,6
27616,Beverstedt,53.4392,8.8269,-8.5,10.5578,1901,1140.78,7
27619,Schiffdorf,53.5366,8.7115,-8.5,10.5578,1901,1140.78,-1
27624,Bederkesa,53.5931,8.853,-8.5,9.8238,2074,1244.64,9
27628,"Hagen im Bremischen",53.3448,8.6373,-8.5,10.5578,1901,1140.78,7
27639,-,53.7381,8.5724,-8.5,9.866,2062,1237.32,1
27711,Osterholz-Scharmbeck,53.2389,8.7783,-8.5,9.9995,2044,1226.28,40
27721,Ritterhude,53.2005,8.7222,-8.5,10.3416,1959,1175.34,39
27726,Worpswede,53.2303,8.9378,-8.5,9.9995,2044,1226.28,10
27729,Hambergen,53.3333,8.8456,-8.5,9.9995,2044,1226.28,14
27749,Delmenhorst,53.0486,8.6397,-8.5,10.3416,1959,1175.34,9
27751,Delmenhorst,53.0645,8.6763,-8.5,10.3416,1959,1175.34,11
27753,Delmenhorst,53.053,8.612,-8.5,10.3416,1959,1175.34,11
27755,Delmenhorst,53.0284,8.6202,-8.5,10.3416,1959,1175.34,10
27777,Ganderkesee,53.0416,8.533,-8.5,10.3416,1959,1175.34,34
27793,Wildeshausen,52.8867,8.395,-8.5,10.174,1983,1189.92,36
27798,"Hude (Oldenburg)",53.1154,8.3534,-8.5,9.9515,2046,1227.78,4
27801,Dötlingen,52.9641,8.4298,-8.5,10.174,1983,1189.92,41
27804,Berne,53.1742,8.4782,-8.5,9.9515,2046,1227.78,0
27809,Lemwerder,53.1457,8.5925,-8.5,10.3416,1959,1175.34,-1
28195,Bremen,53.0793,8.8077,-8.5,10.3416,1959,1175.34,11
28197,Bremen,53.0955,8.7196,-8.5,10.3416,1959,1175.34,1
28199,Bremen,53.0516,8.7843,-8.5,10.3416,1959,1175.34,3
28201,Bremen,53.06,8.8213,-8.5,10.3416,1959,1175.34,7
28203,Bremen,53.0746,8.8235,-8.5,10.3416,1959,1175.34,9
28205,Bremen,53.0685,8.8444,-8.5,10.3416,1959,1175.34,10
28207,Bremen,53.0661,8.8657,-8.5,10.3416,1959,1175.34,12
28209,Bremen,53.0868,8.8289,-8.5,10.3416,1959,1175.34,11
28211,Bremen,53.0808,8.8492,-8.5,10.3416,1959,1175.34,8
28213,Bremen,53.0986,8.8384,-8.5,10.3416,1959,1175.34,6
28215,Bremen,53.0956,8.8094,-8.5,10.3416,1959,1175.34,6
28217,Bremen,53.0903,8.7863,-8.5,10.3416,1959,1175.34,7
28219,Bremen,53.1123,8.7965,-8.5,10.3416,1959,1175.34,2
28237,Bremen,53.133,8.6975,-8.5,10.3416,1959,1175.34,4
28239,Bremen,53.1347,8.743,-8.5,10.3416,1959,1175.34,4
28259,Bremen,53.057,8.734,-8.5,10.3416,1959,1175.34,8
28277,Bremen,53.036,8.819,-8.5,10.3416,1959,1175.34,8
28279,Bremen,53.0354,8.8504,-8.5,10.3416,1959,1175.34,9
28307,Bremen,53.0421,8.933,-8.5,10.3416,1959,1175.34,7
28309,Bremen,53.0454,8.8898,-8.5,10.3416,1959,1175.34,9
28325,Bremen,53.0681,8.9498,-8.5,10.3416,1959,1175.34,6
28327,Bremen,53.0701,8.9255,-8.5,10.3416,1959,1175.34,6
28329,Bremen,53.078,8.8825,-8.5,10.3416,1959,1175.34,10
28355,Bremen,53.0999,8.9349,-8.5,10.3416,1959,1175.34,2
28357,Bremen,53.1181,8.8816,-8.5,10.3416,1959,1175.34,1
28359,Bremen,53.0999,8.8707,-8.5,10.3416,1959,1175.34,6
28717,Bremen,53.1727,8.6939,-8.5,10.3416,1959,1175.34,33
28719,Bremen,53.1616,8.7229,-8.5,10.3416,1959,1175.34,0
28755,Bremen,53.179,8.6039,-8.5,10.3416,1959,1175.34,25
28757,Bremen,53.1807,8.6444,-8.5,10.3416,1959,1175.34,9
28759,Bremen,53.1666,8.6533,-8.5,10.3416,1959,1175.34,28
28777,Bremen,53.2036,8.5289,-8.5,9.9515,2046,1227.78,12
28779,Bremen,53.2019,8.5724,-8.5,10.3416,1959,1175.34,10
28790,Schwanewede,53.2502,8.5957,-8.5,9.9995,2044,1226.28,14
28816,Stuhr,52.9961,8.7263,-8.5,10.3416,1959,1175.34,9
28832,Achim,53.0206,9.0401,-8.5,10.3416,1959,1175.34,31
28844,Weyhe,52.9878,8.8645,-8.5,10.3416,1959,1175.34,10
28857,Syke,52.9058,8.8463,-8.5,10.1836,1992,1195.26,31
28865,Lilienthal,53.1631,8.8857,-8.5,9.9995,2044,1226.28,0
28870,Ottersberg,53.1212,9.1295,-8.5,10.1334,2020,1211.7,12
28876,Oyten,53.0759,9.0516,-8.5,10.3416,1959,1175.34,7
28879,Grasberg,53.1805,9.0067,-8.5,9.9995,2044,1226.28,5
29221,Celle,52.6185,10.0824,-8.5,10.4529,1976,1185.84,42
29223,Celle,52.6307,10.1119,-8.5,10.4529,1976,1185.84,46
29225,Celle,52.6083,10.0245,-8.5,10.4529,1976,1185.84,38
29227,Celle,52.5867,10.1074,-8.5,10.4529,1976,1185.84,39
29229,Celle,52.6792,10.1006,-8.5,10.4529,1976,1185.84,76
29303,Bergen,52.8136,9.9462,-8.5,9.8099,2131,1278.78,75
29308,"Winsen (Aller)",52.7108,9.9047,-8.5,9.8099,2131,1278.78,45
29313,Hambühren,52.6215,9.9417,-8.5,10.4529,1976,1185.84,42
29320,Hermannsburg,52.8111,10.1075,-8.5,9.8099,2131,1278.78,67
29323,Wietze,52.6384,9.8334,-8.5,10.4529,1976,1185.84,32
29328,Faßberg,52.8835,10.1927,-8.5,9.6186,2201,1320.66,70
29331,Lachendorf,52.6255,10.2194,-8.5,10.4529,1976,1185.84,57
29336,Nienhagen,52.5435,10.1006,-8.5,10.4529,1976,1185.84,41
29339,Wathlingen,52.5259,10.1436,-8.5,10.4529,1976,1185.84,45
29342,Wienhausen,52.5888,10.1905,-8.5,10.4529,1976,1185.84,42
29345,Unterlüß,52.8083,10.2457,-8.5,9.6186,2201,1320.66,108
29348,Eschede,52.7493,10.2931,-8.5,9.6186,2201,1320.66,86
29351,Eldingen,52.6666,10.3435,-8.5,9.9844,2108,1264.5,70
29352,Adelheidsdorf,52.564,10.0361,-8.5,10.4529,1976,1185.84,45
29353,Ahnsbeck,52.6086,10.2932,-8.5,10.4529,1976,1185.84,58
29355,Beedenbostel,52.6486,10.2608,-8.5,10.4529,1976,1185.84,56
29356,Bröckel,52.5165,10.2228,-8.5,10.4529,1976,1185.84,45
29358,Eicklingen,52.5465,10.1924,-8.5,10.4529,1976,1185.84,46
29359,Habighorst,52.7041,10.2104,-8.5,10.4529,1976,1185.84,66
29361,Höfer,52.6796,10.2505,-8.5,10.4529,1976,1185.84,62
29362,Hohne,52.5935,10.3621,-8.5,9.9844,2108,1264.5,55
29364,Langlingen,52.547,10.2904,-8.5,10.4529,1976,1185.84,45
29365,Sprakensehl,52.7816,10.4958,-8.5,9.8679,2116,1269.78,122
29367,Steinhorst,52.7149,10.4228,-8.5,9.9844,2108,1264.5,103
29369,Ummern,52.5862,10.4436,-8.5,9.9844,2108,1264.5,56
29378,Wittingen,52.6577,10.8099,-8.5,9.9844,2108,1264.5,81
29379,Wittingen,52.6595,10.6872,-8.5,9.9844,2108,1264.5,75
29386,Hankensbüttel,52.7095,10.5776,-8.5,9.9844,2108,1264.5,116
29389,Bodenteich,52.8499,10.6968,-8.5,9.8679,2116,1269.78,65
29392,Wesendorf,52.5867,10.5362,-8.5,9.9844,2108,1264.5,61
29393,"Groß Oesingen",52.6469,10.468,-8.5,9.9844,2108,1264.5,77
29394,Lüder,52.7973,10.657,-8.5,9.9844,2108,1264.5,83
29396,Schönewörde,52.6259,10.6401,-8.5,9.9844,2108,1264.5,63
29399,Wahrenholz,52.5874,10.6026,-8.5,9.9844,2108,1264.5,57
29410,Salzwedel,52.845,11.1639,-8.5,10.0942,2077,1246.02,24
29413,Diesdorf,52.7852,10.8759,-8.5,9.9844,2108,1264.5,55
29416,Pretzier,52.7593,11.0766,-8.5,10.0942,2077,1246.02,38
29439,Lüchow,52.9843,11.1577,-8.5,10.0942,2077,1246.02,20
29451,"Dannenberg (Elbe)",53.0969,11.1101,-8.5,10.0942,2077,1246.02,17
29456,Hitzacker,53.1596,11.0,-8.5,10.0942,2077,1246.02,46
29459,Clenze,52.9415,10.9442,-8.5,10.0942,2077,1246.02,38
29462,Wustrow,52.9307,11.1116,-8.5,10.0942,2077,1246.02,17
29465,Schnega,52.8927,10.8694,-8.5,10.0942,2077,1246.02,41
29468,"Bergen (Dumme)",52.8878,10.9466,-8.5,10.0942,2077,1246.02,71
29471,Gartow,53.006,11.446,-8.5,10.1616,2089,1253.28,38
29472,Damnatz,53.1424,11.1631,-8.5,10.0942,2077,1246.02,19
29473,Göhrde,53.1101,10.8457,-8.5,10.0942,2077,1246.02,96
29475,Gorleben,53.0377,11.3748,-8.5,10.1616,2089,1253.28,40
29476,Gusborn,53.0723,11.1985,-8.5,10.0942,2077,1246.02,13
29478,Höhbeck,53.0581,11.4442,-8.5,10.1616,2089,1253.28,49
29479,Jameln,53.0415,11.0501,-8.5,10.0942,2077,1246.02,25
29481,Karwitz,53.0898,10.9969,-8.5,10.0942,2077,1246.02,45
29482,Küsten,52.9908,11.0512,-8.5,10.0942,2077,1246.02,29
29484,Langendorf,53.0775,11.2622,-8.5,10.0942,2077,1246.02,40
29485,Lemgow,52.9136,11.3153,-8.5,10.0942,2077,1246.02,33
29487,Luckau,52.9334,11.0334,-8.5,10.0942,2077,1246.02,31
29488,Lübbow,52.9149,11.2068,-8.5,10.0942,2077,1246.02,31
29490,"Neu Darchau",53.2139,10.9014,-8.5,10.0266,2086,1251.72,62
29491,Prezelle,52.9573,11.4119,-8.5,10.1616,2089,1253.28,25
29493,Schnackenburg,53.0263,11.5398,-8.5,10.1616,2089,1253.28,17
29494,Trebel,53.0035,11.2905,-8.5,10.0942,2077,1246.02,37
29496,Waddeweitz,53.0002,10.9513,-8.5,10.0942,2077,1246.02,57
29497,Woltersdorf,52.9528,11.2455,-8.5,10.0942,2077,1246.02,44
29499,Zernien,53.0673,10.8914,-8.5,10.0942,2077,1246.02,90
29525,Uelzen,52.9722,10.5661,-8.5,9.8679,2116,1269.78,38
29549,"Bad Bevensen",53.0713,10.6045,-8.5,9.8679,2116,1269.78,44
29553,Bienenbüttel,53.1479,10.4941,-8.5,9.9592,2098,1259.04,25
29556,Suderburg,52.8789,10.4332,-8.5,9.8679,2116,1269.78,74
29559,Wrestedt,52.8776,10.5739,-8.5,9.8679,2116,1269.78,57
29562,Suhlendorf,52.9283,10.775,-8.5,9.8679,2116,1269.78,63
29565,Wriedel,53.0399,10.2663,-8.5,9.6186,2201,1320.66,95
29571,Rosche,52.991,10.7711,-8.5,9.8679,2116,1269.78,59
29574,Ebstorf,53.0314,10.4115,-8.5,9.8679,2116,1269.78,57
29575,Altenmedingen,53.1445,10.6131,-8.5,9.9592,2098,1259.04,61
29576,Barum,53.046,10.5218,-8.5,9.8679,2116,1269.78,74
29578,Eimke,52.9254,10.315,-8.5,9.6186,2201,1320.66,101
29579,Emmendorf,53.0283,10.5718,-8.5,9.8679,2116,1269.78,39
29581,Gerdau,52.9643,10.4217,-8.5,9.8679,2116,1269.78,47
29582,Hanstedt,53.0739,10.3629,-8.5,9.9592,2098,1259.04,104
29584,Himbergen,53.1095,10.7129,-8.5,9.9592,2098,1259.04,79
29585,Jelmstorf,53.1068,10.5382,-8.5,9.9592,2098,1259.04,30
29587,Natendorf,53.0623,10.4549,-8.5,9.8679,2116,1269.78,70
29588,Oetzen,53.0136,10.6932,-8.5,9.8679,2116,1269.78,48
29590,Rätzlingen,52.9791,10.6725,-8.5,9.8679,2116,1269.78,60
29591,Römstedt,53.1053,10.652,-8.5,9.9592,2098,1259.04,56
29593,Schwienau,52.9875,10.3621,-8.5,9.8679,2116,1269.78,64
29594,Soltendieck,52.8698,10.7767,-8.5,9.8679,2116,1269.78,69
29597,Stoetze,53.0634,10.7992,-8.5,9.8679,2116,1269.78,101
29599,Weste,53.0554,10.6992,-8.5,9.8679,2116,1269.78,58
29614,Soltau,52.9893,9.844,-8.5,9.826,2116,1269.72,69
29633,Munster,52.991,10.1106,-8.5,9.6186,2201,1320.66,86
29640,Schneverdingen,53.121,9.8061,-8.5,9.826,2116,1269.72,105
29643,Neuenkirchen,53.053,9.698,-8.5,9.826,2116,1269.72,60
29646,Bispingen,53.1075,10.0027,-8.5,9.826,2116,1269.72,89
29649,Wietzendorf,52.924,9.9836,-8.5,9.8099,2131,1278.78,67
29664,Walsrode,52.8689,9.5005,-8.5,9.826,2116,1269.72,71
29683,Fallingbostel,52.8837,9.7756,-8.5,9.826,2116,1269.72,74
29690,Schwarmstedt,52.6699,9.6408,-8.5,10.4926,1947,1167.96,27
29693,Hodenhagen,52.7739,9.5234,-8.5,10.4838,1934,1160.7,40
29699,Bomlitz,52.921,9.6532,-8.5,9.826,2116,1269.72,86
30159,Hannover,52.3738,9.7383,-9.0,10.4926,1947,1167.96,50
30161,Hannover,52.3845,9.7417,-9.0,10.4926,1947,1167.96,58
30163,Hannover,52.3976,9.7469,-9.0,10.4926,1947,1167.96,58
30165,Hannover,52.4038,9.7213,-9.0,10.4926,1947,1167.96,53
30167,Hannover,52.3862,9.7135,-9.0,10.4926,1947,1167.96,62
30169,Hannover,52.3609,9.7348,-9.0,10.4926,1947,1167.96,56
30171,Hannover,52.3653,9.7543,-9.0,10.4926,1947,1167.96,61
30173,Hannover,52.3521,9.7542,-9.0,10.4926,1947,1167.96,57
30175,Hannover,52.3783,9.7701,-9.0,10.4926,1947,1167.96,60
30177,Hannover,52.3943,9.7692,-9.0,10.4926,1947,1167.96,57
30179,Hannover,52.4166,9.7468,-9.0,10.4926,1947,1167.96,54
30419,Hannover,52.4111,9.6763,-9.0,10.4926,1947,1167.96,57
30449,Hannover,52.3626,9.7139,-9.0,10.4926,1947,1167.96,69
30451,Hannover,52.3744,9.7061,-9.0,10.4926,1947,1167.96,61
30453,Hannover,52.3712,9.6895,-9.0,10.4926,1947,1167.96,50
30455,Hannover,52.3598,9.6671,-9.0,10.4926,1947,1167.96,62
30457,Hannover,52.3286,9.689,-9.0,10.4926,1947,1167.96,65
30459,Hannover,52.3416,9.7269,-9.0,10.4926,1947,1167.96,57
30519,Hannover,52.3362,9.7762,-9.0,10.4926,1947,1167.96,59
30521,Hannover,52.3247,9.8069,-9.0,10.4926,1947,1167.96,75
30539,Hannover,52.3255,9.8388,-9.0,10.4926,1947,1167.96,93
30559,Hannover,52.3607,9.8625,-9.0,10.4926,1947,1167.96,71
30625,Hannover,52.3774,9.7982,-9.0,10.4926,1947,1167.96,63
30627,Hannover,52.3914,9.8211,-9.0,10.4926,1947,1167.96,58
30629,Hannover,52.3944,9.8519,-9.0,10.4926,1947,1167.96,65
30655,Hannover,52.4012,9.8055,-9.0,10.4926,1947,1167.96,60
30657,Hannover,52.4339,9.7857,-9.0,10.4926,1947,1167.96,60
30659,Hannover,52.418,9.8217,-9.0,10.4926,1947,1167.96,54
30669,Hannover,52.4644,9.6856,-9.0,10.4926,1947,1167.96,54
30823,Garbsen,52.4197,9.5854,-9.0,10.4926,1947,1167.96,56
30826,Garbsen,52.4586,9.5616,-9.0,10.4926,1947,1167.96,54
30827,Garbsen,52.4426,9.6167,-9.0,10.4926,1947,1167.96,57
30851,Langenhagen,52.433,9.7363,-9.0,10.4926,1947,1167.96,53
30853,Langenhagen,52.4479,9.7495,-9.0,10.4926,1947,1167.96,50
30855,Langenhagen,52.4797,9.7133,-9.0,10.4926,1947,1167.96,47
30880,Laatzen,52.2855,9.8399,-9.0,10.4926,1947,1167.96,70
30890,Barsinghausen,52.3244,9.4737,-9.0,10.6589,1904,1142.52,64
30900,Wedemark,52.5514,9.7191,-9.0,10.4926,1947,1167.96,59
30916,Isernhagen,52.4519,9.8491,-9.0,10.4926,1947,1167.96,61
30926,Seelze,52.378,9.5673,-9.0,10.6589,1904,1142.52,58
30938,Burgwedel,52.534,9.889,-9.0,10.4529,1976,1185.84,49
30952,Ronnenberg,52.308,9.6523,-9.0,10.6589,1904,1142.52,80
30966,Hemmingen,52.3027,9.7241,-9.0,10.4926,1947,1167.96,66
30974,"Wennigsen (Deister)",52.2642,9.5697,-9.0,10.6589,1904,1142.52,100
30982,Pattensen,52.2479,9.7465,-9.0,10.6589,1904,1142.52,69
30989,Gehrden,52.3207,9.5886,-9.0,10.6589,1904,1142.52,72
31008,Elze,52.1246,9.7172,-9.0,10.0162,2069,1241.16,97
31020,Salzhemmendorf,52.0645,9.6068,-9.0,10.4578,1947,1168.38,218
31028,"Gronau (Leine)",52.0844,9.7941,-9.0,10.0162,2069,1241.16,108
31036,Eime,52.0571,9.7009,-9.0,10.0162,2069,1241.16,121
31061,"Alfeld (Leine)",51.9854,9.8309,-9.0,10.0162,2069,1241.16,108
31073,Delligsen,51.9311,9.7759,-9.0,10.0162,2069,1241.16,215
31079,Sibbesse,52.0342,9.9181,-9.0,10.0162,2069,1241.16,189
31084,"Freden (Leine)",51.9314,9.9332,-9.0,10.0162,2069,1241.16,178
31089,Duingen,52.0064,9.6906,-9.0,10.0162,2069,1241.16,210
31134,Hildesheim,52.1429,9.9541,-9.0,10.0162,2069,1241.16,93
31135,Hildesheim,52.1645,9.9953,-9.0,10.0162,2069,1241.16,94
31137,Hildesheim,52.1646,9.923,-9.0,10.0162,2069,1241.16,75
31139,Hildesheim,52.1257,9.8963,-9.0,10.0162,2069,1241.16,195
31141,Hildesheim,52.1254,9.9892,-9.0,10.0162,2069,1241.16,121
31157,Sarstedt,52.2418,9.8411,-9.0,10.4926,1947,1167.96,61
31162,"Bad Salzdetfurth",52.075,10.0308,-9.0,10.0162,2069,1241.16,95
31167,Bockenem,52.0064,10.1184,-9.0,9.909,2102,1260.9,116
31171,Nordstemmen,52.1614,9.8098,-9.0,10.0162,2069,1241.16,82
31174,Schellerten,52.1652,10.0966,-9.0,10.0285,2082,1249.5,97
31177,Harsum,52.2049,10.0104,-9.0,10.0162,2069,1241.16,92
31180,Giesen,52.2053,9.8875,-9.0,10.0162,2069,1241.16,74
31185,Söhlde,52.2009,10.1823,-9.0,10.4685,1965,1178.76,81
31188,Holle,52.0862,10.1383,-9.0,10.0285,2082,1249.5,189
31191,Algermissen,52.2601,9.971,-9.0,10.4926,1947,1167.96,70
31195,Lamspringe,51.9765,9.9963,-9.0,10.0162,2069,1241.16,310
31199,Diekholzen,52.0963,9.9497,-9.0,10.0162,2069,1241.16,130
31224,Peine,52.3241,10.2805,-9.0,10.4685,1965,1178.76,68
31226,Peine,52.3113,10.1629,-9.0,10.4685,1965,1178.76,82
31228,Peine,52.3453,10.1984,-9.0,10.4685,1965,1178.76,66
31234,Edemissen,52.4075,10.294,-9.0,10.4685,1965,1178.76,68
31241,Ilsede,52.2726,10.1867,-9.0,10.4685,1965,1178.76,81
31246,Lahstedt,52.2401,10.2495,-9.0,10.4685,1965,1178.76,95
31249,Hohenhameln,52.2658,10.0826,-9.0,10.4685,1965,1178.76,93
31275,Lehrte,52.3831,10.008,-9.0,10.4529,1976,1185.84,74
31303,Burgdorf,52.4731,10.016,-9.0,10.4529,1976,1185.84,67
31311,Uetze,52.4509,10.1577,-9.0,10.4529,1976,1185.84,59
31319,Sehnde,52.3184,9.9378,-9.0,10.4926,1947,1167.96,68
31515,Wunstorf,52.4259,9.4432,-9.0,10.7353,1898,1138.62,47
31535,"Neustadt am Rübenberge",52.5512,9.4681,-9.0,10.7353,1898,1138.62,55
31542,"Bad Nenndorf",52.3363,9.3772,-9.0,10.6589,1904,1142.52,81
31547,Rehburg-Loccum,52.4573,9.2017,-9.0,10.7353,1898,1138.62,93
31552,Rodenberg,52.3027,9.3233,-9.0,10.6589,1904,1142.52,81
31553,Sachsenhagen,52.396,9.2797,-9.0,10.7353,1898,1138.62,48
31555,Suthfeld,52.3678,9.3981,-9.0,10.6589,1904,1142.52,56
31556,Wölpinghausen,52.4227,9.2349,-9.0,10.7353,1898,1138.62,121
31558,Hagenburg,52.4277,9.3288,-9.0,10.7353,1898,1138.62,47
31559,Haste,52.3738,9.3684,-9.0,10.6589,1904,1142.52,55
31582,"Nienburg (Weser)",52.6377,9.2246,-9.0,10.4838,1934,1160.7,27
31592,Stolzenau,52.5042,9.0158,-9.0,10.4838,1934,1160.7,35
31595,Steyerberg,52.5739,8.9921,-9.0,10.4838,1934,1160.7,38
31600,Uchte,52.5103,8.8881,-9.0,10.509,1925,1155.24,41
31603,Diepenau,52.4519,8.7465,-9.0,10.509,1925,1155.24,42
31604,Raddestorf,52.4502,8.9488,-9.0,10.8173,1859,1115.16,45
31606,Warmsen,52.4361,8.84,-9.0,10.509,1925,1155.24,46
31608,Marklohe,52.6589,9.138,-9.0,10.4838,1934,1160.7,51
31609,Balge,52.7084,9.1683,-9.0,10.4838,1934,1160.7,24
31613,Wietzen,52.7027,9.0675,-9.0,10.4838,1934,1160.7,67
31618,Liebenau,52.6038,9.0836,-9.0,10.4838,1934,1160.7,46
31619,Binnen,52.6387,9.0887,-9.0,10.4838,1934,1160.7,62
31621,Pennigsehl,52.6453,9.0279,-9.0,10.4838,1934,1160.7,49
31622,Heemsen,52.7157,9.3004,-9.0,10.4838,1934,1160.7,22
31623,Drakenburg,52.6889,9.2142,-9.0,10.4838,1934,1160.7,16
31626,Haßbergen,52.7329,9.2404,-9.0,10.4838,1934,1160.7,22
31627,Rohrsen,52.7119,9.24,-9.0,10.4838,1934,1160.7,24
31628,Landesbergen,52.5525,9.1529,-9.0,10.4838,1934,1160.7,30
31629,Estorf,52.588,9.1509,-9.0,10.4838,1934,1160.7,33
31632,Husum,52.5727,9.2553,-9.0,10.4838,1934,1160.7,46
31633,Leese,52.5061,9.1366,-9.0,10.4838,1934,1160.7,35
31634,Steimbke,52.6662,9.3807,-9.0,10.4838,1934,1160.7,47
31636,Linsburg,52.5859,9.3212,-9.0,10.4838,1934,1160.7,44
31637,Rodewald,52.6764,9.4726,-9.0,10.4838,1934,1160.7,26
31638,Stöckse,52.6305,9.3416,-9.0,10.4838,1934,1160.7,52
31655,Stadthagen,52.3065,9.2177,-9.0,10.8173,1859,1115.16,100
31675,Bückeburg,52.291,9.0354,-9.0,10.8173,1859,1115.16,50
31683,Obernkirchen,52.2628,9.1418,-9.0,10.8173,1859,1115.16,186
31688,Nienstädt,52.2925,9.1625,-9.0,10.8173,1859,1115.16,104
31691,Helpsen,52.3019,9.123,-9.0,10.8173,1859,1115.16,59
31693,Hespe,52.3309,9.1021,-9.0,10.8173,1859,1115.16,55
31698,Lindhorst,52.3599,9.2857,-9.0,10.6589,1904,1142.52,62
31699,Beckedorf,52.3432,9.3127,-9.0,10.6589,1904,1142.52,74
31700,Heuerßen,52.3348,9.2775,-9.0,10.6589,1904,1142.52,82
31702,Lüdersfeld,52.3581,9.2489,-9.0,10.6589,1904,1142.52,58
31707,"Bad Eilsen",52.2372,9.1043,-9.0,10.8173,1859,1115.16,84
31708,Ahnsen,52.2575,9.0943,-9.0,10.8173,1859,1115.16,80
31710,Buchholz,52.2266,9.1254,-9.0,10.8173,1859,1115.16,114
31711,Luhden,52.2284,9.0869,-9.0,10.8173,1859,1115.16,99
31712,Niedernwöhren,52.3644,9.1423,-9.0,10.8173,1859,1115.16,55
31714,Lauenhagen,52.3648,9.2138,-9.0,10.8173,1859,1115.16,54
31715,Meerbeck,52.3477,9.121,-9.0,10.8173,1859,1115.16,49
31717,Nordsehl,52.3616,9.1819,-9.0,10.8173,1859,1115.16,58
31718,Pollhagen,52.3866,9.1853,-9.0,10.8173,1859,1115.16,55
31719,Wiedensahl,52.3895,9.1284,-9.0,10.8173,1859,1115.16,63
31737,Rinteln,52.1775,9.1095,-9.0,10.8173,1859,1115.16,54
31749,Auetal,52.2366,9.2418,-9.0,10.8173,1859,1115.16,163
31785,Hameln,52.106,9.3608,-9.0,10.4578,1947,1168.38,75
31787,Hameln,52.1094,9.3222,-9.0,10.4578,1947,1168.38,98
31789,Hameln,52.0887,9.4103,-9.0,10.4578,1947,1168.38,86
31812,"Bad Pyrmont",51.964,9.3126,-9.0,9.3663,2232,1339.26,260
31832,Springe,52.1811,9.6307,-9.0,10.4578,1947,1168.38,102
31840,"Hessisch Oldendorf",52.1749,9.2762,-9.0,10.4578,1947,1168.38,104
31848,"Bad Münder am Deister",52.2063,9.4415,-9.0,10.6589,1904,1142.52,144
31855,Aerzen,52.0554,9.2521,-9.0,10.4578,1947,1168.38,165
31860,Emmerthal,52.0179,9.3798,-9.0,10.4578,1947,1168.38,135
31863,Coppenbrügge,52.1113,9.4943,-9.0,10.4578,1947,1168.38,130
31867,Lauenau,52.2563,9.3648,-9.0,10.6589,1904,1142.52,100
31868,Ottenstein,51.9502,9.3978,-9.0,10.4079,1971,1182.84,297
32049,Herford,52.1349,8.7045,-9.0,10.3332,1959,1175.34,114
32051,Herford,52.1053,8.6166,-9.0,10.3332,1959,1175.34,95
32052,Herford,52.0869,8.6523,-9.0,10.3332,1959,1175.34,86
32105,"Bad Salzuflen",52.0883,8.7424,-9.0,10.3332,1959,1175.34,91
32107,"Bad Salzuflen",52.0669,8.6956,-9.0,10.3332,1959,1175.34,101
32108,"Bad Salzuflen",52.0684,8.7954,-9.0,10.3332,1959,1175.34,134
32120,Hiddenhausen,52.156,8.6313,-9.0,10.3332,1959,1175.34,99
32130,Enger,52.1376,8.5489,-9.0,10.3236,1956,1173.78,91
32139,Spenge,52.1303,8.4751,-9.0,10.3236,1956,1173.78,103
32257,Bünde,52.2043,8.5653,-9.0,10.3236,1956,1173.78,83
32278,Kirchlengern,52.2282,8.6518,-9.0,10.3332,1959,1175.34,103
32289,Rödinghausen,52.2387,8.4932,-9.0,10.3236,1956,1173.78,101
32312,Lübbecke,52.306,8.5986,-9.0,10.509,1925,1155.24,68
32339,Espelkamp,52.3743,8.6227,-9.0,10.509,1925,1155.24,63
32351,Stemwede,52.4165,8.4667,-9.0,10.509,1925,1155.24,42
32361,"Preußisch Oldendorf",52.3023,8.5035,-9.0,10.509,1925,1155.24,58
32369,Rahden,52.4699,8.6384,-9.0,10.509,1925,1155.24,39
32423,Minden,52.2986,8.9504,-9.0,10.8173,1859,1115.16,45
32425,Minden,52.3307,8.894,-9.0,10.8173,1859,1115.16,59
32427,Minden,52.3028,8.8555,-9.0,10.8173,1859,1115.16,55
32429,Minden,52.2709,8.8506,-9.0,10.8173,1859,1115.16,53
32457,"Porta Westfalica",52.2226,8.9521,-9.0,10.8173,1859,1115.16,101
32469,Petershagen,52.4029,9.0394,-9.0,10.8173,1859,1115.16,41
32479,Hille,52.3287,8.7756,-9.0,10.509,1925,1155.24,52
32545,"Bad Oeynhausen",52.1805,8.7942,-9.0,10.3332,1959,1175.34,151
32547,"Bad Oeynhausen",52.1991,8.8304,-9.0,10.3332,1959,1175.34,89
32549,"Bad Oeynhausen",52.2385,8.7882,-9.0,10.3332,1959,1175.34,76
32584,Löhne,52.2022,8.7225,-9.0,10.3332,1959,1175.34,57
32602,Vlotho,52.141,8.8475,-9.0,10.3332,1959,1175.34,130
32609,Hüllhorst,52.2731,8.6663,-9.0,10.3332,1959,1175.34,122
32657,Lemgo,52.0277,8.9178,-9.0,10.3332,1959,1175.34,107
32676,Lügde,51.898,9.2666,-9.0,9.3663,2232,1339.26,301
32683,Barntrup,52.0078,9.1415,-9.0,9.3663,2232,1339.26,277
32689,Kalletal,52.1222,8.9591,-9.0,10.3332,1959,1175.34,292
32694,Dörentrup,52.0345,9.0206,-9.0,10.3332,1959,1175.34,186
32699,Extertal,52.0924,9.0913,-9.0,10.8173,1859,1115.16,186
32756,Detmold,51.9378,8.8779,-9.0,10.3751,1959,1175.34,137
32758,Detmold,51.967,8.9023,-9.0,10.3332,1959,1175.34,169
32760,Detmold,51.8916,8.8631,-9.0,10.3751,1959,1175.34,300
32791,Lage,51.9895,8.7718,-9.0,10.3332,1959,1175.34,132
32805,"Horn-Bad Meinberg",51.8752,8.9782,-9.0,10.3751,1959,1175.34,208
32816,Schieder-Schwalenberg,51.904,9.1672,-9.0,9.3663,2232,1339.26,234
32825,Blomberg,51.9435,9.0401,-9.0,9.3663,2232,1339.26,164
32832,Augustdorf,51.8968,8.749,-9.0,10.3751,1959,1175.34,190
32839,Steinheim,51.8518,9.0567,-9.0,9.3663,2232,1339.26,158
33014,"Bad Driburg",51.7268,9.0382,-9.0,10.3751,1959,1175.34,248
33034,Brakel,51.7089,9.1798,-9.0,9.3663,2232,1339.26,144
33039,Nieheim,51.8032,9.1184,-9.0,9.3663,2232,1339.26,214
33098,Paderborn,51.7121,8.7561,-9.0,10.3751,1959,1175.34,140
33100,Paderborn,51.72,8.8286,-9.0,10.3751,1959,1175.34,222
33102,Paderborn,51.7334,8.7463,-9.0,10.3751,1959,1175.34,111
33104,Paderborn,51.7679,8.7209,-9.0,10.3751,1959,1175.34,116
33106,Paderborn,51.7187,8.6822,-9.0,10.3751,1959,1175.34,136
33129,Delbrück,51.7681,8.5504,-9.0,10.7244,1856,1113.6,113
33142,Büren,51.5508,8.5763,-9.0,10.7244,1856,1113.6,281
33154,Salzkotten,51.6806,8.6112,-9.0,10.7244,1856,1113.6,103
33161,Hövelhof,51.8247,8.6833,-9.0,10.3751,1959,1175.34,117
33165,Lichtenau,51.6102,8.908,-9.0,9.5844,2189,1313.58,329
33175,"Bad Lippspringe",51.7775,8.8324,-9.0,10.3751,1959,1175.34,150
33178,Borchen,51.6461,8.7718,-9.0,10.3751,1959,1175.34,260
33181,Wünnenberg,51.5267,8.7313,-9.0,8.8918,2356,1413.72,306
33184,Altenbeken,51.7412,8.9386,-9.0,10.3751,1959,1175.34,351
33189,Schlangen,51.838,8.8143,-9.0,10.3751,1959,1175.34,181
33330,Gütersloh,51.9129,8.373,-9.0,10.3236,1956,1173.78,78
33332,Gütersloh,51.8956,8.3976,-9.0,10.3236,1956,1173.78,77
33333,Gütersloh,51.8846,8.4436,-9.0,10.3236,1956,1173.78,86
33334,Gütersloh,51.9133,8.3339,-9.0,10.3236,1956,1173.78,72
33335,Gütersloh,51.9239,8.4582,-9.0,10.3236,1956,1173.78,90
33378,Rheda-Wiedenbrück,51.8392,8.3043,-9.0,11.1455,1766,1059.54,71
33397,Rietberg,51.823,8.4396,-9.0,10.7244,1856,1113.6,81
33415,Verl,51.8783,8.5244,-9.0,10.3236,1956,1173.78,96
33428,Harsewinkel,51.9755,8.2286,-9.0,11.1455,1766,1059.54,66
33442,Herzebrock-Clarholz,51.8989,8.232,-9.0,11.1455,1766,1059.54,73
33449,Langenberg,51.7713,8.3201,-9.0,10.7244,1856,1113.6,83
33602,Bielefeld,52.022,8.5338,-9.0,10.3236,1956,1173.78,120
33604,Bielefeld,52.0089,8.5488,-9.0,10.3236,1956,1173.78,130
33605,Bielefeld,51.9997,8.5745,-9.0,10.3236,1956,1173.78,138
33607,Bielefeld,52.0228,8.5725,-9.0,10.3236,1956,1173.78,99
33609,Bielefeld,52.0442,8.5756,-9.0,10.3236,1956,1173.78,103
33611,Bielefeld,52.0515,8.5512,-9.0,10.3236,1956,1173.78,113
33613,Bielefeld,52.0482,8.5191,-9.0,10.3236,1956,1173.78,95
33615,Bielefeld,52.0327,8.509,-9.0,10.3236,1956,1173.78,124
33617,Bielefeld,52.004,8.5253,-9.0,10.3236,1956,1173.78,150
33619,Bielefeld,52.0464,8.471,-9.0,10.3236,1956,1173.78,114
33647,Bielefeld,51.9837,8.5123,-9.0,10.3236,1956,1173.78,145
33649,Bielefeld,51.9821,8.4698,-9.0,10.3236,1956,1173.78,102
33659,Bielefeld,51.9533,8.5248,-9.0,10.3236,1956,1173.78,123
33689,Bielefeld,51.9459,8.5945,-9.0,10.3236,1956,1173.78,153
33699,Bielefeld,51.9846,8.6267,-9.0,10.3236,1956,1173.78,167
33719,Bielefeld,52.0235,8.6192,-9.0,10.3236,1956,1173.78,94
33729,Bielefeld,52.054,8.6207,-9.0,10.3332,1959,1175.34,86
33739,Bielefeld,52.0859,8.5193,-9.0,10.3236,1956,1173.78,148
33758,"Schloß Holte-Stukenbrock",51.8866,8.6737,-9.0,10.3751,1959,1175.34,134
33775,Versmold,52.0384,8.1733,-9.0,10.3236,1956,1173.78,71
33790,"Halle (Westfalen)",52.046,8.3364,-9.0,10.3236,1956,1173.78,103
33803,Steinhagen,52.0017,8.4036,-9.0,10.3236,1956,1173.78,96
33813,Oerlinghausen,51.9448,8.6758,-9.0,10.3332,1959,1175.34,266
33818,Leopoldshöhe,52.0086,8.6882,-9.0,10.3332,1959,1175.34,118
33824,"Werther (Westfalen)",52.0792,8.4186,-9.0,10.3236,1956,1173.78,127
33829,Borgholzhausen,52.0929,8.2806,-9.0,10.3236,1956,1173.78,137
34117,Kassel,51.3162,9.492,-9.0,9.3641,2276,1365.54,192
34119,Kassel,51.3174,9.4661,-9.0,9.3641,2276,1365.54,198
34121,Kassel,51.3014,9.4783,-9.0,9.3641,2276,1365.54,168
34123,Kassel,51.2997,9.5223,-9.0,9.3641,2276,1365.54,145
34125,Kassel,51.328,9.5219,-9.0,9.3641,2276,1365.54,145
34127,Kassel,51.3359,9.4896,-9.0,9.3641,2276,1365.54,169
34128,Kassel,51.3418,9.4219,-9.0,9.3641,2276,1365.54,257
34130,Kassel,51.3245,9.4379,-9.0,9.3641,2276,1365.54,224
34131,Kassel,51.3127,9.4003,-9.0,9.3641,2276,1365.54,434
34132,Kassel,51.2862,9.4186,-9.0,9.3641,2276,1365.54,271
34134,Kassel,51.2757,9.4701,-9.0,9.3641,2276,1365.54,181
34212,Melsungen,51.1396,9.5677,-9.0,9.3641,2276,1365.54,269
34225,Baunatal,51.2482,9.415,-9.0,9.8729,2130,1277.88,206
34233,Fuldatal,51.3827,9.5204,-9.0,9.3641,2276,1365.54,240
34246,Vellmar,51.3625,9.4668,-9.0,9.3641,2276,1365.54,197
34253,Lohfelden,51.2678,9.5537,-9.0,9.3641,2276,1365.54,223
34260,Kaufungen,51.2779,9.6242,-9.0,9.3641,2276,1365.54,237
34266,Niestetal,51.3159,9.5857,-9.0,9.3641,2276,1365.54,188
34270,Schauenburg,51.2813,9.3172,-9.0,9.8729,2130,1277.88,364
34277,Fuldabrück,51.2449,9.4875,-9.0,9.3641,2276,1365.54,182
34281,Gudensberg,51.1776,9.362,-9.0,9.9022,2132,1278.9,227
34286,Spangenberg,51.125,9.6856,-9.0,9.3107,2289,1373.4,457
34289,Zierenberg,51.3864,9.2767,-9.0,9.8729,2130,1277.88,361
34292,Ahnatal,51.3677,9.3996,-9.0,9.3641,2276,1365.54,252
34295,Edermünde,51.2175,9.3889,-9.0,9.8729,2130,1277.88,200
34298,Helsa,51.2383,9.6613,-9.0,9.3641,2276,1365.54,455
34302,Guxhagen,51.1957,9.4798,-9.0,9.3641,2276,1365.54,159
34305,Niedenstein,51.2209,9.3062,-9.0,9.8729,2130,1277.88,263
34308,"Bad Emstal",51.2587,9.2523,-9.0,9.8729,2130,1277.88,415
34311,Naumburg,51.2292,9.1844,-9.0,9.8729,2130,1277.88,273
34314,Espenau,51.3946,9.4701,-9.0,9.3641,2276,1365.54,253
34317,Habichtswald,51.326,9.3343,-9.0,9.8729,2130,1277.88,434
34320,Söhrewald,51.2264,9.5935,-9.0,9.3641,2276,1365.54,362
34323,Malsfeld,51.0829,9.5093,-9.0,9.9022,2132,1278.9,275
34326,Morschen,51.0593,9.6035,-9.0,8.6192,2483,1489.92,191
34327,Körle,51.1757,9.5144,-9.0,9.3641,2276,1365.54,203
34329,Nieste,51.3104,9.6503,-9.0,9.3641,2276,1365.54,327
34346,"Hannoversch Münden",51.409,9.6804,-9.0,9.3641,2276,1365.54,255
34355,Staufenberg,51.3398,9.657,-9.0,9.3641,2276,1365.54,257
34359,Reinhardshagen,51.4845,9.6023,-9.0,9.7584,2141,1284.54,119
34369,Hofgeismar,51.506,9.5206,-9.0,9.7584,2141,1284.54,364
34376,Immenhausen,51.4328,9.4875,-9.0,9.3641,2276,1365.54,269
34379,Calden,51.3927,9.3577,-9.0,9.8729,2130,1277.88,256
34385,"Bad Karlshafen",51.63,9.4515,-9.0,9.7584,2141,1284.54,128
34388,Trendelburg,51.5861,9.4498,-9.0,9.7584,2141,1284.54,230
34393,Grebenstein,51.4492,9.4177,-9.0,9.3641,2276,1365.54,182
34396,Liebenau,51.4874,9.2919,-9.0,9.5844,2189,1313.58,219
34399,Oberweser,51.5906,9.6047,-9.0,9.7584,2141,1284.54,144
34414,Warburg,51.4957,9.1406,-9.0,9.5844,2189,1313.58,195
34431,Marsberg,51.445,8.8491,-9.0,9.4099,2250,1349.88,271
34434,Borgentreich,51.5719,9.2577,-9.0,9.5844,2189,1313.58,205
34439,Willebadessen,51.5956,9.1145,-9.0,9.5844,2189,1313.58,216
34454,Arolsen,51.3884,8.9891,-9.0,9.4099,2250,1349.88,320
34466,Wolfhagen,51.3279,9.1935,-9.0,9.8729,2130,1277.88,367
34471,Volkmarsen,51.4107,9.1098,-9.0,9.5844,2189,1313.58,181
34474,Diemelstadt,51.4775,8.995,-9.0,9.5844,2189,1313.58,275
34477,Twistetal,51.3244,8.9492,-9.0,9.4099,2250,1349.88,287
34479,Breuna,51.4355,9.1867,-9.0,9.5844,2189,1313.58,277
34497,Korbach,51.2671,8.8407,-9.0,9.4099,2250,1349.88,373
34508,"Willingen (Upland)",51.2974,8.6353,-9.0,8.8918,2356,1413.72,699
34513,Waldeck,51.2502,9.036,-9.0,9.4099,2250,1349.88,349
34516,Vöhl,51.181,8.9088,-9.0,9.4099,2250,1349.88,243
34519,Diemelsee,51.349,8.7841,-9.0,9.4099,2250,1349.88,420
34537,"Bad Wildungen",51.0966,9.1071,-9.0,9.9022,2132,1278.9,374
34549,Edertal,51.164,9.0529,-9.0,9.9022,2132,1278.9,203
34560,Fritzlar,51.1467,9.2612,-9.0,9.9022,2132,1278.9,281
34576,"Homberg (Efze)",51.0186,9.4075,-9.0,8.6192,2483,1489.92,269
34582,"Borken (Hessen)",51.0458,9.2752,-9.0,9.9022,2132,1278.9,193
34587,Felsberg,51.1378,9.4473,-9.0,9.9022,2132,1278.9,164
34590,Wabern,51.0992,9.3617,-9.0,9.9022,2132,1278.9,164
34593,Knüllwald,50.9941,9.5115,-9.0,8.6192,2483,1489.92,509
34596,"Bad Zwesten",51.0484,9.1739,-9.0,9.9022,2132,1278.9,230
34599,Neuental,50.996,9.2209,-9.0,8.6764,2450,1470.0,233
34613,Schwalmstadt,50.9287,9.2069,-9.0,8.6764,2450,1470.0,269
34621,Frielendorf,50.9582,9.3243,-9.0,8.6192,2483,1489.92,274
34626,Neukirchen,50.8709,9.3684,-9.0,8.6192,2483,1489.92,443
34628,Willingshausen,50.8587,9.2082,-9.0,8.6192,2483,1489.92,256
34630,Gilserberg,50.9482,9.0673,-9.0,8.6764,2450,1470.0,348
34632,Jesberg,50.9882,9.1417,-9.0,8.6764,2450,1470.0,298
34633,Ottrau,50.8069,9.3918,-9.0,9.3682,2265,1359.06,343
34637,Schrecksbach,50.8366,9.2859,-9.0,8.6192,2483,1489.92,226
34639,Schwarzenborn,50.9106,9.4355,-9.0,8.6192,2483,1489.92,533
35037,Marburg,50.7973,8.7447,-9.0,10.1597,2071,1242.66,234
35039,Marburg,50.8287,8.7815,-9.0,10.1597,2071,1242.66,228
35041,Marburg,50.8182,8.7052,-9.0,10.1597,2071,1242.66,264
35043,Marburg,50.7911,8.8191,-9.0,10.1597,2071,1242.66,241
35066,"Frankenberg (Eder)",51.0692,8.7709,-9.0,9.2855,2304,1382.58,327
35075,Gladenbach,50.7711,8.5731,-9.0,10.1597,2071,1242.66,308
35080,"Bad Endbach",50.7647,8.4797,-9.0,9.226,2311,1386.42,392
35083,"Wetter (Hessen)",50.92,8.7544,-9.0,10.1597,2071,1242.66,271
35085,Ebsdorfergrund,50.7361,8.8619,-9.0,9.5784,2228,1337.04,301
35088,"Battenberg (Eder)",51.0491,8.5589,-9.0,7.7597,2705,1622.82,489
35091,Cölbe,50.875,8.8183,-9.0,10.1597,2071,1242.66,254
35094,Lahntal,50.8541,8.663,-9.0,10.1597,2071,1242.66,227
35096,Weimar,50.7469,8.6929,-9.0,10.1597,2071,1242.66,228
35099,Burgwald,51.0168,8.7961,-9.0,9.2855,2304,1382.58,329
35102,Lohra,50.7138,8.6125,-9.0,10.1019,2089,1253.52,305
35104,Lichtenfels,51.1818,8.8004,-9.0,9.2855,2304,1382.58,417
35108,"Allendorf (Eder)",51.0396,8.6658,-9.0,9.2855,2304,1382.58,334
35110,Frankenau,51.0998,8.9273,-9.0,9.2855,2304,1382.58,398
35112,Fronhausen,50.7021,8.7058,-9.0,10.1019,2089,1253.52,167
35114,"Haina (Kloster)",51.0466,8.9839,-9.0,8.6764,2450,1470.0,446
35116,"Hatzfeld (Eder)",50.9898,8.5556,-9.0,7.7597,2705,1622.82,420
35117,Münchhausen,50.9584,8.6844,-9.0,9.2855,2304,1382.58,281
35119,Rosenthal,50.9864,8.8534,-9.0,9.2855,2304,1382.58,313
35216,Biedenkopf,50.9158,8.5431,-9.0,7.7597,2705,1622.82,381
35232,Dautphetal,50.8384,8.537,-9.0,10.1597,2071,1242.66,299
35236,Breidenbach,50.8814,8.4335,-9.0,7.7597,2705,1622.82,446
35239,Steffenberg,50.8508,8.4619,-9.0,7.7597,2705,1622.82,409
35260,Stadtallendorf,50.8272,9.0297,-9.0,9.5784,2228,1337.04,272
35274,Kirchhain,50.8365,8.9077,-9.0,10.1597,2071,1242.66,198
35279,"Neustadt (Hessen)",50.8671,9.0899,-9.0,8.6764,2450,1470.0,317
35282,Rauschenberg,50.8933,8.9042,-9.0,10.1597,2071,1242.66,301
35285,"Gemünden (Wohra)",50.9779,8.9648,-9.0,8.6764,2450,1470.0,258
35287,Amöneburg,50.7736,8.921,-9.0,9.5784,2228,1337.04,204
35288,Wohratal,50.938,8.9258,-9.0,8.6764,2450,1470.0,276
35305,Grünberg,50.6013,8.9432,-9.0,9.5532,2231,1338.66,278
35315,"Homberg (Ohm)",50.728,9.0016,-9.0,9.5784,2228,1337.04,285
35321,Laubach,50.5255,9.0192,-9.0,9.5532,2231,1338.66,302
35325,Mücke,50.6335,9.041,-9.0,9.5784,2228,1337.04,267
35327,Ulrichstein,50.565,9.1913,-9.0,7.403,2838,1702.8,535
35329,"Gemünden (Felda)",50.6829,9.0901,-9.0,9.5784,2228,1337.04,338
35390,Gießen,50.5867,8.6761,-9.0,10.1019,2089,1253.52,162
35392,Gießen,50.5713,8.6678,-9.0,10.1019,2089,1253.52,193
35394,Gießen,50.5758,8.7211,-9.0,10.1019,2089,1253.52,206
35396,Gießen,50.6171,8.7031,-9.0,10.1019,2089,1253.52,185
35398,Gießen,50.5442,8.618,-9.0,10.1019,2089,1253.52,186
35410,Hungen,50.4722,8.9086,-9.0,9.5532,2231,1338.66,152
35415,Pohlheim,50.5196,8.7386,-9.0,10.1019,2089,1253.52,238
35418,Buseck,50.6129,8.7908,-9.0,10.1019,2089,1253.52,221
35423,Lich,50.5097,8.829,-9.0,10.1019,2089,1253.52,174
35428,Langgöns,50.4825,8.6028,-9.0,10.1019,2089,1253.52,206
35435,Wettenberg,50.6374,8.6505,-9.0,10.1019,2089,1253.52,276
35440,Linden,50.5374,8.6692,-9.0,10.1019,2089,1253.52,164
35444,Biebertal,50.6486,8.5724,-9.0,10.1019,2089,1253.52,331
35447,Reiskirchen,50.6054,8.8542,-9.0,10.1019,2089,1253.52,255
35452,Heuchelheim,50.5881,8.6211,-9.0,10.1019,2089,1253.52,185
35457,Lollar,50.6649,8.7029,-9.0,10.1019,2089,1253.52,196
35460,Staufenberg,50.6648,8.7645,-9.0,10.1019,2089,1253.52,205
35463,Fernwald,50.5631,8.7713,-9.0,10.1019,2089,1253.52,242
35466,Rabenau,50.6656,8.8841,-9.0,9.5784,2228,1337.04,262
35469,"Allendorf (Lumda)",50.6818,8.8206,-9.0,10.1019,2089,1253.52,221
35510,Butzbach,50.4173,8.6425,-9.0,11.0279,1886,1131.42,279
35516,Münzenberg,50.4574,8.7437,-9.0,11.0279,1886,1131.42,148
35519,Rockenberg,50.4236,8.7469,-9.0,11.0279,1886,1131.42,170
35576,Wetzlar,50.5637,8.4861,-9.0,10.1019,2089,1253.52,154
35578,Wetzlar,50.5433,8.5197,-9.0,10.1019,2089,1253.52,249
35579,Wetzlar,50.5445,8.4564,-9.0,10.1019,2089,1253.52,178
35580,Wetzlar,50.5247,8.4883,-9.0,10.1019,2089,1253.52,193
35581,Wetzlar,50.5521,8.5719,-9.0,10.1019,2089,1253.52,209
35582,Wetzlar,50.5592,8.5969,-9.0,10.1019,2089,1253.52,193
35583,Wetzlar,50.5681,8.5308,-9.0,10.1019,2089,1253.52,159
35584,Wetzlar,50.5902,8.5221,-9.0,10.1019,2089,1253.52,193
35585,Wetzlar,50.6171,8.5061,-9.0,10.1019,2089,1253.52,348
35586,Wetzlar,50.5911,8.4959,-9.0,10.1019,2089,1253.52,201
35606,Solms,50.5486,8.4192,-9.0,9.5753,2214,1328.28,143
35614,Aßlar,50.6049,8.4524,-9.0,10.1019,2089,1253.52,212
35619,Braunfels,50.5002,8.3871,-9.0,9.5753,2214,1328.28,246
35625,Hüttenberg,50.5072,8.5514,-9.0,10.1019,2089,1253.52,257
35630,Ehringshausen,50.6124,8.3703,-9.0,9.5753,2214,1328.28,259
35633,Lahnau,50.5897,8.5635,-9.0,10.1019,2089,1253.52,214
35638,Leun,50.5588,8.3467,-9.0,9.5753,2214,1328.28,241
35641,Schöffengrund,50.4831,8.4755,-9.0,10.1019,2089,1253.52,270
35644,Hohenahr,50.6612,8.5035,-9.0,10.1019,2089,1253.52,355
35647,Waldsolms,50.4287,8.4967,-9.0,9.7926,2150,1290.0,246
35649,Bischoffen,50.7115,8.5169,-9.0,10.1019,2089,1253.52,389
35683,Dillenburg,50.7404,8.2809,-9.0,9.226,2311,1386.42,235
35684,Dillenburg,50.7833,8.2901,-9.0,9.226,2311,1386.42,373
35685,Dillenburg,50.7724,8.2617,-9.0,9.226,2311,1386.42,363
35686,Dillenburg,50.721,8.2325,-9.0,9.226,2311,1386.42,389
35687,Dillenburg,50.7225,8.31,-9.0,9.226,2311,1386.42,235
35688,Dillenburg,50.7433,8.3654,-9.0,9.226,2311,1386.42,302
35689,Dillenburg,50.7548,8.3281,-9.0,9.226,2311,1386.42,379
35690,Dillenburg,50.7774,8.3521,-9.0,9.226,2311,1386.42,478
35708,Haiger,50.7737,8.1955,-9.0,9.226,2311,1386.42,380
35713,Eschenburg,50.81,8.3638,-9.0,9.226,2311,1386.42,330
35716,Dietzhölztal,50.8435,8.2967,-9.0,9.226,2311,1386.42,449
35719,Angelburg,50.8092,8.4325,-9.0,9.226,2311,1386.42,426
35745,Herborn,50.6741,8.2769,-9.0,9.226,2311,1386.42,326
35753,Greifenstein,50.6022,8.2584,-9.0,9.5753,2214,1328.28,372
35756,Mittenaar,50.6867,8.3902,-9.0,9.226,2311,1386.42,320
35759,Driedorf,50.6291,8.1677,-9.0,9.5753,2214,1328.28,523
35764,Sinn,50.6398,8.3171,-9.0,9.5753,2214,1328.28,214
35767,Breitscheid,50.6786,8.1768,-9.0,9.226,2311,1386.42,542
35768,Siegbach,50.7468,8.4174,-9.0,9.226,2311,1386.42,415
35781,Weilburg,50.485,8.2719,-9.0,9.5753,2214,1328.28,175
35789,Weilmünster,50.4286,8.3691,-9.0,9.5753,2214,1328.28,199
35792,Löhnberg,50.5323,8.2568,-9.0,9.5753,2214,1328.28,162
35794,Mengerskirchen,50.5564,8.1767,-9.0,9.5753,2214,1328.28,356
35796,Weinbach,50.4331,8.2908,-9.0,10.2419,2023,1213.74,264
35799,Merenberg,50.5124,8.1899,-9.0,9.5753,2214,1328.28,289
36037,Fulda,50.5562,9.6846,-9.0,9.5581,2241,1344.84,279
36039,Fulda,50.5943,9.6871,-9.0,9.5581,2241,1344.84,415
36041,Fulda,50.5336,9.6388,-9.0,9.5581,2241,1344.84,285
36043,Fulda,50.5267,9.6905,-9.0,9.5581,2241,1344.84,281
36088,Hünfeld,50.6574,9.7637,-9.0,9.5581,2241,1344.84,276
36093,Künzell,50.5268,9.7477,-9.0,9.5581,2241,1344.84,342
36100,Petersberg,50.5804,9.7433,-9.0,9.5581,2241,1344.84,290
36103,Flieden,50.4109,9.5531,-9.0,9.7271,2189,1313.46,310
36110,Schlitz,50.6913,9.5575,-9.0,9.5581,2241,1344.84,328
36115,Hilders,50.5324,9.9925,-9.0,7.5362,2802,1681.08,610
36119,Neuhof,50.4716,9.6006,-9.0,9.5581,2241,1344.84,372
36124,Eichenzell,50.4759,9.7241,-9.0,9.5581,2241,1344.84,296
36129,"Gersfeld (Rhön)",50.4401,9.9009,-9.0,6.5118,3108,1864.5,548
36132,Eiterfeld,50.758,9.8433,-9.0,9.6605,2207,1324.38,380
36137,Großenlüder,50.5805,9.5391,-9.0,9.5581,2241,1344.84,274
36142,"Tann (Rhön)",50.6407,10.0087,-9.0,9.2364,2319,1391.52,481
36145,Hofbieber,50.5836,9.8578,-9.0,6.5118,3108,1864.5,408
36148,Kalbach,50.403,9.6706,-9.0,9.7271,2189,1313.46,409
36151,Burghaun,50.705,9.6974,-9.0,9.5581,2241,1344.84,351
36154,Hosenfeld,50.5128,9.4868,-9.0,9.5581,2241,1344.84,393
36157,Ebersburg,50.4448,9.7799,-9.0,6.5118,3108,1864.5,382
36160,Dipperz,50.5381,9.809,-9.0,6.5118,3108,1864.5,378
36163,"Poppenhausen (Wasserkuppe)",50.4999,9.8818,-9.0,6.5118,3108,1864.5,487
36166,Haunetal,50.7635,9.6651,-9.0,9.6605,2207,1324.38,268
36167,Nüsttal,50.6407,9.8545,-9.0,9.2364,2319,1391.52,348
36169,Rasdorf,50.7219,9.8927,-9.0,9.2364,2319,1391.52,349
36179,Bebra,50.9963,9.8444,-9.0,9.3107,2289,1373.4,365
36199,"Rotenburg an der Fulda",51.0129,9.7475,-9.0,9.3107,2289,1373.4,289
36205,Sontra,51.0804,9.9592,-9.0,9.3107,2289,1373.4,335
36208,Wildeck,50.9571,10.0102,-9.0,9.3107,2289,1373.4,273
36211,Alheim,51.0351,9.6673,-9.0,9.3107,2289,1373.4,180
36214,Nentershausen,51.0099,9.949,-9.0,9.3107,2289,1373.4,346
36217,Ronshausen,50.9351,9.8738,-9.0,9.6605,2207,1324.38,318
36219,Cornberg,51.0532,9.8289,-9.0,9.3107,2289,1373.4,316
36251,"Bad Hersfeld",50.8928,9.6935,-9.0,9.6605,2207,1324.38,335
36266,"Heringen (Werra)",50.8836,9.9948,-9.0,9.6605,2207,1324.38,215
36269,"Philippsthal (Werra)",50.8519,9.9645,-9.0,9.6605,2207,1324.38,273
36272,Niederaula,50.7988,9.5956,-9.0,9.6605,2207,1324.38,229
36275,Kirchheim,50.8575,9.5543,-9.0,8.6192,2483,1489.92,306
36277,Schenklengsfeld,50.8265,9.8143,-9.0,9.6605,2207,1324.38,361
36280,Oberaula,50.8518,9.4691,-9.0,8.6192,2483,1489.92,318
36282,Hauneck,50.8263,9.7196,-9.0,9.6605,2207,1324.38,231
36284,Hohenroda,50.8113,9.9216,-9.0,9.6605,2207,1324.38,354
36286,Neuenstein,50.916,9.5626,-9.0,8.6192,2483,1489.92,300
36287,"Breitenbach am Herzberg",50.7777,9.5016,-9.0,9.3682,2265,1359.06,312
36289,Friedewald,50.8736,9.8624,-9.0,9.6605,2207,1324.38,516
36304,Alsfeld,50.76,9.2971,-9.0,9.3682,2265,1359.06,271
36318,Schwalmtal,50.6907,9.2965,-9.0,9.3682,2265,1359.06,344
36320,Kirtorf,50.7831,9.1205,-9.0,9.5784,2228,1337.04,345
36323,Grebenau,50.7331,9.4372,-9.0,9.3682,2265,1359.06,339
36325,Feldatal,50.6418,9.1859,-9.0,7.403,2838,1702.8,394
36326,Antrifttal,50.7888,9.1911,-9.0,9.3682,2265,1359.06,256
36329,Romrod,50.7075,9.2012,-9.0,9.3682,2265,1359.06,323
36341,"Lauterbach (Hessen)",50.6451,9.3761,-9.0,9.3682,2265,1359.06,314
36355,Grebenhain,50.5014,9.3319,-9.0,7.403,2838,1702.8,495
36358,Herbstein,50.5594,9.382,-9.0,7.403,2838,1702.8,453
36364,"Bad Salzschlirf",50.6239,9.5066,-9.0,9.5581,2241,1344.84,242
36367,Wartenberg,50.6206,9.4503,-9.0,9.5581,2241,1344.84,282
36369,"Lautertal (Vogelsberg)",50.5969,9.292,-9.0,7.403,2838,1702.8,465
36381,Schlüchtern,50.3427,9.5454,-9.0,9.7271,2189,1313.46,297
36391,Sinntal,50.3028,9.6585,-9.0,9.7271,2189,1313.46,297
36396,"Steinau an der Straße",50.3239,9.4462,-9.0,9.7271,2189,1313.46,263
36399,Freiensteinau,50.4357,9.3931,-9.0,7.403,2838,1702.8,461
36404,Vacha,50.7921,10.039,-9.0,9.4112,2283,1369.8,448
36414,Unterbreizbach,50.8083,9.9722,-9.0,9.6605,2207,1324.38,296
36419,Geisa,50.7199,9.982,-9.0,9.2364,2319,1391.52,336
36433,"Bad Salzungen",50.8453,10.2659,-9.0,9.4112,2283,1369.8,272
36448,"Bad Liebenstein",50.8324,10.3593,-9.0,9.4112,2283,1369.8,464
36452,Kaltennordheim,50.6533,10.1312,-9.0,9.2364,2319,1391.52,456
36456,Barchfeld,50.7967,10.2911,-9.0,9.4112,2283,1369.8,242
36457,Stadtlengsfeld,50.7643,10.1439,-9.0,9.4112,2283,1369.8,305
36460,Merkers-Kieselbach,50.8563,10.1055,-9.0,9.4112,2283,1369.8,266
36466,Dermbach,50.7193,10.1236,-9.0,9.2364,2319,1391.52,357
36469,Tiefenort,50.8396,10.1775,-9.0,9.4112,2283,1369.8,307
37073,Göttingen,51.5354,9.9337,-9.0,9.9005,2102,1260.96,149
37075,Göttingen,51.5346,10.0049,-9.0,9.9005,2102,1260.96,313
37077,Göttingen,51.569,9.9858,-9.0,9.9005,2102,1260.96,352
37079,Göttingen,51.5388,9.8503,-9.0,9.9005,2102,1260.96,262
37081,Göttingen,51.5297,9.9102,-9.0,9.9005,2102,1260.96,158
37083,Göttingen,51.5098,9.942,-9.0,9.9005,2102,1260.96,158
37085,Göttingen,51.5208,9.9713,-9.0,9.9005,2102,1260.96,279
37115,Duderstadt,51.5143,10.2466,-9.0,9.2192,2314,1388.1,172
37120,Bovenden,51.5909,9.8832,-9.0,9.9005,2102,1260.96,169
37124,Rosdorf,51.4794,9.8692,-9.0,9.9005,2102,1260.96,181
37127,Rosdorf,51.4795,9.7517,-9.0,9.9005,2102,1260.96,457
37130,Gleichen,51.4748,10.0638,-9.0,9.9005,2102,1260.96,233
37133,Friedland,51.4254,9.9463,-9.0,9.9005,2102,1260.96,275
37136,Ebergötzen,51.5551,10.1163,-9.0,9.9005,2102,1260.96,214
37139,Adelebsen,51.5723,9.7508,-9.0,9.7584,2141,1284.54,191
37154,Northeim,51.7099,9.9942,-9.0,9.2529,2298,1378.8,119
37170,Uslar,51.6464,9.6828,-9.0,9.7584,2141,1284.54,195
37176,Nörten-Hardenberg,51.6386,9.9453,-9.0,9.2529,2298,1378.8,139
37181,Hardegsen,51.6487,9.8052,-9.0,9.2529,2298,1378.8,310
37186,Moringen,51.7071,9.8509,-9.0,9.2529,2298,1378.8,219
37191,Katlenburg-Lindau,51.6601,10.0987,-9.0,9.2529,2298,1378.8,154
37194,Bodenfelde,51.6877,9.507,-9.0,9.7584,2141,1284.54,304
37197,"Hattorf am Harz",51.6499,10.2354,-9.0,9.7773,2165,1298.94,179
37199,Wulften,51.6632,10.1777,-9.0,9.7773,2165,1298.94,167
37213,Witzenhausen,51.3425,9.8579,-9.0,9.9005,2102,1260.96,142
37214,Witzenhausen,51.3351,9.8955,-9.0,10.0605,2083,1249.74,211
37215,Witzenhausen,51.3028,9.866,-9.0,10.0605,2083,1249.74,316
37216,Witzenhausen,51.2977,9.7926,-9.0,10.0605,2083,1249.74,444
37217,Witzenhausen,51.3627,9.7786,-9.0,9.9005,2102,1260.96,245
37218,Witzenhausen,51.3882,9.82,-9.0,9.9005,2102,1260.96,196
37235,"Hessisch Lichtenau",51.1856,9.738,-9.0,9.3107,2289,1373.4,402
37242,"Bad Sooden-Allendorf",51.2765,9.9398,-9.0,10.0605,2083,1249.74,371
37247,Großalmerode,51.2389,9.8132,-9.0,10.0605,2083,1249.74,347
37249,Neu-Eichenberg,51.3863,9.8971,-9.0,9.9005,2102,1260.96,252
37269,Eschwege,51.1782,10.0424,-9.0,10.0605,2083,1249.74,218
37276,Meinhard,51.2269,10.0442,-9.0,10.0605,2083,1249.74,304
37281,Wanfried,51.1814,10.1701,-9.0,10.0605,2083,1249.74,176
37284,Waldkappel,51.1462,9.8559,-9.0,9.3107,2289,1373.4,338
37287,Wehretal,51.1437,9.9798,-9.0,10.0605,2083,1249.74,183
37290,Meißner,51.2016,9.9091,-9.0,10.0605,2083,1249.74,316
37293,Herleshausen,51.0249,10.1514,-9.0,9.5614,2247,1348.14,295
37296,Ringgau,51.0856,10.0748,-9.0,9.3107,2289,1373.4,417
37297,Berkatal,51.24,9.9032,-9.0,10.0605,2083,1249.74,272
37299,Weißenborn,51.1271,10.1097,-9.0,10.0605,2083,1249.74,284
37308,Heiligenstadt,51.3638,10.17,-9.0,9.2192,2314,1388.1,338
37318,Uder,51.344,10.0238,-9.0,10.0605,2083,1249.74,380
37327,Leinefelde,51.3714,10.3123,-9.0,9.2192,2314,1388.1,339
37339,Worbis,51.435,10.3842,-9.0,9.2192,2314,1388.1,435
37345,Bischofferode,51.5383,10.4225,-9.0,9.7773,2165,1298.94,277
37351,Dingelstädt,51.3126,10.3222,-9.0,9.2192,2314,1388.1,330
37355,Niederorschel,51.3637,10.4409,-9.0,9.2192,2314,1388.1,319
37359,Küllstedt,51.2664,10.2404,-9.0,9.2192,2314,1388.1,453
37412,"Herzberg am Harz",51.6326,10.3374,-9.0,9.7773,2165,1298.94,227
37431,"Bad Lauterberg im Harz",51.6547,10.4439,-9.0,9.7773,2165,1298.94,458
37434,Gieboldehausen,51.5864,10.2264,-9.0,9.7773,2165,1298.94,171
37441,"Bad Sachsa",51.5861,10.5418,-9.0,9.7773,2165,1298.94,355
37444,"Sankt Andreasberg",51.7153,10.5345,-9.0,7.4356,2811,1686.36,661
37445,Walkenried,51.6465,10.5745,-9.0,7.4356,2811,1686.36,539
37520,"Osterode am Harz",51.7238,10.3226,-9.0,7.2132,2882,1729.5,458
37539,"Bad Grund (Harz)",51.7834,10.196,-9.0,7.2132,2882,1729.5,188
37574,Einbeck,51.8307,9.8891,-9.0,9.2529,2298,1378.8,175
37581,"Bad Gandersheim",51.8836,10.0408,-9.0,9.909,2102,1260.9,185
37586,Dassel,51.7776,9.6926,-9.0,9.2529,2298,1378.8,173
37589,Kalefeld,51.7979,10.084,-9.0,9.909,2102,1260.9,167
37603,Holzminden,51.7941,9.5147,-9.0,10.4079,1971,1182.84,305
37619,Bodenwerder,51.9627,9.4991,-9.0,10.4079,1971,1182.84,237
37620,Halle,52.0072,9.5672,-9.0,10.4578,1947,1168.38,120
37627,Stadtoldendorf,51.8625,9.6304,-9.0,10.4079,1971,1182.84,242
37632,Eschershausen,51.9343,9.6725,-9.0,10.0162,2069,1241.16,208
37633,Dielmissen,51.9681,9.6079,-9.0,10.0162,2069,1241.16,132
37635,Lüerdissen,51.954,9.6244,-9.0,10.0162,2069,1241.16,148
37639,Bevern,51.863,9.4937,-9.0,10.4079,1971,1182.84,110
37640,Golmbach,51.8948,9.5346,-9.0,10.4079,1971,1182.84,127
37642,Holenberg,51.9119,9.585,-9.0,10.4079,1971,1182.84,243
37643,Negenborn,51.8871,9.5729,-9.0,10.4079,1971,1182.84,156
37647,Polle,51.9003,9.375,-9.0,9.3663,2232,1339.26,164
37649,Heinsen,51.8732,9.4226,-9.0,10.4079,1971,1182.84,247
37671,Höxter,51.7957,9.3431,-9.0,9.3663,2232,1339.26,199
37688,Beverungen,51.6576,9.3319,-9.0,9.7584,2141,1284.54,232
37691,Boffzen,51.7494,9.4265,-9.0,10.4079,1971,1182.84,263
37696,Marienmünster,51.8226,9.2383,-9.0,9.3663,2232,1339.26,255
37697,Lauenförde,51.6623,9.4078,-9.0,9.7584,2141,1284.54,157
37699,Fürstenberg,51.7301,9.4062,-9.0,10.4079,1971,1182.84,210
38100,Braunschweig,52.2637,10.5236,-9.0,10.4685,1965,1178.76,77
38102,Braunschweig,52.2572,10.5379,-9.0,10.4685,1965,1178.76,94
38104,Braunschweig,52.2769,10.5868,-9.0,10.4685,1965,1178.76,75
38106,Braunschweig,52.2782,10.5369,-9.0,10.4685,1965,1178.76,78
38108,Braunschweig,52.3006,10.558,-9.0,10.4685,1965,1178.76,85
38110,Braunschweig,52.3346,10.5729,-9.0,10.4685,1965,1178.76,86
38112,Braunschweig,52.3103,10.482,-9.0,10.4685,1965,1178.76,70
38114,Braunschweig,52.2786,10.5068,-9.0,10.4685,1965,1178.76,73
38116,Braunschweig,52.2814,10.4602,-9.0,10.4685,1965,1178.76,103
38118,Braunschweig,52.2606,10.5002,-9.0,10.4685,1965,1178.76,78
38120,Braunschweig,52.2514,10.4698,-9.0,10.4685,1965,1178.76,94
38122,Braunschweig,52.2204,10.4733,-9.0,10.4685,1965,1178.76,83
38124,Braunschweig,52.2137,10.527,-9.0,10.4685,1965,1178.76,76
38126,Braunschweig,52.2382,10.5677,-9.0,10.4685,1965,1178.76,95
38154,"Königslutter am Elm",52.2697,10.8049,-9.0,10.0937,2080,1248.06,100
38159,Vechelde,52.2478,10.365,-9.0,10.4685,1965,1178.76,82
38162,Cremlingen,52.2681,10.6886,-9.0,10.429,2004,1202.1,103
38165,Lehre,52.3383,10.6749,-9.0,10.429,2004,1202.1,83
38170,Schöppenstedt,52.1336,10.7747,-9.0,10.4038,2028,1216.8,104
38173,Sickte,52.1889,10.6764,-9.0,10.4685,1965,1178.76,132
38176,Wendeburg,52.3338,10.3735,-9.0,10.4685,1965,1178.76,76
38179,Schwülper,52.3503,10.4526,-9.0,10.4685,1965,1178.76,74
38226,Salzgitter,52.1595,10.3305,-9.0,10.4685,1965,1178.76,92
38228,Salzgitter,52.144,10.2788,-9.0,10.0285,2082,1249.5,94
38229,Salzgitter,52.1203,10.3589,-9.0,10.0285,2082,1249.5,91
38239,Salzgitter,52.1724,10.4184,-9.0,10.4685,1965,1178.76,92
38259,Salzgitter,52.054,10.3743,-9.0,10.0285,2082,1249.5,144
38268,Lengede,52.2073,10.2931,-9.0,10.4685,1965,1178.76,77
38271,Baddeckenstedt,52.0904,10.2176,-9.0,10.0285,2082,1249.5,105
38272,Burgdorf,52.1451,10.2153,-9.0,10.0285,2082,1249.5,107
38274,Elbe,52.0868,10.2732,-9.0,10.0285,2082,1249.5,121
38275,Haverlah,52.0647,10.3161,-9.0,10.0285,2082,1249.5,150
38277,Heere,52.0605,10.2381,-9.0,10.0285,2082,1249.5,139
38279,Sehlde,52.0309,10.2556,-9.0,10.0285,2082,1249.5,171
38300,Wolfenbüttel,52.1478,10.5646,-9.0,10.4685,1965,1178.76,87
38302,Wolfenbüttel,52.184,10.5742,-9.0,10.4685,1965,1178.76,108
38304,Wolfenbüttel,52.1467,10.5002,-9.0,10.4685,1965,1178.76,140
38312,Börßum,52.0927,10.5469,-9.0,10.0285,2082,1249.5,100
38315,Schladen,52.0242,10.5312,-9.0,10.0285,2082,1249.5,117
38319,Remlingen,52.1032,10.6518,-9.0,10.0285,2082,1249.5,110
38321,Denkte,52.1401,10.6113,-9.0,10.4685,1965,1178.76,94
38322,Hedeper,52.0646,10.6947,-9.0,10.4038,2028,1216.8,98
38324,Kissenbrück,52.1093,10.5927,-9.0,10.0285,2082,1249.5,87
38325,Roklum,52.0723,10.7407,-9.0,10.4038,2028,1216.8,121
38327,Semmenstedt,52.0932,10.6927,-9.0,10.4038,2028,1216.8,116
38329,Wittmar,52.1294,10.6462,-9.0,10.4685,1965,1178.76,145
38350,Helmstedt,52.2324,11.0031,-9.0,10.0937,2080,1248.06,122
38364,Schöningen,52.1343,10.9626,-9.0,10.4038,2028,1216.8,149
38368,Grasleben,52.3011,10.9819,-9.0,10.0937,2080,1248.06,149
38372,Büddenstedt,52.1679,11.007,-9.0,10.0937,2080,1248.06,164
38373,Süpplingen,52.2346,10.8954,-9.0,10.0937,2080,1248.06,109
38375,Räbke,52.1947,10.8774,-9.0,10.0937,2080,1248.06,155
38376,Süpplingenburg,52.2622,10.9094,-9.0,10.0937,2080,1248.06,107
38378,Warberg,52.1856,10.9156,-9.0,10.0937,2080,1248.06,135
38379,Wolsdorf,52.1977,10.9536,-9.0,10.0937,2080,1248.06,130
38381,Jerxheim,52.0767,10.8983,-9.0,10.4038,2028,1216.8,113
38382,Beierstedt,52.0663,10.8553,-9.0,10.4038,2028,1216.8,94
38384,Gevensleben,52.0717,10.8162,-9.0,10.4038,2028,1216.8,96
38387,Söllingen,52.1185,10.9085,-9.0,10.4038,2028,1216.8,121
38440,Wolfsburg,52.4248,10.7781,-9.0,10.429,2004,1202.1,62
38442,Wolfsburg,52.4185,10.6988,-9.0,10.429,2004,1202.1,62
38444,Wolfsburg,52.3762,10.7605,-9.0,10.429,2004,1202.1,120
38446,Wolfsburg,52.3904,10.8279,-9.0,10.429,2004,1202.1,106
38448,Wolfsburg,52.4604,10.8126,-9.0,10.429,2004,1202.1,86
38458,Velpke,52.4058,10.9513,-9.0,10.0937,2080,1248.06,77
38459,Bahrdorf,52.3721,10.9953,-9.0,10.0937,2080,1248.06,89
38461,Danndorf,52.4372,10.9065,-9.0,10.429,2004,1202.1,69
38462,Grafhorst,52.4466,10.9363,-9.0,10.429,2004,1202.1,59
38464,"Groß Twülpstedt",52.3666,10.9118,-9.0,10.0937,2080,1248.06,116
38465,Brome,52.582,10.9281,-9.0,9.9844,2108,1264.5,79
38467,Bergfeld,52.5371,10.8483,-9.0,9.9844,2108,1264.5,68
38468,Ehra-Lessien,52.577,10.7763,-9.0,9.9844,2108,1264.5,79
38470,Parsau,52.5285,10.9235,-9.0,10.429,2004,1202.1,77
38471,Rühen,52.485,10.8946,-9.0,10.429,2004,1202.1,67
38473,Tiddische,52.5137,10.8164,-9.0,10.429,2004,1202.1,65
38474,Tülau,52.5781,10.8736,-9.0,9.9844,2108,1264.5,72
38476,Barwedel,52.5308,10.7693,-9.0,9.9844,2108,1264.5,74
38477,Jembke,52.5003,10.7538,-9.0,10.429,2004,1202.1,75
38479,Tappenbeck,52.4729,10.7377,-9.0,10.429,2004,1202.1,71
38486,"Klötze / Altmark",52.5971,11.0934,-9.0,10.1359,2089,1253.4,82
38489,Beetzendorf,52.688,11.0132,-9.0,9.9844,2108,1264.5,45
38518,Gifhorn,52.5088,10.5177,-9.0,10.429,2004,1202.1,63
38524,Sassenburg,52.5287,10.6461,-9.0,9.9844,2108,1264.5,76
38527,Meine,52.3771,10.5742,-9.0,10.429,2004,1202.1,75
38528,Adenbüttel,52.387,10.4543,-9.0,10.4685,1965,1178.76,75
38530,Didderse,52.3829,10.3969,-9.0,10.4685,1965,1178.76,61
38531,Rötgesbüttel,52.4093,10.5262,-9.0,10.429,2004,1202.1,69
38533,Vordorf,52.3743,10.5055,-9.0,10.4685,1965,1178.76,89
38536,Meinersen,52.4743,10.3299,-9.0,10.4685,1965,1178.76,51
38539,"Müden (Aller)",52.5225,10.3958,-9.0,9.9844,2108,1264.5,63
38542,Leiferde,52.4449,10.4397,-9.0,10.4685,1965,1178.76,55
38543,Hillerse,52.414,10.392,-9.0,10.4685,1965,1178.76,58
38547,Calberlah,52.4187,10.6356,-9.0,10.429,2004,1202.1,62
38550,Isenbüttel,52.4413,10.5822,-9.0,10.429,2004,1202.1,60
38551,Ribbesbüttel,52.4341,10.492,-9.0,10.429,2004,1202.1,54
38553,Wasbüttel,52.4132,10.5915,-9.0,10.429,2004,1202.1,68
38554,Weyhausen,52.4658,10.716,-9.0,10.429,2004,1202.1,61
38556,Bokensdorf,52.5029,10.7059,-9.0,10.429,2004,1202.1,85
38557,Osloß,52.4728,10.6798,-9.0,10.429,2004,1202.1,70
38559,Wagenhoff,52.5512,10.5216,-9.0,9.9844,2108,1264.5,64
38640,Goslar,51.9079,10.4307,-9.0,10.3263,1998,1199.04,265
38642,Goslar,51.9041,10.4803,-9.0,10.3263,1998,1199.04,212
38644,Goslar,51.8781,10.3965,-9.0,7.2132,2882,1729.5,515
38667,"Bad Harzburg",51.8838,10.5766,-9.0,10.3263,1998,1199.04,282
38678,Clausthal-Zellerfeld,51.8047,10.3306,-9.0,7.2132,2882,1729.5,565
38685,Langelsheim,51.9061,10.3369,-9.0,9.909,2102,1260.9,338
38690,Vienenburg,51.9551,10.5643,-9.0,10.3263,1998,1199.04,139
38700,Braunlage,51.7334,10.6082,-9.0,7.4356,2811,1686.36,598
38704,Liebenburg,52.0082,10.4403,-9.0,10.0285,2082,1249.5,153
38707,Altenau,51.8204,10.4708,-9.0,7.2132,2882,1729.5,496
38709,Wildemann,51.8282,10.2843,-9.0,7.2132,2882,1729.5,401
38723,Seesen,51.8711,10.1761,-9.0,9.909,2102,1260.9,205
38729,"Lutter am Barenberge",51.9763,10.238,-9.0,9.909,2102,1260.9,165
38820,Halberstadt,51.8845,11.0367,-9.0,10.6688,1947,1168.02,136
38822,Halberstadt,51.9372,11.0595,-9.0,10.4038,2028,1216.8,137
38828,Wegeleben,51.8917,11.194,-9.0,10.6688,1947,1168.02,108
38829,Harsleben,51.8629,11.1054,-9.0,10.6688,1947,1168.02,124
38835,Osterwieck,51.9906,10.711,-9.0,10.3263,1998,1199.04,158
38836,Badersleben,52.0088,10.8906,-9.0,10.4038,2028,1216.8,131
38838,"Dingelstedt am Huy",51.9977,11.0177,-9.0,10.4038,2028,1216.8,100
38855,Wernigerode,51.8407,10.8088,-9.0,10.1529,2065,1238.82,233
38871,"Ilsenburg / Harz",51.8833,10.6969,-9.0,10.1529,2065,1238.82,210
38875,"Elbingerode / Harz",51.7305,10.7379,-9.0,7.0022,2938,1762.68,494
38877,"Benneckenstein / Harz",51.6606,10.7136,-9.0,7.4356,2811,1686.36,535
38879,Schierke,51.7886,10.6122,-9.0,4.3342,3893,2335.8,927
38889,"Blankenburg / Harz",51.7924,10.9371,-9.0,10.1529,2065,1238.82,307
38895,Derenburg,51.8731,10.9219,-9.0,10.1529,2065,1238.82,183
38899,Hasselfelde,51.6751,10.8529,-9.0,7.7195,2732,1639.08,532
39104,Magdeburg,52.1241,11.6287,-9.0,10.7537,1955,1173.12,60
39106,Magdeburg,52.1447,11.6515,-9.0,10.7537,1955,1173.12,52
39108,Magdeburg,52.1329,11.6134,-9.0,10.7537,1955,1173.12,62
39110,Magdeburg,52.1248,11.5612,-9.0,10.7537,1955,1173.12,70
39112,Magdeburg,52.1117,11.6127,-9.0,10.7537,1955,1173.12,57
39114,Magdeburg,52.1248,11.6872,-9.0,10.7537,1955,1173.12,45
39116,Magdeburg,52.0868,11.5591,-9.0,10.7537,1955,1173.12,95
39118,Magdeburg,52.0908,11.6119,-9.0,10.7537,1955,1173.12,69
39120,Magdeburg,52.0876,11.6311,-9.0,10.7537,1955,1173.12,66
39122,Magdeburg,52.0601,11.6571,-9.0,10.7537,1955,1173.12,69
39124,Magdeburg,52.1581,11.6415,-9.0,10.7537,1955,1173.12,54
39126,Magdeburg,52.1906,11.665,-9.0,10.7537,1955,1173.12,44
39128,Magdeburg,52.169,11.6129,-9.0,10.7537,1955,1173.12,54
39130,Magdeburg,52.1545,11.5741,-9.0,10.7537,1955,1173.12,66
39164,Wanzleben,52.0754,11.4357,-9.0,10.7537,1955,1173.12,112
39167,Niederndodeleben,52.153,11.4611,-9.0,10.7537,1955,1173.12,133
39171,Langenweddingen,52.0137,11.5427,-9.0,10.7537,1955,1173.12,70
39175,Biederitz,52.1361,11.7572,-9.0,10.7537,1955,1173.12,49
39179,Barleben,52.2008,11.5962,-9.0,10.7537,1955,1173.12,50
39217,"Schönebeck / Elbe",52.0403,11.8144,-9.0,10.7537,1955,1173.12,53
39218,"Schönebeck / Elbe",52.0117,11.7501,-9.0,10.7537,1955,1173.12,52
39221,Magdeburg,51.9654,11.664,-9.0,10.7537,1955,1173.12,83
39240,"Calbe / Saale",51.8845,11.8669,-9.0,10.5049,2031,1218.54,55
39245,Gommern,52.0756,11.8546,-9.0,10.7537,1955,1173.12,53
39249,"Barby / Elbe",51.9686,11.8415,-9.0,10.5049,2031,1218.54,53
39261,Zerbst,51.9677,12.0928,-9.0,10.6132,2006,1203.9,71
39264,Lindau,52.0322,12.2203,-9.0,9.8044,2213,1327.86,90
39279,Loburg,52.1109,12.0466,-9.0,10.2373,2089,1253.28,81
39288,"Burg bei Magdeburg",52.2806,11.8672,-9.0,10.2373,2089,1253.28,43
39291,Möckern,52.1963,11.9646,-9.0,10.2373,2089,1253.28,81
39307,Genthin,52.3618,12.1726,-9.0,10.2534,2080,1247.94,36
39317,Parey,52.3753,11.9913,-9.0,10.2534,2080,1247.94,37
39319,Jerichow,52.4831,12.0671,-9.0,10.2534,2080,1247.94,51
39326,Wolmirstedt,52.2911,11.637,-9.0,10.7537,1955,1173.12,74
39340,Haldensleben,52.2886,11.4169,-9.0,9.9282,2134,1280.7,52
39343,Haldensleben,52.2323,11.2781,-9.0,9.9282,2134,1280.7,121
39345,Haldensleben,52.3517,11.4352,-9.0,10.1359,2089,1253.4,86
39356,Weferlingen,52.3173,11.1017,-9.0,10.0937,2080,1248.06,101
39359,Calvörde,52.3973,11.2177,-9.0,10.1359,2089,1253.4,70
39365,Wefensleben,52.1479,11.2006,-9.0,9.9282,2134,1280.7,140
39387,"Oschersleben / Bode",52.0362,11.2622,-9.0,9.9282,2134,1280.7,92
39393,Hötensleben,52.0922,11.0797,-9.0,9.9282,2134,1280.7,119
39397,Gröningen,51.9532,11.2231,-9.0,10.6688,1947,1168.02,91
39418,Staßfurt,51.854,11.5887,-9.0,10.5049,2031,1218.54,66
39435,Egeln,51.948,11.4682,-9.0,10.7537,1955,1173.12,67
39439,Güsten,51.7851,11.6096,-9.0,10.5049,2031,1218.54,82
39443,Förderstedt,51.8952,11.6469,-9.0,10.5049,2031,1218.54,69
39444,Hecklingen,51.8829,11.4556,-9.0,10.3444,2038,1222.56,104
39446,Löderburg,51.8943,11.5367,-9.0,10.5049,2031,1218.54,66
39448,Westeregeln,51.9608,11.382,-9.0,10.7537,1955,1173.12,82
39517,Tangerhütte,52.4536,11.7088,-9.0,10.3699,2053,1231.56,92
39524,"Schönhausen / Elbe",52.6097,12.0789,-9.0,10.3699,2053,1231.56,30
39539,Havelberg,52.8208,12.1757,-9.0,9.9707,2152,1291.44,24
39576,Stendal,52.5945,11.8352,-9.0,10.3699,2053,1231.56,36
39579,Kläden,52.7019,11.7482,-9.0,10.1948,2080,1247.88,37
39590,Tangermünde,52.559,11.9489,-9.0,10.3699,2053,1231.56,36
39596,Arneburg,52.7082,11.9615,-9.0,10.3699,2053,1231.56,32
39606,"Osterburg / Altmark",52.7784,11.7226,-9.0,10.1948,2080,1247.88,25
39615,"Seehausen / Altmark",52.9121,11.7561,-9.0,10.1948,2080,1247.88,20
39619,"Arendsee / Altmark",52.8354,11.4079,-9.0,10.0942,2077,1246.02,30
39624,"Kalbe / Milde",52.6773,11.3438,-9.0,10.1359,2089,1253.4,29
39628,-,52.6445,11.6492,-9.0,10.3699,2053,1231.56,41
39629,"Bismark / Altmark",52.6675,11.5078,-9.0,10.1359,2089,1253.4,40
39638,Gardelegen,52.4995,11.4221,-9.0,10.1359,2089,1253.4,87
39646,Oebisfelde,52.4569,11.0158,-9.0,10.429,2004,1202.1,57
39649,Mieste,52.4802,11.1706,-9.0,10.1359,2089,1253.4,57
40210,Düsseldorf,51.2218,6.7887,-9.0,11.4151,1683,1009.8,40
40211,Düsseldorf,51.2291,6.7932,-9.0,11.4151,1683,1009.8,44
40212,Düsseldorf,51.2234,6.7806,-9.0,11.4151,1683,1009.8,44
40213,Düsseldorf,51.224,6.7724,-9.0,11.4151,1683,1009.8,40
40215,Düsseldorf,51.2139,6.7841,-9.0,11.4151,1683,1009.8,43
40217,Düsseldorf,51.2123,6.7743,-9.0,11.4151,1683,1009.8,44
40219,Düsseldorf,51.2145,6.7655,-9.0,11.4151,1683,1009.8,44
40221,Düsseldorf,51.1983,6.7464,-9.0,11.4151,1683,1009.8,34
40223,Düsseldorf,51.1934,6.7719,-9.0,11.4151,1683,1009.8,38
40225,Düsseldorf,51.1979,6.7954,-9.0,11.4151,1683,1009.8,44
40227,Düsseldorf,51.2144,6.8013,-9.0,11.4151,1683,1009.8,42
40229,Düsseldorf,51.1972,6.8494,-9.0,11.4151,1683,1009.8,46
40231,Düsseldorf,51.2134,6.8319,-9.0,11.4151,1683,1009.8,42
40233,Düsseldorf,51.2195,6.8138,-9.0,11.4151,1683,1009.8,43
40235,Düsseldorf,51.2301,6.8265,-9.0,11.4151,1683,1009.8,42
40237,Düsseldorf,51.2366,6.8108,-9.0,11.4151,1683,1009.8,48
40239,Düsseldorf,51.2448,6.8025,-9.0,11.4151,1683,1009.8,46
40468,Düsseldorf,51.2668,6.7782,-9.0,11.4151,1683,1009.8,40
40470,Düsseldorf,51.254,6.8091,-9.0,11.4151,1683,1009.8,39
40472,Düsseldorf,51.2663,6.8292,-9.0,11.4151,1683,1009.8,71
40474,Düsseldorf,51.2708,6.7349,-9.0,11.4151,1683,1009.8,35
40476,Düsseldorf,51.2481,6.7812,-9.0,11.4151,1683,1009.8,42
40477,Düsseldorf,51.2398,6.7859,-9.0,11.4151,1683,1009.8,42
40479,Düsseldorf,51.2323,6.7828,-9.0,11.4151,1683,1009.8,44
40489,Düsseldorf,51.3213,6.7654,-9.0,11.4151,1683,1009.8,34
40545,Düsseldorf,51.2274,6.7569,-9.0,11.4151,1683,1009.8,40
40547,Düsseldorf,51.2445,6.7412,-9.0,11.4151,1683,1009.8,36
40549,Düsseldorf,51.2346,6.717,-9.0,11.4151,1683,1009.8,40
40589,Düsseldorf,51.166,6.8184,-9.0,11.4151,1683,1009.8,38
40591,Düsseldorf,51.1917,6.8171,-9.0,11.4151,1683,1009.8,42
40593,Düsseldorf,51.1421,6.8648,-9.0,11.4151,1683,1009.8,34
40595,Düsseldorf,51.1376,6.9056,-9.0,10.6973,1835,1100.94,47
40597,Düsseldorf,51.1662,6.8808,-9.0,11.4151,1683,1009.8,44
40599,Düsseldorf,51.1805,6.87,-9.0,11.4151,1683,1009.8,46
40625,Düsseldorf,51.233,6.8577,-9.0,11.4151,1683,1009.8,67
40627,Düsseldorf,51.2027,6.8811,-9.0,11.4151,1683,1009.8,44
40629,Düsseldorf,51.2542,6.8868,-9.0,11.4151,1683,1009.8,114
40667,Meerbusch,51.2587,6.6813,-9.0,11.4151,1683,1009.8,38
40668,Meerbusch,51.3038,6.6878,-9.0,11.4151,1683,1009.8,32
40670,Meerbusch,51.2729,6.628,-9.0,11.4151,1683,1009.8,39
40699,Erkrath,51.2147,6.9287,-9.0,10.6973,1835,1100.94,94
40721,Hilden,51.1683,6.914,-9.0,10.6973,1835,1100.94,49
40723,Hilden,51.155,6.9435,-9.0,10.6973,1835,1100.94,52
40724,Hilden,51.1817,6.9553,-9.0,10.6973,1835,1100.94,77
40764,"Langenfeld (Rheinland)",51.1116,6.9563,-9.0,12.0647,1546,927.9,54
40789,"Monheim am Rhein",51.0883,6.8965,-9.0,12.0647,1546,927.9,45
40822,Mettmann,51.2567,6.9767,-9.0,10.6973,1835,1100.94,148
40878,Ratingen,51.2956,6.8486,-9.0,11.4151,1683,1009.8,58
40880,Ratingen,51.2981,6.8181,-9.0,11.4151,1683,1009.8,45
40882,Ratingen,51.2867,6.8964,-9.0,11.4151,1683,1009.8,122
40883,Ratingen,51.3281,6.9008,-9.0,10.9732,1783,1069.92,128
40885,Ratingen,51.3447,6.8583,-9.0,11.4151,1683,1009.8,76
41061,Mönchengladbach,51.1965,6.4335,-9.0,11.2896,1701,1020.72,81
41063,Mönchengladbach,51.2126,6.4272,-9.0,11.2896,1701,1020.72,73
41065,Mönchengladbach,51.1978,6.4664,-9.0,11.2896,1701,1020.72,44
41066,Mönchengladbach,51.2263,6.4651,-9.0,11.2896,1701,1020.72,43
41068,Mönchengladbach,51.203,6.3879,-9.0,11.2896,1701,1020.72,73
41069,Mönchengladbach,51.1804,6.4001,-9.0,11.2896,1701,1020.72,82
41169,Mönchengladbach,51.2041,6.3489,-9.0,11.2896,1701,1020.72,74
41179,Mönchengladbach,51.1548,6.3537,-9.0,11.2896,1701,1020.72,73
41189,Mönchengladbach,51.1166,6.4073,-9.0,11.2896,1701,1020.72,66
41199,Mönchengladbach,51.1299,6.4483,-9.0,11.2896,1701,1020.72,73
41236,Mönchengladbach,51.1661,6.449,-9.0,11.2896,1701,1020.72,56
41238,Mönchengladbach,51.1615,6.4755,-9.0,11.2896,1701,1020.72,51
41239,Mönchengladbach,51.1604,6.4213,-9.0,11.2896,1701,1020.72,84
41334,Nettetal,51.3185,6.249,-9.0,11.2896,1701,1020.72,41
41352,Korschenbroich,51.1837,6.5504,-9.0,11.2896,1701,1020.72,44
41363,Jüchen,51.111,6.5076,-9.0,11.2896,1701,1020.72,66
41366,Schwalmtal,51.218,6.2705,-9.0,11.2896,1701,1020.72,62
41372,Niederkrüchten,51.2114,6.1379,-9.0,11.1729,1726,1035.36,74
41379,Brüggen,51.2704,6.1633,-9.0,11.2896,1701,1020.72,65
41460,Neuss,51.209,6.7073,-9.0,11.4151,1683,1009.8,37
41462,Neuss,51.2177,6.6634,-9.0,11.4151,1683,1009.8,39
41464,Neuss,51.1904,6.6689,-9.0,11.4151,1683,1009.8,41
41466,Neuss,51.1657,6.6959,-9.0,11.4151,1683,1009.8,52
41468,Neuss,51.1648,6.7695,-9.0,11.4151,1683,1009.8,45
41469,Neuss,51.1596,6.7275,-9.0,11.4151,1683,1009.8,41
41470,Neuss,51.1342,6.7372,-9.0,11.4151,1683,1009.8,41
41472,Neuss,51.1634,6.6478,-9.0,11.4151,1683,1009.8,52
41515,Grevenbroich,51.0706,6.627,-9.0,11.157,1750,1049.88,62
41516,Grevenbroich,51.119,6.6266,-9.0,11.4151,1683,1009.8,46
41517,Grevenbroich,51.0522,6.5786,-9.0,11.157,1750,1049.88,59
41539,Dormagen,51.0983,6.8468,-9.0,12.0647,1546,927.9,40
41540,Dormagen,51.076,6.807,-9.0,12.0647,1546,927.9,40
41541,Dormagen,51.1325,6.8305,-9.0,11.4151,1683,1009.8,38
41542,Dormagen,51.1018,6.7557,-9.0,12.0647,1546,927.9,42
41564,Kaarst,51.2191,6.611,-9.0,11.4151,1683,1009.8,39
41569,Rommerskirchen,51.0533,6.6827,-9.0,12.0647,1546,927.9,72
41747,Viersen,51.2535,6.3839,-9.0,11.2896,1701,1020.72,59
41748,Viersen,51.2313,6.4028,-9.0,11.2896,1701,1020.72,65
41749,Viersen,51.2918,6.3599,-9.0,11.2896,1701,1020.72,46
41751,Viersen,51.2503,6.3206,-9.0,11.2896,1701,1020.72,58
41812,Erkelenz,51.0592,6.3411,-9.0,11.1729,1726,1035.36,92
41836,Hückelhoven,51.0339,6.2425,-9.0,11.1729,1726,1035.36,53
41844,Wegberg,51.1498,6.2494,-9.0,11.1729,1726,1035.36,72
41849,Wassenberg,51.116,6.1439,-9.0,11.1729,1726,1035.36,40
42103,Wuppertal,51.2553,7.1428,-9.0,10.6973,1835,1100.94,148
42105,Wuppertal,51.2622,7.139,-9.0,10.6973,1835,1100.94,193
42107,Wuppertal,51.2634,7.1559,-9.0,10.6973,1835,1100.94,170
42109,Wuppertal,51.2772,7.1503,-9.0,10.6973,1835,1100.94,229
42111,Wuppertal,51.294,7.1405,-9.0,10.6973,1835,1100.94,232
42113,Wuppertal,51.2732,7.1063,-9.0,10.6973,1835,1100.94,235
42115,Wuppertal,51.2552,7.1094,-9.0,10.6973,1835,1100.94,171
42117,Wuppertal,51.2423,7.1278,-9.0,10.6973,1835,1100.94,193
42119,Wuppertal,51.2449,7.154,-9.0,10.6973,1835,1100.94,253
42275,Wuppertal,51.2744,7.2053,-9.0,10.6973,1835,1100.94,166
42277,Wuppertal,51.2821,7.2236,-9.0,10.4395,1920,1152.06,205
42279,Wuppertal,51.2984,7.245,-9.0,10.4395,1920,1152.06,240
42281,Wuppertal,51.2858,7.1913,-9.0,10.6973,1835,1100.94,222
42283,Wuppertal,51.2727,7.1826,-9.0,10.6973,1835,1100.94,213
42285,Wuppertal,51.2551,7.175,-9.0,10.6973,1835,1100.94,215
42287,Wuppertal,51.2466,7.2381,-9.0,9.7164,2104,1262.64,314
42289,Wuppertal,51.2637,7.2202,-9.0,10.6973,1835,1100.94,224
42327,Wuppertal,51.2431,7.0606,-9.0,10.6973,1835,1100.94,202
42329,Wuppertal,51.2269,7.0786,-9.0,10.6973,1835,1100.94,202
42349,Wuppertal,51.2096,7.1322,-9.0,10.6973,1835,1100.94,288
42369,Wuppertal,51.2264,7.1988,-9.0,9.7164,2104,1262.64,280
42389,Wuppertal,51.2708,7.2504,-9.0,10.4395,1920,1152.06,279
42399,Wuppertal,51.2308,7.2779,-9.0,9.7164,2104,1262.64,305
42477,Radevormwald,51.2153,7.3545,-9.0,9.7164,2104,1262.64,341
42489,Wülfrath,51.2956,7.026,-9.0,10.6973,1835,1100.94,181
42499,Hückeswagen,51.1545,7.3324,-9.0,9.7164,2104,1262.64,257
42549,Velbert,51.3367,7.023,-9.0,10.9732,1783,1069.92,239
42551,Velbert,51.3474,7.0633,-9.0,10.9732,1783,1069.92,233
42553,Velbert,51.3156,7.0903,-9.0,10.6973,1835,1100.94,199
42555,Velbert,51.3535,7.1228,-9.0,10.9732,1783,1069.92,102
42579,Heiligenhaus,51.3228,6.9616,-9.0,10.9732,1783,1069.92,166
42651,Solingen,51.1768,7.1022,-9.0,10.6973,1835,1100.94,190
42653,Solingen,51.2035,7.0868,-9.0,10.6973,1835,1100.94,258
42655,Solingen,51.1676,7.0525,-9.0,10.6973,1835,1100.94,172
42657,Solingen,51.1438,7.0605,-9.0,10.6973,1835,1100.94,132
42659,Solingen,51.1494,7.1184,-9.0,10.6973,1835,1100.94,225
42697,Solingen,51.1562,6.9878,-9.0,10.6973,1835,1100.94,122
42699,Solingen,51.1488,7.0159,-9.0,10.6973,1835,1100.94,127
42719,Solingen,51.1869,7.0441,-9.0,10.6973,1835,1100.94,203
42781,Haan,51.207,7.0146,-9.0,10.6973,1835,1100.94,179
42799,"Leichlingen (Rheinland)",51.1133,7.0387,-9.0,10.6973,1835,1100.94,143
42853,Remscheid,51.1824,7.1838,-9.0,9.7164,2104,1262.64,367
42855,Remscheid,51.1981,7.1958,-9.0,9.7164,2104,1262.64,202
42857,Remscheid,51.17,7.16,-9.0,9.7164,2104,1262.64,255
42859,Remscheid,51.1663,7.1986,-9.0,9.7164,2104,1262.64,304
42897,Remscheid,51.1781,7.2714,-9.0,9.7164,2104,1262.64,295
42899,Remscheid,51.2096,7.234,-9.0,9.7164,2104,1262.64,319
42929,Wermelskirchen,51.1153,7.2179,-9.0,9.7164,2104,1262.64,230
44135,Dortmund,51.5139,7.4727,-9.0,10.8397,1817,1090.08,89
44137,Dortmund,51.5053,7.4432,-9.0,10.8397,1817,1090.08,97
44139,Dortmund,51.4993,7.4645,-9.0,10.8397,1817,1090.08,123
44141,Dortmund,51.5043,7.5003,-9.0,10.8397,1817,1090.08,120
44143,Dortmund,51.5212,7.5126,-9.0,10.8397,1817,1090.08,82
44145,Dortmund,51.5315,7.4841,-9.0,10.8397,1817,1090.08,75
44147,Dortmund,51.5262,7.4428,-9.0,10.8397,1817,1090.08,73
44149,Dortmund,51.5134,7.4136,-9.0,10.8397,1817,1090.08,77
44225,Dortmund,51.4775,7.4499,-9.0,10.7912,1813,1087.98,121
44227,Dortmund,51.4753,7.408,-9.0,10.7912,1813,1087.98,133
44229,Dortmund,51.4544,7.4592,-9.0,10.7912,1813,1087.98,155
44263,Dortmund,51.4891,7.4993,-9.0,10.8397,1817,1090.08,109
44265,Dortmund,51.4376,7.4961,-9.0,10.4395,1920,1152.06,191
44267,Dortmund,51.4563,7.5237,-9.0,10.8397,1817,1090.08,198
44269,Dortmund,51.4917,7.5358,-9.0,10.8397,1817,1090.08,105
44287,Dortmund,51.4898,7.5624,-9.0,10.8397,1817,1090.08,116
44289,Dortmund,51.481,7.5914,-9.0,10.8397,1817,1090.08,171
44309,Dortmund,51.5297,7.5581,-9.0,10.8397,1817,1090.08,79
44319,Dortmund,51.5323,7.596,-9.0,10.8397,1817,1090.08,76
44328,Dortmund,51.549,7.5352,-9.0,10.8397,1817,1090.08,72
44329,Dortmund,51.5725,7.5559,-9.0,10.8397,1817,1090.08,65
44339,Dortmund,51.5639,7.4709,-9.0,10.8397,1817,1090.08,116
44357,Dortmund,51.5507,7.3689,-9.0,10.8397,1817,1090.08,83
44359,Dortmund,51.5673,7.3984,-9.0,10.8397,1817,1090.08,68
44369,Dortmund,51.5359,7.4054,-9.0,10.8397,1817,1090.08,74
44379,Dortmund,51.5091,7.37,-9.0,10.7912,1813,1087.98,83
44388,Dortmund,51.5081,7.3351,-9.0,10.7912,1813,1087.98,123
44532,Lünen,51.5974,7.5406,-9.0,10.8397,1817,1090.08,57
44534,Lünen,51.6301,7.5213,-9.0,10.8397,1817,1090.08,57
44536,Lünen,51.6057,7.4709,-9.0,10.8397,1817,1090.08,61
44575,Castrop-Rauxel,51.5499,7.3093,-9.0,10.7912,1813,1087.98,72
44577,Castrop-Rauxel,51.5352,7.3387,-9.0,10.7912,1813,1087.98,118
44579,Castrop-Rauxel,51.5722,7.2859,-9.0,10.8397,1817,1090.08,60
44581,Castrop-Rauxel,51.5941,7.3277,-9.0,10.8397,1817,1090.08,60
44623,Herne,51.5403,7.2273,-9.0,10.7912,1813,1087.98,67
44625,Herne,51.5256,7.2117,-9.0,10.7912,1813,1087.98,70
44627,Herne,51.5368,7.2681,-9.0,10.7912,1813,1087.98,116
44628,Herne,51.558,7.2419,-9.0,10.7912,1813,1087.98,49
44629,Herne,51.5506,7.2058,-9.0,10.7912,1813,1087.98,55
44649,Herne,51.5321,7.1522,-9.0,10.7912,1813,1087.98,55
44651,Herne,51.514,7.1534,-9.0,10.7912,1813,1087.98,58
44652,Herne,51.5275,7.1773,-9.0,10.7912,1813,1087.98,65
44653,Herne,51.5452,7.1778,-9.0,10.7912,1813,1087.98,45
44787,Bochum,51.4811,7.2194,-9.0,10.7912,1813,1087.98,101
44789,Bochum,51.4686,7.2197,-9.0,10.7912,1813,1087.98,103
44791,Bochum,51.4884,7.2408,-9.0,10.7912,1813,1087.98,130
44793,Bochum,51.4766,7.184,-9.0,10.7912,1813,1087.98,76
44795,Bochum,51.4514,7.1967,-9.0,10.7912,1813,1087.98,129
44797,Bochum,51.4258,7.2265,-9.0,10.7912,1813,1087.98,167
44799,Bochum,51.4552,7.2325,-9.0,10.7912,1813,1087.98,125
44801,Bochum,51.4498,7.273,-9.0,10.7912,1813,1087.98,129
44803,Bochum,51.4739,7.2604,-9.0,10.7912,1813,1087.98,116
44805,Bochum,51.5109,7.2788,-9.0,10.7912,1813,1087.98,126
44807,Bochum,51.5085,7.2339,-9.0,10.7912,1813,1087.98,94
44809,Bochum,51.498,7.1964,-9.0,10.7912,1813,1087.98,74
44866,Bochum,51.4864,7.1506,-9.0,10.7912,1813,1087.98,87
44867,Bochum,51.465,7.1331,-9.0,10.7912,1813,1087.98,86
44869,Bochum,51.4549,7.1626,-9.0,10.7912,1813,1087.98,102
44879,Bochum,51.4286,7.1588,-9.0,10.7912,1813,1087.98,110
44892,Bochum,51.4676,7.32,-9.0,10.7912,1813,1087.98,103
44894,Bochum,51.4899,7.3073,-9.0,10.7912,1813,1087.98,108
45127,Essen,51.457,7.0109,-9.0,10.9732,1783,1069.92,90
45128,Essen,51.4458,7.0124,-9.0,10.9732,1783,1069.92,107
45130,Essen,51.4375,7.0098,-9.0,10.9732,1783,1069.92,117
45131,Essen,51.4285,7.0044,-9.0,10.9732,1783,1069.92,120
45133,Essen,51.4022,6.9848,-9.0,10.9732,1783,1069.92,133
45134,Essen,51.4203,7.0357,-9.0,10.9732,1783,1069.92,121
45136,Essen,51.4363,7.0394,-9.0,10.9732,1783,1069.92,115
45138,Essen,51.4491,7.0451,-9.0,10.9732,1783,1069.92,109
45139,Essen,51.4604,7.0401,-9.0,10.9732,1783,1069.92,84
45141,Essen,51.4783,7.0342,-9.0,10.9732,1783,1069.92,44
45143,Essen,51.4626,6.9771,-9.0,10.9732,1783,1069.92,67
45144,Essen,51.4521,6.9676,-9.0,10.9732,1783,1069.92,84
45145,Essen,51.4463,6.9742,-9.0,10.9732,1783,1069.92,95
45147,Essen,51.4387,6.9877,-9.0,10.9732,1783,1069.92,127
45149,Essen,51.4245,6.966,-9.0,10.9732,1783,1069.92,119
45219,Essen,51.369,6.938,-9.0,10.9732,1783,1069.92,77
45239,Essen,51.3845,7.0182,-9.0,10.9732,1783,1069.92,139
45257,Essen,51.3871,7.0917,-9.0,10.9732,1783,1069.92,152
45259,Essen,51.4046,7.0641,-9.0,10.9732,1783,1069.92,100
45276,Essen,51.4491,7.0757,-9.0,10.9732,1783,1069.92,69
45277,Essen,51.4278,7.077,-9.0,10.9732,1783,1069.92,97
45279,Essen,51.4421,7.108,-9.0,10.9732,1783,1069.92,85
45289,Essen,51.419,7.1132,-9.0,10.9732,1783,1069.92,115
45307,Essen,51.4634,7.0881,-9.0,10.9732,1783,1069.92,96
45309,Essen,51.478,7.0649,-9.0,10.9732,1783,1069.92,75
45326,Essen,51.4854,7.0087,-9.0,10.9732,1783,1069.92,46
45327,Essen,51.5002,7.0457,-9.0,10.9732,1783,1069.92,49
45329,Essen,51.5156,7.0065,-9.0,10.9732,1783,1069.92,31
45355,Essen,51.4738,6.9532,-9.0,10.9732,1783,1069.92,75
45356,Essen,51.4915,6.9717,-9.0,10.9732,1783,1069.92,41
45357,Essen,51.4845,6.9308,-9.0,10.9732,1783,1069.92,52
45359,Essen,51.4588,6.925,-9.0,10.9732,1783,1069.92,104
45468,"Mülheim an der Ruhr",51.4295,6.8874,-9.0,10.9732,1783,1069.92,48
45470,"Mülheim an der Ruhr",51.4023,6.9166,-9.0,10.9732,1783,1069.92,95
45472,"Mülheim an der Ruhr",51.4382,6.935,-9.0,10.9732,1783,1069.92,93
45473,"Mülheim an der Ruhr",51.4431,6.8801,-9.0,10.9732,1783,1069.92,37
45475,"Mülheim an der Ruhr",51.4611,6.8971,-9.0,10.9732,1783,1069.92,83
45476,"Mülheim an der Ruhr",51.4491,6.8538,-9.0,10.9732,1783,1069.92,37
45478,"Mülheim an der Ruhr",51.4278,6.8334,-9.0,10.9732,1783,1069.92,55
45479,"Mülheim an der Ruhr",51.4019,6.828,-9.0,10.9732,1783,1069.92,91
45481,"Mülheim an der Ruhr",51.3899,6.87,-9.0,10.9732,1783,1069.92,71
45525,Hattingen,51.3942,7.1805,-9.0,10.7912,1813,1087.98,92
45527,Hattingen,51.3916,7.2226,-9.0,10.7912,1813,1087.98,166
45529,Hattingen,51.348,7.1723,-9.0,10.4395,1920,1152.06,139
45549,Sprockhövel,51.3436,7.2591,-9.0,10.4395,1920,1152.06,224
45657,Recklinghausen,51.6209,7.193,-9.0,10.8397,1817,1090.08,95
45659,Recklinghausen,51.5964,7.1863,-9.0,10.7912,1813,1087.98,66
45661,Recklinghausen,51.5698,7.192,-9.0,10.7912,1813,1087.98,52
45663,Recklinghausen,51.5806,7.2336,-9.0,10.7912,1813,1087.98,59
45665,Recklinghausen,51.6114,7.2497,-9.0,10.8397,1817,1090.08,90
45699,Herten,51.5886,7.1478,-9.0,10.7912,1813,1087.98,49
45701,Herten,51.6092,7.0979,-9.0,10.7912,1813,1087.98,69
45711,Datteln,51.6597,7.3277,-9.0,10.8397,1817,1090.08,70
45721,Haltern,51.7601,7.1971,-9.0,10.8151,1814,1088.1,65
45731,Waltrop,51.6208,7.4005,-9.0,10.8397,1817,1090.08,71
45739,Oer-Erkenschwick,51.6601,7.2385,-9.0,10.8397,1817,1090.08,122
45768,Marl,51.6565,7.0614,-9.0,10.7912,1813,1087.98,45
45770,Marl,51.645,7.1155,-9.0,10.8397,1817,1090.08,69
45772,Marl,51.6884,7.1231,-9.0,10.8397,1817,1090.08,31
45879,Gelsenkirchen,51.5071,7.0949,-9.0,10.7912,1813,1087.98,52
45881,Gelsenkirchen,51.5306,7.0824,-9.0,10.7912,1813,1087.98,37
45883,Gelsenkirchen,51.5137,7.0596,-9.0,10.9732,1783,1069.92,45
45884,Gelsenkirchen,51.4927,7.0853,-9.0,10.9732,1783,1069.92,51
45886,Gelsenkirchen,51.4981,7.1195,-9.0,10.7912,1813,1087.98,59
45888,Gelsenkirchen,51.5162,7.1192,-9.0,10.7912,1813,1087.98,57
45889,Gelsenkirchen,51.5366,7.1113,-9.0,10.7912,1813,1087.98,30
45891,Gelsenkirchen,51.5588,7.0853,-9.0,10.7912,1813,1087.98,42
45892,Gelsenkirchen,51.5688,7.1149,-9.0,10.7912,1813,1087.98,43
45894,Gelsenkirchen,51.5806,7.0649,-9.0,10.7912,1813,1087.98,96
45896,Gelsenkirchen,51.6067,7.0193,-9.0,10.7912,1813,1087.98,64
45897,Gelsenkirchen,51.5669,7.0315,-9.0,10.9732,1783,1069.92,59
45899,Gelsenkirchen,51.5337,7.032,-9.0,10.9732,1783,1069.92,35
45964,Gladbeck,51.5575,6.9708,-9.0,10.9732,1783,1069.92,49
45966,Gladbeck,51.5851,6.9658,-9.0,10.9732,1783,1069.92,84
45968,Gladbeck,51.5524,7.0039,-9.0,10.9732,1783,1069.92,35
46045,Oberhausen,51.4671,6.8563,-9.0,10.9732,1783,1069.92,39
46047,Oberhausen,51.4803,6.8794,-9.0,10.9732,1783,1069.92,44
46049,Oberhausen,51.4745,6.833,-9.0,11.5477,1641,984.48,33
46117,Oberhausen,51.498,6.8996,-9.0,10.9732,1783,1069.92,40
46119,Oberhausen,51.5202,6.8788,-9.0,11.5477,1641,984.48,68
46145,Oberhausen,51.5401,6.8623,-9.0,11.5477,1641,984.48,68
46147,Oberhausen,51.5486,6.8193,-9.0,11.5477,1641,984.48,53
46149,Oberhausen,51.509,6.8325,-9.0,11.5477,1641,984.48,30
46236,Bottrop,51.5244,6.9254,-9.0,10.9732,1783,1069.92,55
46238,Bottrop,51.5152,6.968,-9.0,10.9732,1783,1069.92,44
46240,Bottrop,51.5502,6.9251,-9.0,11.5477,1641,984.48,42
46242,Bottrop,51.5284,6.901,-9.0,11.5477,1641,984.48,73
46244,Bottrop,51.6015,6.9016,-9.0,11.5477,1641,984.48,69
46282,Dorsten,51.6445,6.9943,-9.0,10.831,1798,1079.04,38
46284,Dorsten,51.6797,6.9825,-9.0,10.831,1798,1079.04,33
46286,Dorsten,51.7457,6.9985,-9.0,10.831,1798,1079.04,58
46325,Borken,51.8599,6.8334,-9.0,10.831,1798,1079.04,42
46342,Velen,51.8995,6.9521,-9.0,10.831,1798,1079.04,74
46348,Raesfeld,51.7701,6.8317,-9.0,10.831,1798,1079.04,62
46354,Südlohn,51.9515,6.8475,-9.0,10.831,1798,1079.04,58
46359,Heiden,51.8213,6.9506,-9.0,10.831,1798,1079.04,79
46395,Bocholt,51.8187,6.574,-9.0,10.831,1798,1079.04,22
46397,Bocholt,51.8453,6.642,-9.0,10.831,1798,1079.04,34
46399,Bocholt,51.8673,6.5888,-9.0,10.831,1798,1079.04,24
46414,Rhede,51.8189,6.696,-9.0,10.831,1798,1079.04,30
46419,Isselburg,51.83,6.4543,-9.0,10.6425,1870,1122.24,18
46446,Emmerich,51.8457,6.2744,-9.0,10.6425,1870,1122.24,16
46459,Rees,51.7661,6.4494,-9.0,10.6425,1870,1122.24,15
46483,Wesel,51.6606,6.617,-9.0,11.5477,1641,984.48,31
46485,Wesel,51.6618,6.6565,-9.0,11.5477,1641,984.48,27
46487,Wesel,51.6702,6.5464,-9.0,10.6425,1870,1122.24,19
46499,Hamminkeln,51.7467,6.6202,-9.0,10.831,1798,1079.04,20
46509,Xanten,51.6734,6.4325,-9.0,10.6425,1870,1122.24,17
46514,Schermbeck,51.7045,6.8031,-9.0,10.831,1798,1079.04,56
46519,Alpen,51.5907,6.4873,-9.0,11.5477,1641,984.48,25
46535,Dinslaken,51.5592,6.7294,-9.0,11.5477,1641,984.48,30
46537,Dinslaken,51.5754,6.742,-9.0,11.5477,1641,984.48,36
46539,Dinslaken,51.5765,6.7935,-9.0,11.5477,1641,984.48,48
46562,"Voerde (Niederrhein)",51.6047,6.6508,-9.0,11.5477,1641,984.48,20
46569,Hünxe,51.6298,6.7501,-9.0,11.5477,1641,984.48,71
47051,Duisburg,51.4332,6.7682,-9.0,11.5477,1641,984.48,36
47053,Duisburg,51.419,6.7503,-9.0,11.5477,1641,984.48,34
47055,Duisburg,51.4022,6.773,-9.0,11.4151,1683,1009.8,38
47057,Duisburg,51.4218,6.8008,-9.0,10.9732,1783,1069.92,61
47058,Duisburg,51.441,6.7956,-9.0,11.5477,1641,984.48,38
47059,Duisburg,51.4357,6.7294,-9.0,11.5477,1641,984.48,30
47119,Duisburg,51.4555,6.7338,-9.0,11.5477,1641,984.48,31
47137,Duisburg,51.4709,6.7703,-9.0,11.5477,1641,984.48,32
47138,Duisburg,51.4646,6.7977,-9.0,11.5477,1641,984.48,29
47139,Duisburg,51.4823,6.7101,-9.0,11.5477,1641,984.48,31
47166,Duisburg,51.4902,6.7577,-9.0,11.5477,1641,984.48,26
47167,Duisburg,51.4995,6.803,-9.0,11.5477,1641,984.48,31
47169,Duisburg,51.5093,6.7547,-9.0,11.5477,1641,984.48,25
47178,Duisburg,51.5432,6.694,-9.0,11.5477,1641,984.48,18
47179,Duisburg,51.5233,6.733,-9.0,11.5477,1641,984.48,29
47198,Duisburg,51.4512,6.6991,-9.0,11.5477,1641,984.48,31
47199,Duisburg,51.4992,6.6782,-9.0,11.5477,1641,984.48,16
47226,Duisburg,51.4063,6.7145,-9.0,11.5477,1641,984.48,34
47228,Duisburg,51.4188,6.6912,-9.0,11.5477,1641,984.48,30
47229,Duisburg,51.3859,6.704,-9.0,11.4151,1683,1009.8,34
47239,Duisburg,51.3966,6.6524,-9.0,11.5477,1641,984.48,27
47249,Duisburg,51.381,6.7646,-9.0,11.4151,1683,1009.8,36
47259,Duisburg,51.3548,6.7121,-9.0,11.4151,1683,1009.8,36
47269,Duisburg,51.3591,6.7828,-9.0,11.4151,1683,1009.8,36
47279,Duisburg,51.3842,6.8025,-9.0,11.4151,1683,1009.8,33
47441,Moers,51.4525,6.6282,-9.0,11.5477,1641,984.48,29
47443,Moers,51.4631,6.6556,-9.0,11.5477,1641,984.48,27
47445,Moers,51.4919,6.6056,-9.0,11.5477,1641,984.48,25
47447,Moers,51.4164,6.6075,-9.0,11.5477,1641,984.48,28
47475,Kamp-Lintfort,51.5145,6.5145,-9.0,11.5477,1641,984.48,28
47495,Rheinberg,51.5422,6.6447,-9.0,11.5477,1641,984.48,20
47506,Neukirchen-Vluyn,51.4419,6.5512,-9.0,11.5477,1641,984.48,30
47509,Rheurdt,51.4527,6.4749,-9.0,11.2315,1710,1026.06,56
47533,Kleve,51.8078,6.1319,-9.0,10.7811,1817,1089.96,15
47546,Kalkar,51.7372,6.3128,-9.0,10.6425,1870,1122.24,17
47551,Bedburg-Hau,51.7624,6.2198,-9.0,10.6425,1870,1122.24,22
47559,Kranenburg,51.7953,6.025,-9.0,10.7811,1817,1089.96,10
47574,Goch,51.6943,6.132,-9.0,10.7811,1817,1089.96,18
47589,Uedem,51.6738,6.2835,-9.0,10.6425,1870,1122.24,34
47608,Geldern,51.5121,6.2996,-9.0,11.2315,1710,1026.06,24
47623,Kevelaer,51.5801,6.233,-9.0,11.2315,1710,1026.06,22
47624,Kevelaer,51.5505,6.196,-9.0,11.2315,1710,1026.06,27
47625,Kevelaer,51.5646,6.2929,-9.0,11.2315,1710,1026.06,22
47626,Kevelaer,51.5845,6.3275,-9.0,11.2315,1710,1026.06,22
47627,Kevelaer,51.6267,6.2726,-9.0,10.6425,1870,1122.24,19
47638,Straelen,51.4311,6.2535,-9.0,11.2315,1710,1026.06,44
47647,Kerken,51.4476,6.3876,-9.0,11.2315,1710,1026.06,32
47652,Weeze,51.6282,6.1879,-9.0,10.6425,1870,1122.24,20
47661,Issum,51.506,6.423,-9.0,11.2315,1710,1026.06,27
47665,Sonsbeck,51.6205,6.3825,-9.0,10.6425,1870,1122.24,55
47669,Wachtendonk,51.4054,6.3326,-9.0,11.2315,1710,1026.06,31
47798,Krefeld,51.3317,6.5579,-9.0,11.2896,1701,1020.72,42
47799,Krefeld,51.3365,6.5771,-9.0,11.2896,1701,1020.72,38
47800,Krefeld,51.3501,6.6019,-9.0,11.2896,1701,1020.72,35
47802,Krefeld,51.376,6.5789,-9.0,11.2896,1701,1020.72,33
47803,Krefeld,51.3435,6.5408,-9.0,11.2896,1701,1020.72,39
47804,Krefeld,51.3113,6.5285,-9.0,11.2896,1701,1020.72,39
47805,Krefeld,51.3197,6.5682,-9.0,11.2896,1701,1020.72,42
47807,Krefeld,51.3024,6.5837,-9.0,11.2896,1701,1020.72,42
47809,Krefeld,51.3281,6.6355,-9.0,11.4151,1683,1009.8,32
47829,Krefeld,51.3697,6.6384,-9.0,11.4151,1683,1009.8,30
47839,Krefeld,51.3766,6.5076,-9.0,11.2896,1701,1020.72,38
47877,Willich,51.2592,6.5171,-9.0,11.2896,1701,1020.72,38
47906,Kempen,51.3741,6.4376,-9.0,11.2896,1701,1020.72,44
47918,Tönisvorst,51.3143,6.4524,-9.0,11.2896,1701,1020.72,37
47929,Grefrath,51.3471,6.346,-9.0,11.2896,1701,1020.72,34
48143,Münster,51.9619,7.6265,-9.0,10.7584,1853,1111.56,65
48145,Münster,51.9641,7.6508,-9.0,10.7584,1853,1111.56,61
48147,Münster,51.9769,7.6359,-9.0,10.7584,1853,1111.56,52
48149,Münster,51.9625,7.601,-9.0,10.7584,1853,1111.56,67
48151,Münster,51.9442,7.6129,-9.0,10.8151,1814,1088.1,75
48153,Münster,51.9309,7.6282,-9.0,10.8151,1814,1088.1,70
48155,Münster,51.9443,7.6551,-9.0,10.7584,1853,1111.56,56
48157,Münster,52.0157,7.6546,-9.0,10.7584,1853,1111.56,60
48159,Münster,52.013,7.6026,-9.0,10.7584,1853,1111.56,50
48161,Münster,51.966,7.5411,-9.0,10.7584,1853,1111.56,77
48163,Münster,51.8945,7.5751,-9.0,10.8151,1814,1088.1,64
48165,Münster,51.8981,7.6598,-9.0,10.8151,1814,1088.1,65
48167,Münster,51.9173,7.739,-9.0,10.8151,1814,1088.1,70
48231,Warendorf,51.9505,7.9583,-9.0,11.1455,1766,1059.54,55
48249,Dülmen,51.8425,7.2892,-9.0,10.8151,1814,1088.1,85
48268,Greven,52.0962,7.6314,-9.0,10.7584,1853,1111.56,48
48282,Emsdetten,52.1711,7.5229,-9.0,10.7584,1853,1111.56,47
48291,Telgte,51.9794,7.7803,-9.0,10.7584,1853,1111.56,55
48301,Nottuln,51.9274,7.372,-9.0,10.8151,1814,1088.1,102
48308,Senden,51.8647,7.4867,-9.0,10.8151,1814,1088.1,61
48317,Drensteinfurt,51.7932,7.7372,-9.0,10.8151,1814,1088.1,65
48324,Sendenhorst,51.8473,7.8109,-9.0,11.1455,1766,1059.54,60
48329,Havixbeck,51.9718,7.4417,-9.0,10.8151,1814,1088.1,77
48336,Sassenberg,52.0131,8.0405,-9.0,11.1455,1766,1059.54,59
48341,Altenberge,52.0315,7.4832,-9.0,10.7584,1853,1111.56,100
48346,Ostbevern,52.0473,7.8475,-9.0,10.7584,1853,1111.56,53
48351,Everswinkel,51.9122,7.8412,-9.0,11.1455,1766,1059.54,63
48356,Nordwalde,52.1037,7.4794,-9.0,10.7584,1853,1111.56,47
48361,Beelen,51.9284,8.12,-9.0,11.1455,1766,1059.54,64
48366,Laer,52.059,7.365,-9.0,10.7584,1853,1111.56,73
48369,Saerbeck,52.1726,7.6591,-9.0,10.7584,1853,1111.56,46
48429,Rheine,52.2815,7.4626,-9.0,10.3674,1928,1156.8,40
48431,Rheine,52.2737,7.4273,-9.0,10.3674,1928,1156.8,44
48432,Rheine,52.2395,7.4947,-9.0,10.3674,1928,1156.8,38
48455,"Bad Bentheim",52.2942,7.092,-9.0,10.3674,1928,1156.8,67
48465,Schüttorf,52.3566,7.2108,-9.0,10.3674,1928,1156.8,32
48477,Hörstel,52.2877,7.5957,-9.0,10.3674,1928,1156.8,54
48480,Spelle,52.3757,7.4536,-9.0,10.3674,1928,1156.8,36
48485,Neuenkirchen,52.2368,7.3761,-9.0,10.3674,1928,1156.8,55
48488,Emsbüren,52.3972,7.3106,-9.0,10.3674,1928,1156.8,34
48493,Wettringen,52.2334,7.2965,-9.0,10.3674,1928,1156.8,45
48496,Hopsten,52.4018,7.636,-9.0,10.0907,2010,1206.3,41
48499,Salzbergen,52.3147,7.3514,-9.0,10.3674,1928,1156.8,52
48527,Nordhorn,52.4845,7.0482,-9.0,10.4841,1898,1138.68,20
48529,Nordhorn,52.3869,7.0838,-9.0,10.4841,1898,1138.68,28
48531,Nordhorn,52.448,7.1283,-9.0,10.4841,1898,1138.68,23
48565,Steinfurt,52.1396,7.3868,-9.0,10.3674,1928,1156.8,129
48599,"Gronau (Westfalen)",52.1855,7.0357,-9.0,10.6553,1847,1108.32,44
48607,Ochtrup,52.2152,7.1744,-9.0,10.3674,1928,1156.8,65
48612,Horstmar,52.0975,7.2986,-9.0,10.3674,1928,1156.8,122
48619,Heek,52.1339,7.0945,-9.0,10.6553,1847,1108.32,56
48624,Schöppingen,52.0841,7.1992,-9.0,10.6553,1847,1108.32,87
48629,Metelen,52.1454,7.2141,-9.0,10.3674,1928,1156.8,61
48653,Coesfeld,51.9179,7.1527,-9.0,10.831,1798,1079.04,82
48683,Ahaus,52.0937,6.9611,-9.0,10.6553,1847,1108.32,50
48691,Vreden,52.0629,6.8129,-9.0,10.6553,1847,1108.32,37
48703,Stadtlohn,52.004,6.915,-9.0,10.6553,1847,1108.32,56
48712,Gescher,51.9513,7.0342,-9.0,10.831,1798,1079.04,66
48720,Rosendahl,52.0136,7.1825,-9.0,10.6553,1847,1108.32,103
48727,Billerbeck,52.0029,7.3423,-9.0,10.7584,1853,1111.56,107
48734,Reken,51.8244,7.0555,-9.0,10.831,1798,1079.04,83
48739,Legden,52.0485,7.0933,-9.0,10.6553,1847,1108.32,63
49074,Osnabrück,52.2768,8.0543,-9.0,10.4825,1914,1148.16,69
49076,Osnabrück,52.291,7.969,-9.0,10.4825,1914,1148.16,104
49078,Osnabrück,52.2593,7.9923,-9.0,10.4825,1914,1148.16,72
49080,Osnabrück,52.2593,8.0328,-9.0,10.4825,1914,1148.16,69
49082,Osnabrück,52.249,8.0613,-9.0,10.4825,1914,1148.16,88
49084,Osnabrück,52.2713,8.0847,-9.0,10.4825,1914,1148.16,68
49086,Osnabrück,52.2758,8.1219,-9.0,10.4825,1914,1148.16,75
49088,Osnabrück,52.2975,8.0634,-9.0,10.4825,1914,1148.16,70
49090,Osnabrück,52.3068,8.0083,-9.0,10.4825,1914,1148.16,61
49124,Georgsmarienhütte,52.2062,8.0735,-9.0,10.4825,1914,1148.16,90
49134,Wallenhorst,52.3388,8.0388,-9.0,10.4825,1914,1148.16,84
49143,Bissendorf,52.2627,8.2277,-9.0,10.4825,1914,1148.16,81
49152,"Bad Essen",52.3264,8.3985,-9.0,10.4825,1914,1148.16,50
49163,Bohmte,52.4463,8.2624,-9.0,10.4825,1914,1148.16,41
49170,"Hagen am Teutoburger Wald",52.1968,7.9646,-9.0,10.4825,1914,1148.16,98
49176,"Hilter am Teutoburger Wald",52.1737,8.1617,-9.0,10.4825,1914,1148.16,120
49179,Ostercappeln,52.3919,8.1953,-9.0,10.4825,1914,1148.16,49
49186,"Bad Iburg",52.1508,8.0495,-9.0,10.4825,1914,1148.16,107
49191,Belm,52.3303,8.1357,-9.0,10.4825,1914,1148.16,129
49196,"Bad Laer",52.0974,8.0957,-9.0,10.3236,1956,1173.78,85
49201,"Dissen am Teutoburger Wald",52.1241,8.2023,-9.0,10.3236,1956,1173.78,125
49205,Hasbergen,52.24,7.9454,-9.0,10.4825,1914,1148.16,77
49214,"Bad Rothenfelde",52.0992,8.1571,-9.0,10.3236,1956,1173.78,92
49219,Glandorf,52.0767,7.9741,-9.0,10.7584,1853,1111.56,63
49324,Melle,52.1967,8.3453,-9.0,10.3236,1956,1173.78,79
49326,Melle,52.1999,8.2638,-9.0,10.4825,1914,1148.16,83
49328,Melle,52.2455,8.4276,-9.0,10.4825,1914,1148.16,96
49356,Diepholz,52.6099,8.365,-9.0,10.3247,1971,1182.66,39
49377,Vechta,52.7335,8.292,-9.0,10.3247,1971,1182.66,41
49393,"Lohne (Oldenburg)",52.6669,8.2332,-9.0,10.3247,1971,1182.66,39
49401,Damme,52.5215,8.2384,-9.0,10.3247,1971,1182.66,69
49406,Barnstorf,52.7035,8.5447,-9.0,10.3247,1971,1182.66,38
49413,Dinklage,52.6623,8.1061,-9.0,10.3247,1971,1182.66,26
49419,Wagenfeld,52.5518,8.5997,-9.0,10.509,1925,1155.24,41
49424,Goldenstedt,52.7686,8.4034,-9.0,10.3247,1971,1182.66,44
49429,Visbek,52.8325,8.3148,-9.0,10.174,1983,1189.92,52
49434,Neuenkirchen-Vörden,52.4964,8.0943,-9.0,10.0907,2010,1206.3,56
49439,"Steinfeld (Oldenburg)",52.5982,8.1998,-9.0,10.3247,1971,1182.66,42
49448,Lemförde,52.4785,8.3953,-9.0,10.3247,1971,1182.66,40
49451,Holdorf,52.5718,8.1255,-9.0,10.3247,1971,1182.66,48
49453,Rehden,52.5974,8.4823,-9.0,10.3247,1971,1182.66,40
49456,Bakum,52.7328,8.1434,-9.0,10.3247,1971,1182.66,32
49457,Drebber,52.6716,8.4116,-9.0,10.3247,1971,1182.66,34
49459,Lembruch,52.5245,8.3786,-9.0,10.3247,1971,1182.66,37
49477,Ibbenbüren,52.2816,7.7093,-9.0,10.7584,1853,1111.56,72
49479,Ibbenbüren,52.3031,7.6664,-9.0,10.7584,1853,1111.56,77
49492,Westerkappeln,52.3179,7.8632,-9.0,10.0907,2010,1206.3,71
49497,Mettingen,52.3225,7.7805,-9.0,10.0907,2010,1206.3,62
49504,Lotte,52.323,7.9326,-9.0,10.4825,1914,1148.16,72
49509,Recke,52.3666,7.7138,-9.0,10.0907,2010,1206.3,48
49525,Lengerich,52.1679,7.8328,-9.0,10.7584,1853,1111.56,57
49536,Lienen,52.1385,7.9393,-9.0,10.7584,1853,1111.56,71
49545,Tecklenburg,52.2383,7.8364,-9.0,10.7584,1853,1111.56,100
49549,Ladbergen,52.135,7.7488,-9.0,10.7584,1853,1111.56,52
49565,Bramsche,52.4137,7.9964,-9.0,10.0907,2010,1206.3,48
49577,Ankum,52.5494,7.8495,-9.0,10.0907,2010,1206.3,76
49584,Fürstenau,52.4987,7.675,-9.0,10.0907,2010,1206.3,51
49586,Neuenkirchen,52.4237,7.8256,-9.0,10.0907,2010,1206.3,66
49593,Bersenbrück,52.5624,7.9442,-9.0,10.0907,2010,1206.3,36
49594,Alfhausen,52.49,7.947,-9.0,10.0907,2010,1206.3,46
49596,Gehrde,52.5764,8.0079,-9.0,10.0907,2010,1206.3,35
49597,Rieste,52.4844,8.0287,-9.0,10.0907,2010,1206.3,38
49599,Voltlage,52.4356,7.738,-9.0,10.0907,2010,1206.3,46
49610,Quakenbrück,52.6824,7.9745,-9.0,10.0277,2025,1214.76,25
49624,Löningen,52.7312,7.7536,-9.0,10.0277,2025,1214.76,24
49626,Berge,52.6029,7.7046,-9.0,10.0277,2025,1214.76,78
49632,"Essen (Oldenburg)",52.7273,7.9526,-9.0,10.0277,2025,1214.76,30
49635,Badbergen,52.6298,7.9614,-9.0,10.0907,2010,1206.3,28
49637,Menslage,52.6706,7.8247,-9.0,10.0277,2025,1214.76,22
49638,Nortrup,52.6138,7.8702,-9.0,10.0277,2025,1214.76,29
49661,Cloppenburg,52.8577,8.0413,-9.0,10.174,1983,1189.92,45
49681,Garrel,52.9615,8.0497,-9.0,10.174,1983,1189.92,21
49685,Emstek,52.8533,8.1664,-9.0,10.174,1983,1189.92,57
49688,Lastrup,52.7957,7.9035,-9.0,10.0277,2025,1214.76,42
49692,"Cappeln (Oldenburg)",52.7878,8.0794,-9.0,10.174,1983,1189.92,36
49696,Molbergen,52.8742,7.9024,-9.0,10.0277,2025,1214.76,44
49699,"Lindern (Oldenburg)",52.8323,7.777,-9.0,10.0277,2025,1214.76,34
49716,Meppen,52.6998,7.2884,-9.0,10.4151,1910,1146.24,14
49733,"Haren (Ems)",52.7862,7.1913,-9.0,10.4151,1910,1146.24,15
49740,Haselünne,52.6739,7.4802,-9.0,10.4151,1910,1146.24,24
49744,Geeste,52.6033,7.202,-9.0,10.4841,1898,1138.68,19
49751,Sögel,52.8471,7.5197,-9.0,10.4216,1890,1133.82,48
49757,Werlte,52.8482,7.6722,-9.0,10.0277,2025,1214.76,33
49762,Lathen,52.8737,7.3462,-9.0,10.4216,1890,1133.82,23
49767,Twist,52.6677,7.0982,-9.0,10.4151,1910,1146.24,16
49770,Herzlake,52.6667,7.6124,-9.0,10.0277,2025,1214.76,28
49774,Lähden,52.7435,7.6003,-9.0,10.0277,2025,1214.76,29
49777,Stavern,52.7998,7.439,-9.0,10.4151,1910,1146.24,32
49779,Niederlangen,52.8582,7.2297,-9.0,10.4216,1890,1133.82,11
49808,"Lingen (Ems)",52.5487,7.2926,-9.0,10.4841,1898,1138.68,33
49809,"Lingen (Ems)",52.5157,7.334,-9.0,10.4841,1898,1138.68,28
49811,"Lingen (Ems)",52.5026,7.3826,-9.0,10.4841,1898,1138.68,64
49824,Emlichheim,52.612,6.8431,-9.0,10.4841,1898,1138.68,15
49828,Neuenhaus,52.5215,6.9878,-9.0,10.4841,1898,1138.68,17
49832,Freren,52.4699,7.5271,-9.0,10.4841,1898,1138.68,40
49835,Wietmarschen,52.4934,7.2121,-9.0,10.4841,1898,1138.68,25
49838,Lengerich,52.5685,7.5106,-9.0,10.4841,1898,1138.68,34
49843,Uelsen,52.4833,6.8827,-9.0,10.4841,1898,1138.68,58
49844,Bawinkel,52.5914,7.409,-9.0,10.4841,1898,1138.68,23
49846,Hoogstede,52.5761,6.9728,-9.0,10.4841,1898,1138.68,15
49847,Itterbeck,52.5104,6.7465,-9.0,10.4841,1898,1138.68,27
49849,Wilsum,52.5403,6.8345,-9.0,10.4841,1898,1138.68,22
50126,Bergheim,50.9678,6.6145,-9.0,11.157,1750,1049.88,60
50127,Bergheim,50.9355,6.6789,-9.0,11.157,1750,1049.88,68
50129,Bergheim,50.9886,6.6906,-9.0,11.157,1750,1049.88,84
50169,Kerpen,50.8682,6.7465,-9.0,11.157,1750,1049.88,99
50170,Kerpen,50.8741,6.5862,-9.0,11.157,1750,1049.88,75
50171,Kerpen,50.862,6.6629,-9.0,11.157,1750,1049.88,85
50181,Bedburg,51.0149,6.5122,-9.0,11.157,1750,1049.88,103
50189,Elsdorf,50.9292,6.5563,-9.0,11.157,1750,1049.88,84
50226,Frechen,50.9115,6.7795,-9.0,11.157,1750,1049.88,124
50259,Pulheim,50.9979,6.7964,-9.0,12.0647,1546,927.9,53
50321,Brühl,50.8227,6.8877,-9.0,10.9984,1786,1071.84,100
50354,Hürth,50.8748,6.8602,-9.0,11.157,1750,1049.88,97
50374,Erftstadt,50.7853,6.7652,-9.0,10.9984,1786,1071.84,104
50389,Wesseling,50.8171,6.9729,-9.0,11.1649,1744,1046.28,59
50667,Köln,50.9384,6.9553,-9.0,12.0647,1546,927.9,61
50668,Köln,50.9476,6.9618,-9.0,12.0647,1546,927.9,54
50670,Köln,50.9499,6.9471,-9.0,12.0647,1546,927.9,54
50672,Köln,50.9427,6.9361,-9.0,12.0647,1546,927.9,57
50674,Köln,50.9329,6.9354,-9.0,12.0647,1546,927.9,54
50676,Köln,50.9302,6.9502,-9.0,12.0647,1546,927.9,55
50677,Köln,50.9215,6.9505,-9.0,12.0647,1546,927.9,55
50678,Köln,50.9236,6.9647,-9.0,12.0647,1546,927.9,50
50679,Köln,50.9376,6.977,-9.0,12.0647,1546,927.9,51
50733,Köln,50.9642,6.9535,-9.0,12.0647,1546,927.9,51
50735,Köln,51.0064,6.9504,-9.0,12.0647,1546,927.9,50
50737,Köln,50.9898,6.9331,-9.0,12.0647,1546,927.9,44
50739,Köln,50.9703,6.9305,-9.0,12.0647,1546,927.9,50
50765,Köln,51.0274,6.8849,-9.0,12.0647,1546,927.9,44
50767,Köln,51.003,6.8849,-9.0,12.0647,1546,927.9,61
50769,Köln,51.0572,6.8691,-9.0,12.0647,1546,927.9,39
50823,Köln,50.9513,6.9263,-9.0,12.0647,1546,927.9,53
50825,Köln,50.9528,6.9091,-9.0,12.0647,1546,927.9,53
50827,Köln,50.967,6.8996,-9.0,12.0647,1546,927.9,51
50829,Köln,50.9683,6.8641,-9.0,12.0647,1546,927.9,57
50858,Köln,50.9233,6.8563,-9.0,12.0647,1546,927.9,60
50859,Köln,50.9567,6.8371,-9.0,12.0647,1546,927.9,56
50931,Köln,50.9321,6.918,-9.0,12.0647,1546,927.9,56
50933,Köln,50.9391,6.8777,-9.0,12.0647,1546,927.9,62
50935,Köln,50.9229,6.8957,-9.0,12.0647,1546,927.9,58
50937,Köln,50.9061,6.9096,-9.0,12.0647,1546,927.9,53
50939,Köln,50.9007,6.9191,-9.0,12.0647,1546,927.9,67
50968,Köln,50.9042,6.9656,-9.0,12.0647,1546,927.9,55
50969,Köln,50.9049,6.9375,-9.0,12.0647,1546,927.9,52
50996,Köln,50.8795,6.9846,-9.0,12.0647,1546,927.9,58
50997,Köln,50.869,6.9464,-9.0,12.0647,1546,927.9,52
50999,Köln,50.8744,7.0132,-9.0,11.1649,1744,1046.28,49
51061,Köln,50.9962,6.9928,-9.0,12.0647,1546,927.9,47
51063,Köln,50.9735,7.0085,-9.0,12.0647,1546,927.9,50
51065,Köln,50.9551,7.0096,-9.0,12.0647,1546,927.9,53
51067,Köln,50.9663,7.0414,-9.0,12.0647,1546,927.9,57
51069,Köln,51.0057,7.0508,-9.0,12.0647,1546,927.9,75
51103,Köln,50.941,7.0193,-9.0,12.0647,1546,927.9,49
51105,Köln,50.9206,6.9965,-9.0,12.0647,1546,927.9,50
51107,Köln,50.9263,7.1178,-9.0,11.1649,1744,1046.28,84
51109,Köln,50.943,7.0806,-9.0,12.0647,1546,927.9,53
51143,Köln,50.8609,7.0389,-9.0,11.1649,1744,1046.28,56
51145,Köln,50.8831,7.0805,-9.0,11.1649,1744,1046.28,53
51147,Köln,50.8729,7.1176,-9.0,11.1649,1744,1046.28,65
51149,Köln,50.9055,7.05,-9.0,11.1649,1744,1046.28,52
51371,Leverkusen,51.0582,6.9422,-9.0,12.0647,1546,927.9,49
51373,Leverkusen,51.0242,6.9863,-9.0,12.0647,1546,927.9,58
51375,Leverkusen,51.0311,7.058,-9.0,12.0647,1546,927.9,76
51377,Leverkusen,51.0531,7.0828,-9.0,12.0647,1546,927.9,136
51379,Leverkusen,51.0683,6.9995,-9.0,12.0647,1546,927.9,52
51381,Leverkusen,51.0752,7.041,-9.0,12.0647,1546,927.9,95
51399,Burscheid,51.0848,7.1163,-9.0,9.7164,2104,1262.64,182
51427,"Bergisch Gladbach",50.9551,7.126,-9.0,11.1649,1744,1046.28,82
51429,"Bergisch Gladbach",50.9767,7.1996,-9.0,11.1649,1744,1046.28,198
51465,"Bergisch Gladbach",50.9884,7.1604,-9.0,12.0647,1546,927.9,170
51467,"Bergisch Gladbach",51.0133,7.0871,-9.0,12.0647,1546,927.9,102
51469,"Bergisch Gladbach",50.9792,7.1096,-9.0,12.0647,1546,927.9,77
51491,Overath,50.9425,7.2965,-9.0,10.3984,1944,1166.46,106
51503,Rösrath,50.9045,7.1827,-9.0,11.1649,1744,1046.28,101
51515,Kürten,51.0367,7.2442,-9.0,9.7164,2104,1262.64,219
51519,Odenthal,51.0417,7.148,-9.0,12.0647,1546,927.9,149
51545,Waldbröl,50.8655,7.6164,-9.0,9.8995,2096,1257.42,325
51570,Windeck,50.7895,7.562,-9.0,9.8995,2096,1257.42,278
51580,Reichshof,50.9592,7.6994,-9.0,9.7575,2126,1275.54,396
51588,Nümbrecht,50.8971,7.534,-9.0,10.3984,1944,1166.46,255
51597,Morsbach,50.8711,7.7059,-9.0,9.7575,2126,1275.54,358
51598,Friesenhagen,50.8951,7.7927,-9.0,9.7575,2126,1275.54,250
51643,Gummersbach,51.0255,7.5627,-9.0,8.9984,2329,1397.64,254
51645,Gummersbach,50.9927,7.5327,-9.0,9.7575,2126,1275.54,352
51647,Gummersbach,51.0458,7.612,-9.0,8.9984,2329,1397.64,317
51674,Wiehl,50.9555,7.5366,-9.0,9.7575,2126,1275.54,234
51688,Wipperfürth,51.1157,7.4231,-9.0,9.7164,2104,1262.64,329
51702,Bergneustadt,51.0304,7.6809,-9.0,9.7575,2126,1275.54,299
51709,Marienheide,51.077,7.5354,-9.0,8.9984,2329,1397.64,401
51766,Engelskirchen,50.9841,7.4304,-9.0,10.3984,1944,1166.46,141
51789,Lindlar,51.0216,7.3556,-9.0,9.7164,2104,1262.64,282
52062,Aachen,50.7771,6.0873,-9.0,10.6455,1857,1114.2,173
52064,Aachen,50.7663,6.078,-9.0,10.6455,1857,1114.2,194
52066,Aachen,50.7592,6.1073,-9.0,10.6455,1857,1114.2,203
52068,Aachen,50.7787,6.1278,-9.0,10.6455,1857,1114.2,178
52070,Aachen,50.7926,6.0988,-9.0,10.6455,1857,1114.2,161
52072,Aachen,50.8269,6.0441,-9.0,10.7649,1810,1086.24,166
52074,Aachen,50.7727,6.045,-9.0,10.7649,1810,1086.24,212
52076,Aachen,50.709,6.1686,-9.0,10.6455,1857,1114.2,246
52078,Aachen,50.7548,6.1606,-9.0,10.6455,1857,1114.2,248
52080,Aachen,50.7886,6.1603,-9.0,10.6455,1857,1114.2,204
52134,Herzogenrath,50.8699,6.1063,-9.0,10.6455,1857,1114.2,148
52146,Würselen,50.8232,6.1507,-9.0,10.6455,1857,1114.2,184
52152,Simmerath,50.6023,6.3367,-9.0,10.0729,2005,1202.88,531
52156,Monschau,50.5395,6.2683,-9.0,10.0729,2005,1202.88,504
52159,Roetgen,50.6729,6.2232,-9.0,10.0729,2005,1202.88,439
52222,"Stolberg (Rheinland)",50.7841,6.2003,-9.0,10.6455,1857,1114.2,208
52223,"Stolberg (Rheinland)",50.7429,6.2158,-9.0,10.6455,1857,1114.2,249
52224,"Stolberg (Rheinland)",50.7425,6.2857,-9.0,10.0729,2005,1202.88,302
52249,Eschweiler,50.8256,6.2713,-9.0,10.6455,1857,1114.2,159
52349,Düren,50.8032,6.4746,-9.0,11.157,1750,1049.88,127
52351,Düren,50.8036,6.5073,-9.0,11.157,1750,1049.88,140
52353,Düren,50.8252,6.4515,-9.0,11.157,1750,1049.88,115
52355,Düren,50.7752,6.4475,-9.0,10.0729,2005,1202.88,145
52372,Kreuzau,50.7314,6.4954,-9.0,10.0729,2005,1202.88,205
52379,Langerwehe,50.8047,6.3752,-9.0,10.0729,2005,1202.88,184
52382,Niederzier,50.893,6.4738,-9.0,11.157,1750,1049.88,114
52385,Nideggen,50.6817,6.4934,-9.0,10.0729,2005,1202.88,283
52388,Nörvenich,50.8025,6.6371,-9.0,11.157,1750,1049.88,120
52391,Vettweiß,50.7468,6.5917,-9.0,11.157,1750,1049.88,150
52393,Hürtgenwald,50.7158,6.3716,-9.0,10.0729,2005,1202.88,349
52396,Heimbach,50.6307,6.4897,-9.0,10.0729,2005,1202.88,245
52399,Merzenich,50.8311,6.5493,-9.0,11.157,1750,1049.88,132
52428,Jülich,50.9286,6.367,-9.0,11.1729,1726,1035.36,93
52441,Linnich,50.9815,6.2963,-9.0,11.1729,1726,1035.36,70
52445,Titz,51.0015,6.4139,-9.0,11.1729,1726,1035.36,98
52457,Aldenhoven,50.899,6.2546,-9.0,10.6455,1857,1114.2,115
52459,Inden,50.8617,6.3661,-9.0,11.157,1750,1049.88,35
52477,Alsdorf,50.8711,6.1745,-9.0,10.6455,1857,1114.2,162
52499,Baesweiler,50.9176,6.18,-9.0,11.1729,1726,1035.36,123
52511,Geilenkirchen,50.9704,6.1512,-9.0,11.1729,1726,1035.36,97
52525,Heinsberg,51.0558,6.0905,-9.0,11.1729,1726,1035.36,50
52531,Übach-Palenberg,50.9297,6.1091,-9.0,11.1729,1726,1035.36,110
52538,Gangelt,51.0117,5.9881,-9.0,11.1729,1726,1035.36,77
53111,Bonn,50.7398,7.0968,-9.0,10.9901,1792,1075.44,68
53113,Bonn,50.7126,7.1303,-9.0,10.9901,1792,1075.44,65
53115,Bonn,50.7224,7.0863,-9.0,10.9901,1792,1075.44,67
53117,Bonn,50.7585,7.0705,-9.0,10.9901,1792,1075.44,61
53119,Bonn,50.7452,7.0624,-9.0,10.9901,1792,1075.44,63
53121,Bonn,50.7306,7.0651,-9.0,10.9901,1792,1075.44,74
53123,Bonn,50.716,7.0505,-9.0,10.9901,1792,1075.44,83
53125,Bonn,50.6688,7.0608,-9.0,10.9901,1792,1075.44,186
53127,Bonn,50.6996,7.0918,-9.0,10.9901,1792,1075.44,174
53129,Bonn,50.7087,7.1128,-9.0,10.9901,1792,1075.44,63
53173,Bonn,50.689,7.1632,-9.0,10.9901,1792,1075.44,68
53175,Bonn,50.6982,7.1391,-9.0,10.9901,1792,1075.44,66
53177,Bonn,50.6687,7.1359,-9.0,10.9901,1792,1075.44,103
53179,Bonn,50.6612,7.186,-9.0,10.9901,1792,1075.44,67
53225,Bonn,50.756,7.1189,-9.0,10.9901,1792,1075.44,53
53227,Bonn,50.7203,7.1659,-9.0,10.9901,1792,1075.44,108
53229,Bonn,50.7447,7.1642,-9.0,10.9901,1792,1075.44,73
53332,Bornheim,50.7669,6.9536,-9.0,10.9984,1786,1071.84,73
53340,Meckenheim,50.6244,7.0233,-9.0,10.9907,1798,1079.1,172
53343,Wachtberg,50.6292,7.0995,-9.0,10.9907,1798,1079.1,188
53347,Alfter,50.7159,7.0001,-9.0,10.9901,1792,1075.44,180
53359,Rheinbach,50.6172,6.9512,-9.0,10.9907,1798,1079.1,191
53424,Remagen,50.6012,7.1901,-9.0,10.9907,1798,1079.1,92
53426,Schalkenbach,50.4919,7.1562,-9.0,10.9907,1798,1079.1,341
53474,"Bad Neuenahr-Ahrweiler",50.5316,7.1315,-9.0,10.9907,1798,1079.1,247
53489,Sinzig,50.5299,7.2303,-9.0,10.9907,1798,1079.1,158
53498,"Bad Breisig",50.5036,7.2809,-9.0,11.4351,1737,1042.32,94
53501,Grafschaft,50.5696,7.0597,-9.0,10.9907,1798,1079.1,227
53505,Altenahr,50.5267,6.965,-9.0,10.9907,1798,1079.1,247
53506,Ahrbrück,50.4715,7.008,-9.0,10.9907,1798,1079.1,501
53507,Dernau,50.5318,7.045,-9.0,10.9907,1798,1079.1,159
53508,Mayschoß,50.5233,7.0177,-9.0,10.9907,1798,1079.1,191
53518,Adenau,50.3884,6.9489,-9.0,9.0238,2329,1397.64,409
53520,Schuld,50.4399,6.8926,-9.0,9.0238,2329,1397.64,341
53533,Antweiler,50.407,6.8084,-9.0,9.0238,2329,1397.64,437
53534,Barweiler,50.3549,6.8613,-9.0,9.0238,2329,1397.64,460
53539,Kelberg,50.2987,6.8937,-9.0,9.0238,2329,1397.64,578
53545,"Linz am Rhein",50.5796,7.3034,-9.0,9.8326,2117,1270.2,232
53547,Breitscheid,50.5571,7.3693,-9.0,9.8326,2117,1270.2,251
53557,"Bad Hönningen",50.5329,7.3364,-9.0,9.8326,2117,1270.2,212
53560,Vettelschoß,50.6109,7.3202,-9.0,9.8326,2117,1270.2,351
53562,"Sankt Katharinen (Landkreis",50.5907,7.3527,-9.0,9.8326,2117,1270.2,337
53567,Asbach,50.6749,7.4227,-9.0,9.8326,2117,1270.2,285
53572,Unkel,50.6064,7.2565,-9.0,10.9907,1798,1079.1,197
53577,"Neustadt (Wied)",50.6143,7.4181,-9.0,9.8326,2117,1270.2,215
53578,Windhagen,50.6352,7.3619,-9.0,9.8326,2117,1270.2,281
53579,Erpel,50.6156,7.2767,-9.0,10.9901,1792,1075.44,289
53604,"Bad Honnef",50.6518,7.2777,-9.0,10.9901,1792,1075.44,264
53619,Rheinbreitbach,50.6201,7.2356,-9.0,10.9901,1792,1075.44,122
53639,Königswinter,50.7048,7.2515,-9.0,10.9901,1792,1075.44,172
53721,Siegburg,50.7982,7.2151,-9.0,10.9901,1792,1075.44,62
53757,"Sankt Augustin",50.7718,7.1838,-9.0,10.9901,1792,1075.44,68
53773,"Hennef (Sieg)",50.7562,7.3311,-9.0,10.9901,1792,1075.44,157
53783,Eitorf,50.7647,7.4522,-9.0,10.3984,1944,1166.46,131
53797,Lohmar,50.8694,7.2436,-9.0,11.1649,1744,1046.28,137
53804,Much,50.8968,7.4082,-9.0,10.3984,1944,1166.46,198
53809,Ruppichteroth,50.8481,7.4745,-9.0,10.3984,1944,1166.46,216
53819,Neunkirchen-Seelscheid,50.8501,7.3318,-9.0,10.3984,1944,1166.46,162
53840,Troisdorf,50.8133,7.1696,-9.0,11.1649,1744,1046.28,57
53842,Troisdorf,50.8462,7.1603,-9.0,11.1649,1744,1046.28,92
53844,Troisdorf,50.7911,7.1094,-9.0,10.9901,1792,1075.44,58
53859,Niederkassel,50.8038,7.0563,-9.0,11.1649,1744,1046.28,56
53879,Euskirchen,50.6567,6.7848,-9.0,10.9984,1786,1071.84,165
53881,Euskirchen,50.6222,6.8436,-9.0,10.9984,1786,1071.84,212
53894,Mechernich,50.5847,6.6496,-9.0,8.8238,2360,1415.7,329
53902,"Bad Münstereifel",50.5215,6.8339,-9.0,10.9907,1798,1079.1,503
53909,Zülpich,50.6776,6.6609,-9.0,10.9984,1786,1071.84,158
53913,Swisttal,50.6943,6.9261,-9.0,10.9984,1786,1071.84,135
53919,Weilerswist,50.734,6.8385,-9.0,10.9984,1786,1071.84,130
53925,Kall,50.5182,6.5479,-9.0,8.8238,2360,1415.7,487
53937,Schleiden,50.5576,6.4517,-9.0,8.8238,2360,1415.7,507
53940,Hellenthal,50.4582,6.4236,-9.0,8.8238,2360,1415.7,517
53945,Blankenheim,50.4119,6.6863,-9.0,9.0238,2329,1397.64,413
53947,Nettersheim,50.4939,6.6615,-9.0,8.8238,2360,1415.7,531
53949,Dahlem,50.3979,6.5124,-9.0,8.8238,2360,1415.7,564
54290,Trier,49.7531,6.6348,-9.0,10.6748,1914,1148.22,140
54292,Trier,49.7719,6.6875,-9.0,10.6748,1914,1148.22,170
54293,Trier,49.8021,6.6803,-9.0,10.6748,1914,1148.22,257
54294,Trier,49.7337,6.5917,-9.0,11.2244,1777,1066.44,302
54295,Trier,49.7405,6.6465,-9.0,10.6748,1914,1148.22,167
54296,Trier,49.7364,6.6966,-9.0,10.6748,1914,1148.22,275
54298,Welschbillig,49.8453,6.5751,-9.0,10.6748,1914,1148.22,328
54306,Kordel,49.8416,6.6515,-9.0,10.6748,1914,1148.22,232
54308,Langsur,49.741,6.5177,-9.0,11.2244,1777,1066.44,204
54309,Newel,49.81,6.6079,-9.0,10.6748,1914,1148.22,410
54310,Ralingen,49.8235,6.5068,-9.0,11.2244,1777,1066.44,322
54311,Trierweiler,49.7682,6.561,-9.0,11.2244,1777,1066.44,365
54313,Zemmer,49.8786,6.6829,-9.0,10.6748,1914,1148.22,397
54314,Zerf,49.5823,6.6838,-9.0,10.2419,2038,1222.74,434
54316,Pluwig,49.68,6.739,-9.0,10.6748,1914,1148.22,302
54317,Gusterath,49.7127,6.8266,-9.0,10.6748,1914,1148.22,484
54318,Mertesdorf,49.7712,6.7315,-9.0,10.6748,1914,1148.22,223
54320,Waldrach,49.747,6.767,-9.0,10.6748,1914,1148.22,382
54329,Konz,49.6755,6.6308,-9.0,11.2244,1777,1066.44,234
54331,Pellingen,49.6702,6.6742,-9.0,11.2244,1777,1066.44,415
54332,Wasserliesch,49.7006,6.533,-9.0,11.2244,1777,1066.44,336
54338,Schweich,49.8415,6.7309,-9.0,10.6748,1914,1148.22,251
54340,Leiwen,49.8301,6.8537,-9.0,9.483,2217,1330.2,148
54341,Fell,49.7648,6.8025,-9.0,10.6748,1914,1148.22,385
54343,Föhren,49.8647,6.7714,-9.0,10.6748,1914,1148.22,216
54344,Kenn,49.8001,6.7281,-9.0,10.6748,1914,1148.22,146
54346,Mehring,49.7655,6.8492,-9.0,10.6748,1914,1148.22,463
54347,Neumagen-Dhron,49.8464,6.9105,-9.0,11.1449,1791,1074.6,263
54349,Trittenheim,49.8154,6.9179,-9.0,9.483,2217,1330.2,181
54411,Hermeskeil,49.6578,6.9512,-9.0,9.483,2217,1330.2,535
54413,Gusenburg,49.7291,6.8887,-9.0,9.483,2217,1330.2,557
54421,Reinsfeld,49.6759,6.8802,-9.0,10.2419,2038,1222.74,491
54422,Neuhütten,49.6607,7.033,-9.0,9.483,2217,1330.2,568
54424,Thalfang,49.759,6.9925,-9.0,9.483,2217,1330.2,496
54426,Malborn,49.7792,6.9369,-9.0,9.483,2217,1330.2,427
54427,"Kell am See",49.642,6.8362,-9.0,10.2419,2038,1222.74,493
54429,Schillingen,49.6112,6.7592,-9.0,10.2419,2038,1222.74,422
54439,Saarburg,49.5917,6.4891,-9.0,10.6578,1905,1142.76,380
54441,Ayl,49.6418,6.5459,-9.0,11.2244,1777,1066.44,168
54450,Freudenburg,49.5482,6.535,-9.0,10.6578,1905,1142.76,400
54451,Irsch,49.6028,6.6079,-9.0,11.2244,1777,1066.44,347
54453,Nittel,49.6495,6.4552,-9.0,10.6578,1905,1142.76,247
54455,Serrig,49.5778,6.5858,-9.0,10.6578,1905,1142.76,194
54456,Tawern,49.6749,6.513,-9.0,11.2244,1777,1066.44,205
54457,Wincheringen,49.6012,6.4421,-9.0,10.6578,1905,1142.76,326
54459,Wiltingen,49.6445,6.6125,-9.0,11.2244,1777,1066.44,322
54470,Bernkastel-Kues,49.9232,7.0587,-9.0,11.1449,1791,1074.6,187
54472,Monzelfeld,49.8631,7.0478,-9.0,11.1449,1791,1074.6,494
54483,Kleinich,49.8856,7.185,-9.0,9.1422,2326,1395.66,498
54484,Maring-Noviand,49.9293,6.986,-9.0,11.1449,1791,1074.6,133
54486,"Mülheim (Mosel)",49.9087,7.0209,-9.0,11.1449,1791,1074.6,181
54487,Wintrich,49.868,6.9701,-9.0,11.1449,1791,1074.6,303
54492,Zeltingen-Rachtig,49.9655,7.0247,-9.0,11.1449,1791,1074.6,265
54497,Morbach,49.8203,7.113,-9.0,9.483,2217,1330.2,470
54498,Piesport,49.8796,6.9134,-9.0,11.1449,1791,1074.6,144
54516,Wittlich,49.9959,6.9268,-9.0,11.1449,1791,1074.6,204
54518,Osann-Monzel,49.957,6.7956,-9.0,9.0249,2341,1404.72,316
54523,Hetzerath,49.8812,6.8039,-9.0,10.6748,1914,1148.22,184
54524,Klausen,49.9021,6.8773,-9.0,11.1449,1791,1074.6,204
54526,Landscheid,49.9997,6.7504,-9.0,9.0249,2341,1404.72,350
54528,Salmtal,49.9323,6.8554,-9.0,11.1449,1791,1074.6,187
54529,Spangdahlem,49.9904,6.6923,-9.0,9.0249,2341,1404.72,342
54531,Manderscheid,50.1014,6.8276,-9.0,9.0249,2341,1404.72,458
54533,Bettenfeld,50.0463,6.6948,-9.0,9.0249,2341,1404.72,406
54534,Großlittgen,50.0373,6.7945,-9.0,9.0249,2341,1404.72,320
54536,Kröv,49.9927,7.0808,-9.0,11.1449,1791,1074.6,397
54538,Bausendorf,50.0367,6.9991,-9.0,11.1449,1791,1074.6,418
54539,Ürzig,49.989,7.0026,-9.0,11.1449,1791,1074.6,188
54550,Daun,50.203,6.8127,-9.0,9.0249,2341,1404.72,480
54552,Mehren,50.1929,6.9145,-9.0,9.0501,2344,1406.58,503
54558,Gillenfeld,50.1181,6.9175,-9.0,9.0249,2341,1404.72,397
54568,Gerolstein,50.2289,6.6255,-9.0,7.8156,2660,1595.7,374
54570,Pelm,50.1487,6.732,-9.0,9.0249,2341,1404.72,407
54574,Birresborn,50.1781,6.6132,-9.0,9.0249,2341,1404.72,381
54576,Hillesheim,50.283,6.6623,-9.0,9.0238,2329,1397.64,426
54578,Walsdorf,50.3379,6.6727,-9.0,9.0238,2329,1397.64,482
54579,Üxheim,50.3337,6.7504,-9.0,9.0238,2329,1397.64,441
54584,Jünkerath,50.3338,6.598,-9.0,7.8156,2660,1595.7,444
54585,Esch,50.3621,6.5991,-9.0,7.8156,2660,1595.7,554
54586,Schüller,50.3342,6.5647,-9.0,7.8156,2660,1595.7,558
54587,Lissendorf,50.3205,6.6286,-9.0,7.8156,2660,1595.7,440
54589,Stadtkyll,50.3306,6.5163,-9.0,7.8156,2660,1595.7,612
54595,Prüm,50.2287,6.4172,-9.0,7.8156,2660,1595.7,574
54597,Pronsfeld,50.2741,6.5424,-9.0,7.8156,2660,1595.7,579
54608,Bleialf,50.2432,6.3115,-9.0,7.8156,2660,1595.7,476
54610,Büdesheim,50.2104,6.5716,-9.0,7.8156,2660,1595.7,519
54611,Hallschlag,50.3518,6.4205,-9.0,7.8156,2660,1595.7,552
54612,Lasel,50.1121,6.4839,-9.0,9.8145,2123,1274.04,446
54614,Schönecken,50.1503,6.4528,-9.0,7.8156,2660,1595.7,441
54616,Winterspelt,50.2104,6.2065,-9.0,7.8156,2660,1595.7,508
54617,Lützkampen,50.1509,6.1724,-9.0,7.8156,2660,1595.7,468
54619,Üttfeld,50.1331,6.2333,-9.0,7.8156,2660,1595.7,523
54634,Bitburg,49.966,6.5263,-9.0,9.8145,2123,1274.04,327
54636,Rittersdorf,50.0241,6.4756,-9.0,9.8145,2123,1274.04,341
54646,Bettingen,49.9418,6.3865,-9.0,9.8145,2123,1274.04,310
54647,Dudeldorf,49.9793,6.6438,-9.0,9.0249,2341,1404.72,298
54649,Waxweiler,50.0698,6.3806,-9.0,9.8145,2123,1274.04,388
54655,Kyllburg,50.0598,6.6056,-9.0,9.0249,2341,1404.72,398
54657,Badem,50.0051,6.6163,-9.0,9.0249,2341,1404.72,354
54662,Speicher,49.939,6.6575,-9.0,9.0249,2341,1404.72,328
54664,Preist,49.9075,6.6277,-9.0,10.6748,1914,1148.22,337
54666,Irrel,49.8486,6.4519,-9.0,9.8145,2123,1274.04,197
54668,Ferschweiler,49.8782,6.4163,-9.0,9.8145,2123,1274.04,382
54669,Bollendorf,49.8591,6.3754,-9.0,9.8145,2123,1274.04,386
54673,Neuerburg,49.9937,6.224,-9.0,9.8145,2123,1274.04,436
54675,Körperich,49.9276,6.2916,-9.0,9.8145,2123,1274.04,332
54687,Arzfeld,50.0859,6.2694,-9.0,9.8145,2123,1274.04,508
54689,Daleiden,50.0661,6.1721,-9.0,9.8145,2123,1274.04,469
55116,Mainz,50.002,8.2707,-9.0,11.3118,1816,1089.42,97
55118,Mainz,50.0085,8.2578,-9.0,11.3118,1816,1089.42,100
55120,Mainz,50.0215,8.2216,-9.0,11.3118,1816,1089.42,93
55122,Mainz,50.006,8.2383,-9.0,11.3118,1816,1089.42,114
55124,Mainz,50.0022,8.2,-9.0,11.3118,1816,1089.42,135
55126,Mainz,49.9864,8.1688,-9.0,11.3118,1816,1089.42,196
55127,Mainz,49.9697,8.2017,-9.0,11.3118,1816,1089.42,176
55128,Mainz,49.9795,8.2337,-9.0,11.3118,1816,1089.42,121
55129,Mainz,49.9492,8.2629,-9.0,11.3118,1816,1089.42,161
55130,Mainz,49.9624,8.3129,-9.0,11.3118,1816,1089.42,91
55131,Mainz,49.9855,8.2713,-9.0,11.3118,1816,1089.42,126
55218,"Ingelheim am Rhein",49.9728,8.0669,-9.0,11.4342,1765,1058.82,130
55232,Alzey,49.7479,8.0888,-9.0,10.9178,1889,1133.58,247
55234,Albig,49.6992,8.1379,-9.0,10.9178,1889,1133.58,281
55237,Flonheim,49.7866,8.0458,-9.0,10.9178,1889,1133.58,152
55239,Gau-Odernheim,49.7782,8.208,-9.0,10.9178,1889,1133.58,141
55246,Wiesbaden,50.0142,8.3163,-9.0,11.3118,1816,1089.42,107
55252,Wiesbaden,50.0202,8.285,-9.0,11.3118,1816,1089.42,89
55257,Budenheim,50.0191,8.1742,-9.0,11.3118,1816,1089.42,114
55262,"Heidesheim am Rhein",50.0026,8.1253,-9.0,11.3118,1816,1089.42,86
55263,Wackernheim,49.9713,8.1287,-9.0,11.3118,1816,1089.42,221
55268,Nieder-Olm,49.9029,8.2029,-9.0,11.3118,1816,1089.42,132
55270,Ober-Olm,49.9399,8.1661,-9.0,11.3118,1816,1089.42,257
55271,Stadecken-Elsheim,49.9033,8.1338,-9.0,11.3118,1816,1089.42,134
55276,Oppenheim,49.8396,8.3536,-9.0,11.3118,1816,1089.42,88
55278,Mommenheim,49.8226,8.2638,-9.0,10.9178,1889,1133.58,183
55283,Nierstein,49.873,8.3182,-9.0,11.3118,1816,1089.42,182
55286,Wörrstadt,49.8392,8.104,-9.0,10.9178,1889,1133.58,206
55288,Armsheim,49.8394,8.1685,-9.0,10.9178,1889,1133.58,187
55291,Saulheim,49.8737,8.1428,-9.0,11.3118,1816,1089.42,159
55294,Bodenheim,49.9254,8.308,-9.0,11.3118,1816,1089.42,115
55296,Harxheim,49.9107,8.277,-9.0,11.3118,1816,1089.42,143
55299,Nackenheim,49.9106,8.3349,-9.0,11.3118,1816,1089.42,128
55411,"Bingen am Rhein",49.9494,7.9268,-9.0,11.4342,1765,1058.82,99
55413,"Weiler bei Bingen",50.0121,7.7958,-9.0,11.4342,1765,1058.82,419
55422,Bacharach,50.0531,7.7288,-9.0,9.5173,2223,1333.74,366
55424,Münster-Sarmsheim,49.9448,7.8828,-9.0,11.4342,1765,1058.82,155
55425,Waldalgesheim,49.9691,7.8144,-9.0,11.4342,1765,1058.82,412
55430,Oberwesel,50.0766,7.6964,-9.0,9.5173,2223,1333.74,375
55432,Niederburg,50.1042,7.6574,-9.0,9.5173,2223,1333.74,490
55435,Gau-Algesheim,49.9522,8.0147,-9.0,11.4342,1765,1058.82,118
55437,Ockenheim,49.9171,8.0317,-9.0,11.4342,1765,1058.82,232
55442,Stromberg,49.9764,7.7494,-9.0,9.5173,2223,1333.74,476
55444,Seibersbach,49.9543,7.7087,-9.0,9.5173,2223,1333.74,388
55450,Langenlonsheim,49.8984,7.8955,-9.0,11.4929,1768,1060.74,112
55452,Guldental,49.9008,7.8134,-9.0,11.4929,1768,1060.74,201
55457,Gensingen,49.8965,7.9465,-9.0,11.4929,1768,1060.74,117
55459,Aspisheim,49.908,7.9854,-9.0,11.4342,1765,1058.82,186
55469,"Simmern / Hunsrück",50.029,7.55,-9.0,9.5173,2223,1333.74,429
55471,Tiefenbach,50.0056,7.4994,-9.0,9.5173,2223,1333.74,349
55481,"Kirchberg (Hunsrück)",49.9385,7.3953,-9.0,9.1422,2326,1395.66,423
55483,Dickenschied,49.8915,7.2378,-9.0,9.1422,2326,1395.66,455
55487,Sohren,49.9207,7.3323,-9.0,9.1422,2326,1395.66,407
55490,Gemünden,49.8866,7.4907,-9.0,9.5173,2223,1333.74,397
55491,Büchenbeuren,49.9117,7.2696,-9.0,9.1422,2326,1395.66,454
55494,Rheinböllen,50.0201,7.6475,-9.0,9.5173,2223,1333.74,476
55496,Argenthal,49.9587,7.6166,-9.0,9.5173,2223,1333.74,611
55497,"Ellern (Hunsrück)",49.9859,7.646,-9.0,9.5173,2223,1333.74,417
55499,Riesweiler,49.9344,7.5821,-9.0,9.5173,2223,1333.74,553
55543,"Bad Kreuznach",49.8318,7.8693,-9.0,11.4929,1768,1060.74,138
55545,"Bad Kreuznach",49.8649,7.8657,-9.0,11.4929,1768,1060.74,152
55546,Hackenheim,49.7858,7.9005,-9.0,11.4929,1768,1060.74,308
55559,Bretzenheim,49.8787,7.8913,-9.0,11.4929,1768,1060.74,125
55566,Sobernheim,49.7858,7.6448,-9.0,11.4929,1768,1060.74,153
55568,Staudernheim,49.7526,7.6677,-9.0,11.4929,1768,1060.74,214
55569,Monzingen,49.8145,7.6001,-9.0,9.1512,2316,1389.78,325
55571,"Odernheim am Glan",49.7608,7.7101,-9.0,11.4929,1768,1060.74,166
55576,Sprendlingen,49.869,7.9852,-9.0,11.4929,1768,1060.74,128
55578,Wallertheim,49.8562,8.0504,-9.0,11.4929,1768,1060.74,170
55583,"Bad Münster am Stein-Ebernbu",49.8039,7.8342,-9.0,11.4929,1768,1060.74,181
55585,Norheim,49.7847,7.7409,-9.0,11.4929,1768,1060.74,239
55590,Meisenheim,49.7097,7.672,-9.0,9.794,2180,1308.18,151
55592,Rehborn,49.7158,7.6241,-9.0,9.794,2180,1308.18,301
55593,Rüdesheim,49.846,7.8061,-9.0,11.4929,1768,1060.74,150
55595,Hargesheim,49.8713,7.7144,-9.0,11.4929,1768,1060.74,427
55596,Waldböckelheim,49.8136,7.7068,-9.0,11.4929,1768,1060.74,188
55597,Wöllstein,49.8204,7.9661,-9.0,11.4929,1768,1060.74,129
55599,Gau-Bickelheim,49.782,7.9556,-9.0,11.4929,1768,1060.74,182
55606,Kirn,49.79,7.4785,-9.0,9.1512,2316,1389.78,246
55608,Bergen,49.7803,7.4068,-9.0,9.1512,2316,1389.78,419
55618,Simmertal,49.8152,7.5292,-9.0,9.1512,2316,1389.78,329
55619,Hennweiler,49.8308,7.4398,-9.0,9.1512,2316,1389.78,434
55621,Hundsbach,49.7201,7.5629,-9.0,9.1512,2316,1389.78,366
55624,Rhaunen,49.8706,7.3317,-9.0,9.1422,2326,1395.66,336
55626,Bundenbach,49.8446,7.3769,-9.0,9.1512,2316,1389.78,415
55627,Merxheim,49.7866,7.5506,-9.0,9.1512,2316,1389.78,275
55629,Seesbach,49.8577,7.5242,-9.0,9.5173,2223,1333.74,447
55743,Idar-Oberstein,49.7079,7.3493,-9.0,9.4249,2256,1353.9,310
55756,Herrstein,49.7803,7.3435,-9.0,9.1512,2316,1389.78,396
55758,Niederwörresbach,49.8079,7.2646,-9.0,9.1512,2316,1389.78,489
55765,Birkenfeld,49.6417,7.1617,-9.0,9.4249,2256,1353.9,376
55767,Brücken,49.7128,7.202,-9.0,9.4249,2256,1353.9,465
55768,Hoppstädten-Weiersbach,49.6133,7.1983,-9.0,9.4249,2256,1353.9,329
55774,Baumholder,49.6294,7.3686,-9.0,9.4249,2256,1353.9,400
55776,Ruschberg,49.6373,7.2804,-9.0,9.4249,2256,1353.9,450
55777,"Berschweiler bei Baumholder",49.5759,7.2948,-9.0,9.4249,2256,1353.9,424
55779,Heimbach,49.6169,7.2447,-9.0,9.4249,2256,1353.9,450
56068,Koblenz,50.3548,7.5968,-9.0,10.8973,1838,1102.98,78
56070,Koblenz,50.3878,7.5776,-9.0,10.8973,1838,1102.98,71
56072,Koblenz,50.3589,7.5239,-9.0,10.8973,1838,1102.98,181
56073,Koblenz,50.3607,7.574,-9.0,10.8973,1838,1102.98,73
56075,Koblenz,50.3136,7.5728,-9.0,10.8973,1838,1102.98,308
56076,Koblenz,50.3333,7.6272,-9.0,10.8973,1838,1102.98,341
56077,Koblenz,50.3595,7.6478,-9.0,10.8973,1838,1102.98,256
56112,Lahnstein,50.3028,7.6246,-9.0,10.8973,1838,1102.98,201
56130,"Bad Ems",50.3436,7.7211,-9.0,9.7584,2147,1288.26,102
56132,Dausenau,50.342,7.7595,-9.0,9.7584,2147,1288.26,287
56133,Fachbach,50.3472,7.6849,-9.0,10.8973,1838,1102.98,300
56154,Boppard,50.2352,7.5381,-9.0,10.8973,1838,1102.98,281
56170,Bendorf,50.4392,7.5954,-9.0,10.8973,1838,1102.98,117
56179,Vallendar,50.3974,7.6343,-9.0,10.8973,1838,1102.98,175
56182,Urbar,50.3806,7.6336,-9.0,10.8973,1838,1102.98,172
56191,Weitersburg,50.4177,7.6248,-9.0,10.8973,1838,1102.98,196
56203,Höhr-Grenzhausen,50.4392,7.6666,-9.0,10.8973,1838,1102.98,299
56204,Hillscheid,50.4121,7.7049,-9.0,9.7584,2147,1288.26,397
56206,Hilgert,50.4583,7.694,-9.0,9.7584,2147,1288.26,367
56218,Mülheim-Kärlich,50.3903,7.4956,-9.0,11.4351,1737,1042.32,75
56220,Urmitz,50.3605,7.4573,-9.0,11.4351,1737,1042.32,194
56235,Ransbach-Baumbach,50.4652,7.7268,-9.0,9.7584,2147,1288.26,303
56237,Nauort,50.4758,7.6642,-9.0,10.8973,1838,1102.98,288
56242,"Selters (Westerwald)",50.5247,7.7527,-9.0,9.7584,2147,1288.26,301
56244,Ötzingen,50.5476,7.8372,-9.0,9.7584,2147,1288.26,399
56249,Herschbach,50.5807,7.7494,-9.0,9.7584,2147,1288.26,303
56253,Treis-Karden,50.1663,7.3117,-9.0,9.3249,2260,1355.7,260
56254,"Müden (Mosel)",50.2009,7.3632,-9.0,9.3249,2260,1355.7,232
56269,Dierdorf,50.5471,7.6631,-9.0,9.8326,2117,1270.2,258
56271,Kleinmaischeid,50.6058,7.7217,-9.0,9.8995,2096,1257.42,323
56276,Großmaischeid,50.504,7.6405,-9.0,10.8973,1838,1102.98,310
56281,Emmelshausen,50.1523,7.596,-9.0,9.5173,2223,1333.74,474
56283,Gondershausen,50.1601,7.4897,-9.0,9.3249,2260,1355.7,410
56288,Kastellaun,50.0526,7.4589,-9.0,9.3249,2260,1355.7,474
56290,Beltheim,50.1526,7.403,-9.0,9.3249,2260,1355.7,298
56291,Leiningen,50.1159,7.5714,-9.0,9.5173,2223,1333.74,396
56294,Münstermaifeld,50.2519,7.3731,-9.0,11.4351,1737,1042.32,269
56295,Lonnig,50.3051,7.3846,-9.0,11.4351,1737,1042.32,229
56299,Ochtendung,50.3474,7.3849,-9.0,11.4351,1737,1042.32,177
56305,Puderbach,50.6007,7.6071,-9.0,9.8326,2117,1270.2,219
56307,Dürrholz,50.5897,7.5762,-9.0,9.8326,2117,1270.2,275
56316,Raubach,50.5766,7.6303,-9.0,9.8326,2117,1270.2,251
56317,Urbach,50.5615,7.5667,-9.0,9.8326,2117,1270.2,364
56321,Rhens,50.275,7.599,-9.0,10.8973,1838,1102.98,194
56322,Spay,50.2589,7.6454,-9.0,9.7364,2152,1291.38,79
56323,Waldesch,50.2737,7.548,-9.0,10.8973,1838,1102.98,346
56329,"Sankt Goar",50.1474,7.6797,-9.0,9.7364,2152,1291.38,257
56330,Kobern-Gondorf,50.3154,7.4418,-9.0,11.4351,1737,1042.32,224
56332,Dieblich,50.2544,7.4525,-9.0,11.4351,1737,1042.32,237
56333,Winningen,50.3211,7.5153,-9.0,10.8973,1838,1102.98,153
56335,Neuhäusel,50.3882,7.7107,-9.0,9.7584,2147,1288.26,321
56337,Eitelborn,50.3908,7.7345,-9.0,9.7584,2147,1288.26,297
56338,Braubach,50.2669,7.6678,-9.0,9.7364,2152,1291.38,301
56340,Osterspai,50.2409,7.7003,-9.0,9.7364,2152,1291.38,412
56341,Kamp-Bornhofen,50.2217,7.6379,-9.0,9.7364,2152,1291.38,320
56346,"Sankt Goarshausen",50.1875,7.6888,-9.0,9.7364,2152,1291.38,302
56348,Bornich,50.1235,7.7825,-9.0,9.7364,2152,1291.38,353
56349,Kaub,50.0867,7.7804,-9.0,9.7364,2152,1291.38,280
56355,Nastätten,50.1743,7.8652,-9.0,9.7364,2152,1291.38,345
56357,Miehlen,50.1911,7.7755,-9.0,9.7364,2152,1291.38,361
56368,Katzenelnbogen,50.2786,7.9548,-9.0,9.7364,2152,1291.38,313
56370,Schönborn,50.3011,7.9231,-9.0,9.7364,2152,1291.38,290
56377,Nassau,50.3174,7.8052,-9.0,9.7584,2147,1288.26,194
56379,Singhofen,50.3396,7.8852,-9.0,9.7584,2147,1288.26,298
56410,Montabaur,50.4379,7.8178,-9.0,9.7584,2147,1288.26,246
56412,Nentershausen,50.4353,7.8988,-9.0,9.7584,2147,1288.26,277
56414,Hundsangen,50.4822,7.9413,-9.0,9.7584,2147,1288.26,371
56422,Wirges,50.4766,7.8086,-9.0,9.7584,2147,1288.26,280
56424,Ebernhahn,50.4726,7.8384,-9.0,9.7584,2147,1288.26,274
56427,Siershahn,50.4858,7.776,-9.0,9.7584,2147,1288.26,298
56428,"Dernbach (Westerwald)",50.4559,7.7832,-9.0,9.7584,2147,1288.26,279
56457,Westerburg,50.5673,7.9637,-9.0,8.4844,2496,1497.36,416
56459,Langenhahn,50.5525,7.9122,-9.0,8.4844,2496,1497.36,373
56462,Höhn,50.6159,7.9818,-9.0,8.4844,2496,1497.36,500
56470,"Bad Marienberg (Westerwald)",50.6492,7.9515,-9.0,8.4844,2496,1497.36,445
56472,Hof,50.6688,7.9951,-9.0,8.4844,2496,1497.36,555
56477,Rennerod,50.6276,8.0735,-9.0,8.4844,2496,1497.36,506
56479,Seck,50.576,8.1077,-9.0,9.5753,2214,1328.28,381
56564,Neuwied,50.4312,7.4747,-9.0,11.4351,1737,1042.32,65
56566,Neuwied,50.451,7.5283,-9.0,10.8973,1838,1102.98,88
56567,Neuwied,50.4654,7.442,-9.0,11.4351,1737,1042.32,172
56575,Weißenthurm,50.4159,7.4511,-9.0,11.4351,1737,1042.32,88
56579,Rengsdorf,50.5165,7.5011,-9.0,9.8326,2117,1270.2,320
56581,Melsbach,50.5161,7.4583,-9.0,9.8326,2117,1270.2,328
56584,Anhausen,50.5079,7.5638,-9.0,9.8326,2117,1270.2,351
56587,Straßenhaus,50.5484,7.5154,-9.0,9.8326,2117,1270.2,349
56588,Waldbreitbach,50.5504,7.4216,-9.0,9.8326,2117,1270.2,149
56589,Niederbreitbach,50.514,7.4259,-9.0,9.8326,2117,1270.2,103
56593,"Horhausen (Westerwald)",50.5898,7.5151,-9.0,9.8326,2117,1270.2,314
56594,Willroth,50.5718,7.5281,-9.0,9.8326,2117,1270.2,354
56598,Rheinbrohl,50.4976,7.3585,-9.0,11.4351,1737,1042.32,187
56599,Leutesdorf,50.4698,7.3858,-9.0,11.4351,1737,1042.32,289
56626,Andernach,50.4439,7.3498,-9.0,11.4351,1737,1042.32,333
56630,Kretz,50.3948,7.3637,-9.0,11.4351,1737,1042.32,125
56637,Plaidt,50.3842,7.3874,-9.0,11.4351,1737,1042.32,107
56642,Kruft,50.3752,7.3386,-9.0,11.4351,1737,1042.32,152
56645,Nickenich,50.4078,7.3293,-9.0,11.4351,1737,1042.32,200
56648,Saffig,50.3797,7.4197,-9.0,11.4351,1737,1042.32,114
56651,Niederzissen,50.4525,7.1851,-9.0,10.9907,1798,1079.1,276
56653,Wehr,50.4228,7.2411,-9.0,11.4351,1737,1042.32,318
56656,Brohl-Lützing,50.4745,7.3136,-9.0,11.4351,1737,1042.32,145
56659,Burgbrohl,50.4591,7.2665,-9.0,11.4351,1737,1042.32,185
56727,Mayen,50.3324,7.185,-9.0,11.4351,1737,1042.32,420
56729,Ettringen,50.327,7.0617,-9.0,9.0238,2329,1397.64,513
56736,Kottenheim,50.3471,7.2516,-9.0,11.4351,1737,1042.32,223
56743,Mendig,50.3722,7.2804,-9.0,11.4351,1737,1042.32,222
56745,Bell,50.3979,7.1716,-9.0,10.9907,1798,1079.1,459
56746,Kempenich,50.4305,7.1118,-9.0,10.9907,1798,1079.1,505
56751,Polch,50.3038,7.2903,-9.0,11.4351,1737,1042.32,322
56753,Mertloch,50.2534,7.3073,-9.0,9.0501,2344,1406.58,271
56754,Binningen,50.2217,7.2668,-9.0,9.0501,2344,1406.58,253
56759,Kaisersesch,50.2507,7.0725,-9.0,9.0501,2344,1406.58,496
56761,Düngenheim,50.2378,7.2001,-9.0,9.0501,2344,1406.58,367
56766,Ulmen,50.205,6.9845,-9.0,9.0501,2344,1406.58,444
56767,Uersfeld,50.2432,7.0158,-9.0,9.0501,2344,1406.58,471
56769,Retterath,50.2751,7.0066,-9.0,9.0501,2344,1406.58,466
56812,Cochem,50.1424,7.1715,-9.0,9.0501,2344,1406.58,86
56814,Ediger-Eller,50.1951,7.1427,-9.0,9.0501,2344,1406.58,454
56818,Klotten,50.1733,7.1867,-9.0,9.0501,2344,1406.58,322
56820,Senheim,50.091,7.2035,-9.0,9.3249,2260,1355.7,124
56821,Ellenz-Poltersdorf,50.1142,7.2247,-9.0,9.3249,2260,1355.7,156
56823,Büchel,50.1806,7.0833,-9.0,9.0501,2344,1406.58,461
56825,Gevenich,50.1328,7.0731,-9.0,9.0501,2344,1406.58,383
56826,Lutzerath,50.1196,7.009,-9.0,9.0501,2344,1406.58,426
56828,Alflen,50.1793,7.0393,-9.0,9.0501,2344,1406.58,437
56829,Pommern,50.1827,7.2526,-9.0,9.0501,2344,1406.58,278
56841,Traben-Trarbach,49.9528,7.1113,-9.0,11.1449,1791,1074.6,113
56843,Irmenach,49.9264,7.2036,-9.0,9.1422,2326,1395.66,437
56850,Enkirch,49.9681,7.1719,-9.0,9.1422,2326,1395.66,317
56856,"Zell (Mosel)",50.0303,7.1898,-9.0,9.3249,2260,1355.7,343
56858,Peterswald-Löffelscheid,50.0813,7.2751,-9.0,9.3249,2260,1355.7,379
56859,Bullay,50.0601,7.1148,-9.0,9.0501,2344,1406.58,325
56861,Reil,50.0217,7.0984,-9.0,11.1449,1791,1074.6,299
56862,Pünderich,50.0388,7.122,-9.0,11.1449,1791,1074.6,109
56864,"Bad Bertrich",50.0891,7.0199,-9.0,9.0501,2344,1406.58,394
56865,Blankenrath,50.0353,7.2867,-9.0,9.3249,2260,1355.7,450
56867,Briedel,50.0053,7.158,-9.0,9.1422,2326,1395.66,372
56869,Mastershausen,50.0559,7.3511,-9.0,9.3249,2260,1355.7,438
57072,Siegen,50.8796,7.9891,-9.0,9.8211,2130,1278.24,358
57074,Siegen,50.8798,8.0652,-9.0,9.8211,2130,1278.24,392
57076,Siegen,50.902,8.0296,-9.0,9.8211,2130,1278.24,289
57078,Siegen,50.9235,7.9834,-9.0,9.8211,2130,1278.24,338
57080,Siegen,50.835,7.9991,-9.0,9.8211,2130,1278.24,354
57223,Kreuztal,50.9816,7.9784,-9.0,9.8211,2130,1278.24,348
57234,Wilnsdorf,50.8323,8.1137,-9.0,9.8211,2130,1278.24,401
57250,Netphen,50.9106,8.1626,-9.0,9.8211,2130,1278.24,391
57258,Freudenberg,50.8943,7.9042,-9.0,9.8211,2130,1278.24,329
57271,Hilchenbach,50.9857,8.1256,-9.0,7.7597,2705,1622.82,425
57290,Neunkirchen,50.7878,8.0122,-9.0,9.8211,2130,1278.24,313
57299,Burbach,50.7429,8.0997,-9.0,9.226,2311,1386.42,503
57319,"Bad Berleburg",51.0495,8.4196,-9.0,7.7597,2705,1622.82,603
57334,"Bad Laasphe",50.9207,8.3386,-9.0,7.7597,2705,1622.82,509
57339,Erndtebrück,51.0034,8.2533,-9.0,7.7597,2705,1622.82,505
57368,Lennestadt,51.1385,8.0812,-9.0,9.4326,2214,1328.22,408
57392,Schmallenberg,51.1817,8.3157,-9.0,6.4345,3126,1875.84,466
57399,Kirchhundem,51.0625,8.1151,-9.0,9.4326,2214,1328.22,362
57413,Finnentrop,51.1994,8.002,-9.0,9.4326,2214,1328.22,402
57439,Attendorn,51.1194,7.8873,-9.0,9.4326,2214,1328.22,260
57462,Olpe,51.0357,7.888,-9.0,9.7575,2126,1275.54,353
57482,Wenden,50.9615,7.862,-9.0,9.7575,2126,1275.54,463
57489,Drolshagen,51.0348,7.772,-9.0,9.7575,2126,1275.54,387
57518,Betzdorf,50.7751,7.871,-9.0,9.8211,2130,1278.24,321
57520,"Steinebach / Sieg",50.7074,7.9773,-9.0,8.4844,2496,1497.36,491
57537,Wissen,50.7713,7.7588,-9.0,9.8995,2096,1257.42,197
57539,Fürthen,50.7593,7.7071,-9.0,9.8995,2096,1257.42,290
57548,"Kirchen (Sieg)",50.8173,7.8777,-9.0,9.8211,2130,1278.24,235
57555,Mudersbach,50.8256,7.9467,-9.0,9.8211,2130,1278.24,243
57562,Herdorf,50.7743,7.9516,-9.0,9.8211,2130,1278.24,262
57567,Daaden,50.7407,7.988,-9.0,8.4844,2496,1497.36,482
57572,Niederfischbach,50.8583,7.8682,-9.0,9.8211,2130,1278.24,270
57577,"Hamm (Sieg)",50.7463,7.6829,-9.0,9.8995,2096,1257.42,284
57578,Elkenroth,50.726,7.8848,-9.0,8.4844,2496,1497.36,452
57580,Gebhardshain,50.7408,7.8046,-9.0,9.8995,2096,1257.42,457
57581,"Katzwinkel (Sieg)",50.8256,7.8074,-9.0,9.8211,2130,1278.24,286
57583,Nauroth,50.6961,7.876,-9.0,8.4844,2496,1497.36,418
57584,Scheuerfeld,50.8012,7.836,-9.0,9.8211,2130,1278.24,264
57586,Weitefeld,50.7247,7.9288,-9.0,8.4844,2496,1497.36,454
57587,Birken-Honigsessen,50.8263,7.7436,-9.0,9.8995,2096,1257.42,284
57589,Pracht,50.7515,7.6247,-9.0,9.8995,2096,1257.42,265
57610,"Altenkirchen (Westerwald)",50.6728,7.6742,-9.0,9.8995,2096,1257.42,306
57612,Birnbach,50.7255,7.6952,-9.0,9.8995,2096,1257.42,308
57614,Steimel,50.6448,7.697,-9.0,9.8995,2096,1257.42,300
57627,Hachenburg,50.6488,7.8236,-9.0,8.4844,2496,1497.36,418
57629,Malberg,50.7034,7.8107,-9.0,8.4844,2496,1497.36,316
57632,Flammersfeld,50.65,7.5229,-9.0,9.8326,2117,1270.2,247
57635,Weyerbusch,50.7025,7.509,-9.0,9.8995,2096,1257.42,271
57636,Mammelzen,50.7029,7.6811,-9.0,9.8995,2096,1257.42,309
57638,Neitersen,50.6682,7.5901,-9.0,9.8995,2096,1257.42,199
57639,Oberdreis,50.6299,7.6681,-9.0,9.8995,2096,1257.42,287
57641,Oberlahr,50.6191,7.5159,-9.0,9.8326,2117,1270.2,188
57642,Alpenrod,50.6371,7.8642,-9.0,8.4844,2496,1497.36,441
57644,Hattert,50.6639,7.7653,-9.0,9.8995,2096,1257.42,278
57645,Nister,50.6793,7.8522,-9.0,8.4844,2496,1497.36,365
57647,Nistertal,50.6267,7.8951,-9.0,8.4844,2496,1497.36,326
57648,Unnau,50.6514,7.9025,-9.0,8.4844,2496,1497.36,337
58089,Hagen,51.3792,7.4348,-9.0,10.4395,1920,1152.06,131
58091,Hagen,51.3023,7.5362,-9.0,9.266,2244,1346.4,196
58093,Hagen,51.3874,7.5047,-9.0,10.4395,1920,1152.06,115
58095,Hagen,51.3577,7.4718,-9.0,10.4395,1920,1152.06,117
58097,Hagen,51.3716,7.48,-9.0,10.4395,1920,1152.06,156
58099,Hagen,51.3998,7.4775,-9.0,10.4395,1920,1152.06,122
58119,Hagen,51.3515,7.5738,-9.0,9.266,2244,1346.4,171
58135,Hagen,51.3476,7.4173,-9.0,10.4395,1920,1152.06,162
58239,Schwerte,51.4306,7.582,-9.0,10.4395,1920,1152.06,136
58256,Ennepetal,51.2835,7.3646,-9.0,10.4395,1920,1152.06,343
58285,Gevelsberg,51.3334,7.3394,-9.0,10.4395,1920,1152.06,199
58300,"Wetter (Ruhr)",51.3737,7.3621,-9.0,10.4395,1920,1152.06,173
58313,Herdecke,51.4134,7.4326,-9.0,10.4395,1920,1152.06,133
58332,Schwelm,51.2851,7.2936,-9.0,10.4395,1920,1152.06,231
58339,Breckerfeld,51.2663,7.4542,-9.0,10.4395,1920,1152.06,363
58452,Witten,51.4214,7.3258,-9.0,10.7912,1813,1087.98,161
58453,Witten,51.4279,7.3709,-9.0,10.7912,1813,1087.98,144
58454,Witten,51.468,7.3629,-9.0,10.7912,1813,1087.98,148
58455,Witten,51.4435,7.3089,-9.0,10.7912,1813,1087.98,126
58456,Witten,51.4008,7.2781,-9.0,10.7912,1813,1087.98,169
58507,Lüdenscheid,51.2302,7.6219,-9.0,9.266,2244,1346.4,403
58509,Lüdenscheid,51.22,7.6072,-9.0,9.266,2244,1346.4,384
58511,Lüdenscheid,51.2171,7.6498,-9.0,9.266,2244,1346.4,410
58513,Lüdenscheid,51.2218,7.6878,-9.0,9.266,2244,1346.4,389
58515,Lüdenscheid,51.1922,7.628,-9.0,9.266,2244,1346.4,384
58540,Meinerzhagen,51.1072,7.7208,-9.0,8.9984,2329,1397.64,420
58553,Halver,51.1857,7.5078,-9.0,9.266,2244,1346.4,427
58566,Kierspe,51.1436,7.5784,-9.0,8.9984,2329,1397.64,371
58579,Schalksmühle,51.2601,7.5657,-9.0,9.266,2244,1346.4,409
58636,Iserlohn,51.384,7.7168,-9.0,9.266,2244,1346.4,215
58638,Iserlohn,51.3847,7.6766,-9.0,9.266,2244,1346.4,250
58640,Iserlohn,51.4305,7.6672,-9.0,9.266,2244,1346.4,141
58642,Iserlohn,51.3639,7.6122,-9.0,9.266,2244,1346.4,130
58644,Iserlohn,51.3422,7.6933,-9.0,9.266,2244,1346.4,368
58675,Hemer,51.375,7.7786,-9.0,9.9392,2044,1226.64,238
58706,"Menden (Sauerland)",51.4304,7.7987,-9.0,9.9392,2044,1226.64,160
58708,"Menden (Sauerland)",51.4472,7.8346,-9.0,9.9392,2044,1226.64,279
58710,"Menden (Sauerland)",51.4123,7.8314,-9.0,9.9392,2044,1226.64,158
58730,Fröndenberg,51.4936,7.7685,-9.0,10.9321,1798,1079.04,224
58739,"Wickede (Ruhr)",51.4923,7.8661,-9.0,9.9392,2044,1226.64,138
58762,Altena,51.2793,7.6703,-9.0,9.266,2244,1346.4,239
58769,Nachrodt-Wiblingwerde,51.3092,7.6169,-9.0,9.266,2244,1346.4,453
58791,Werdohl,51.2454,7.7413,-9.0,9.266,2244,1346.4,400
58802,Balve,51.3376,7.8664,-9.0,9.9392,2044,1226.64,262
58809,Neuenrade,51.2784,7.8467,-9.0,9.266,2244,1346.4,330
58840,Plettenberg,51.2073,7.8514,-9.0,9.266,2244,1346.4,298
58849,Herscheid,51.1843,7.7503,-9.0,9.266,2244,1346.4,453
59063,Hamm,51.6717,7.8396,-9.0,10.9321,1798,1079.04,68
59065,Hamm,51.6878,7.815,-9.0,10.9321,1798,1079.04,57
59067,Hamm,51.6648,7.7843,-9.0,10.9321,1798,1079.04,63
59069,Hamm,51.6259,7.855,-9.0,10.9321,1798,1079.04,94
59071,Hamm,51.6762,7.9142,-9.0,10.1362,2000,1200.18,85
59073,Hamm,51.7137,7.8352,-9.0,10.1362,2000,1200.18,73
59075,Hamm,51.7056,7.7469,-9.0,10.8151,1814,1088.1,86
59077,Hamm,51.6493,7.733,-9.0,10.9321,1798,1079.04,75
59174,Kamen,51.5871,7.6782,-9.0,10.9321,1798,1079.04,67
59192,Bergkamen,51.6231,7.6359,-9.0,10.8397,1817,1090.08,73
59199,Bönen,51.5924,7.7766,-9.0,10.9321,1798,1079.04,91
59227,Ahlen,51.7717,7.8606,-9.0,10.1362,2000,1200.18,77
59229,Ahlen,51.7372,7.9199,-9.0,10.1362,2000,1200.18,84
59269,Beckum,51.7662,8.0377,-9.0,10.1362,2000,1200.18,120
59302,Oelde,51.8091,8.1581,-9.0,11.1455,1766,1059.54,112
59320,Ennigerloh,51.8579,8.0254,-9.0,11.1455,1766,1059.54,114
59329,Wadersloh,51.7316,8.2382,-9.0,10.1362,2000,1200.18,100
59348,Lüdinghausen,51.7733,7.4159,-9.0,10.8151,1814,1088.1,51
59368,Werne,51.6796,7.6263,-9.0,10.8151,1814,1088.1,69
59379,Selm,51.6824,7.4868,-9.0,10.8151,1814,1088.1,70
59387,Ascheberg,51.7775,7.6398,-9.0,10.8151,1814,1088.1,66
59394,Nordkirchen,51.7314,7.5499,-9.0,10.8151,1814,1088.1,86
59399,Olfen,51.7071,7.3787,-9.0,10.8151,1814,1088.1,52
59423,Unna,51.53,7.6927,-9.0,10.9321,1798,1079.04,119
59425,Unna,51.554,7.702,-9.0,10.9321,1798,1079.04,73
59427,Unna,51.547,7.7706,-9.0,10.9321,1798,1079.04,83
59439,Holzwickede,51.4876,7.6315,-9.0,10.8397,1817,1090.08,178
59457,Werl,51.5513,7.8988,-9.0,10.9321,1798,1079.04,93
59469,Ense,51.5015,7.9795,-9.0,9.9392,2044,1226.64,199
59494,Soest,51.5682,8.0874,-9.0,10.9321,1798,1079.04,96
59505,"Bad Sassendorf",51.5695,8.1857,-9.0,10.7244,1856,1113.6,122
59510,Lippetal,51.6681,8.1222,-9.0,10.1362,2000,1200.18,70
59514,Welver,51.6185,7.9935,-9.0,10.9321,1798,1079.04,77
59519,Möhnesee,51.4852,8.1256,-9.0,9.9392,2044,1226.64,213
59555,Lippstadt,51.6879,8.3414,-9.0,10.7244,1856,1113.6,78
59556,Lippstadt,51.6563,8.2862,-9.0,10.7244,1856,1113.6,79
59557,Lippstadt,51.6572,8.3517,-9.0,10.7244,1856,1113.6,86
59558,Lippstadt,51.6927,8.4118,-9.0,10.7244,1856,1113.6,78
59581,Warstein,51.4556,8.2988,-9.0,10.7244,1856,1113.6,385
59590,Geseke,51.6349,8.4906,-9.0,10.7244,1856,1113.6,114
59597,Erwitte,51.614,8.311,-9.0,10.7244,1856,1113.6,94
59602,Rüthen,51.5025,8.4384,-9.0,10.7244,1856,1113.6,355
59609,Anröchte,51.5464,8.3238,-9.0,10.7244,1856,1113.6,238
59755,Arnsberg,51.4556,7.9741,-9.0,9.9392,2044,1226.64,164
59757,Arnsberg,51.4217,7.9265,-9.0,9.9392,2044,1226.64,238
59759,Arnsberg,51.4315,8.0126,-9.0,9.9392,2044,1226.64,176
59821,Arnsberg,51.3835,8.0586,-9.0,9.9392,2044,1226.64,184
59823,Arnsberg,51.413,8.117,-9.0,9.9392,2044,1226.64,384
59846,"Sundern (Sauerland)",51.3066,7.9964,-9.0,8.74,2390,1433.88,347
59872,Meschede,51.3466,8.2589,-9.0,8.74,2390,1433.88,263
59889,"Eslohe (Sauerland)",51.2567,8.1754,-9.0,8.74,2390,1433.88,312
59909,Bestwig,51.3461,8.3871,-9.0,8.74,2390,1433.88,518
59929,Brilon,51.4048,8.6016,-9.0,8.8918,2356,1413.72,420
59939,Olsberg,51.3247,8.4896,-9.0,8.8918,2356,1413.72,439
59955,Winterberg,51.2158,8.5293,-9.0,6.4345,3126,1875.84,653
59964,Medebach,51.2125,8.6737,-9.0,6.4345,3126,1875.84,504
59969,Hallenberg,51.118,8.6257,-9.0,6.4345,3126,1875.84,463
60306,"Frankfurt am Main",50.1161,8.6702,-10.5,11.9353,1680,1007.88,103
60308,"Frankfurt am Main",50.1123,8.6527,-10.5,11.9353,1680,1007.88,94
60310,"Frankfurt am Main",50.1106,8.6728,-10.5,11.9353,1680,1007.88,99
60311,"Frankfurt am Main",50.1112,8.6845,-10.5,11.9353,1680,1007.88,105
60313,"Frankfurt am Main",50.1163,8.6849,-10.5,11.9353,1680,1007.88,107
60314,"Frankfurt am Main",50.1136,8.7246,-10.5,11.9353,1680,1007.88,103
60316,"Frankfurt am Main",50.1202,8.6969,-10.5,11.9353,1680,1007.88,116
60318,"Frankfurt am Main",50.1249,8.687,-10.5,11.9353,1680,1007.88,123
60320,"Frankfurt am Main",50.1394,8.6719,-10.5,11.9353,1680,1007.88,127
60322,"Frankfurt am Main",50.1253,8.6764,-10.5,11.9353,1680,1007.88,115
60323,"Frankfurt am Main",50.1256,8.6616,-10.5,11.9353,1680,1007.88,114
60325,"Frankfurt am Main",50.1149,8.6586,-10.5,11.9353,1680,1007.88,105
60326,"Frankfurt am Main",50.1007,8.6278,-10.5,11.9353,1680,1007.88,100
60327,"Frankfurt am Main",50.0994,8.6492,-10.5,11.9353,1680,1007.88,99
60329,"Frankfurt am Main",50.1067,8.667,-10.5,11.9353,1680,1007.88,108
60385,"Frankfurt am Main",50.1232,8.7123,-10.5,11.9353,1680,1007.88,125
60386,"Frankfurt am Main",50.1293,8.7585,-10.5,11.1345,1844,1106.22,101
60388,"Frankfurt am Main",50.1568,8.7627,-10.5,11.9353,1680,1007.88,186
60389,"Frankfurt am Main",50.1492,8.7206,-10.5,11.9353,1680,1007.88,151
60431,"Frankfurt am Main",50.1449,8.6512,-10.5,11.9353,1680,1007.88,110
60433,"Frankfurt am Main",50.165,8.6669,-10.5,11.9353,1680,1007.88,117
60435,"Frankfurt am Main",50.1667,8.6981,-10.5,11.9353,1680,1007.88,152
60437,"Frankfurt am Main",50.1937,8.6828,-10.5,11.9353,1680,1007.88,130
60438,"Frankfurt am Main",50.1787,8.6268,-10.5,11.9353,1680,1007.88,151
60439,"Frankfurt am Main",50.1596,8.6325,-10.5,11.9353,1680,1007.88,119
60486,"Frankfurt am Main",50.1138,8.6275,-10.5,11.9353,1680,1007.88,95
60487,"Frankfurt am Main",50.1292,8.6423,-10.5,11.9353,1680,1007.88,98
60488,"Frankfurt am Main",50.1437,8.6123,-10.5,11.9353,1680,1007.88,114
60489,"Frankfurt am Main",50.1236,8.6039,-10.5,11.9353,1680,1007.88,106
60528,"Frankfurt am Main",50.0743,8.6404,-10.5,11.9353,1680,1007.88,110
60529,"Frankfurt am Main",50.0782,8.5794,-10.5,11.4699,1786,1071.3,96
60549,"Frankfurt am Main",50.0454,8.576,-10.5,11.4699,1786,1071.3,106
60594,"Frankfurt am Main",50.1038,8.6847,-10.5,11.9353,1680,1007.88,105
60596,"Frankfurt am Main",50.0969,8.6704,-10.5,11.9353,1680,1007.88,101
60598,"Frankfurt am Main",50.081,8.6797,-10.5,11.9353,1680,1007.88,131
60599,"Frankfurt am Main",50.0859,8.713,-10.5,11.1345,1844,1106.22,177
61118,"Bad Vilbel",50.1921,8.7475,-10.5,11.9353,1680,1007.88,109
61130,Nidderau,50.2437,8.8942,-10.5,11.0279,1886,1131.42,143
61137,Schöneck,50.2039,8.8441,-10.5,11.1345,1844,1106.22,159
61138,Niederdorfelden,50.1836,8.8063,-10.5,11.1345,1844,1106.22,141
61169,"Friedberg (Hessen)",50.3239,8.781,-10.5,11.0279,1886,1131.42,131
61184,Karben,50.2363,8.7804,-10.5,11.0279,1886,1131.42,148
61191,"Rosbach vor der Höhe",50.2854,8.6971,-10.5,11.0279,1886,1131.42,200
61194,Niddatal,50.2911,8.8256,-10.5,11.0279,1886,1131.42,128
61197,Florstadt,50.3271,8.9086,-10.5,11.0279,1886,1131.42,138
61200,Wölfersheim,50.4025,8.8152,-10.5,11.0279,1886,1131.42,173
61203,"Reichelsheim (Wetterau)",50.3518,8.8619,-10.5,11.0279,1886,1131.42,134
61206,Wöllstadt,50.2829,8.7552,-10.5,11.0279,1886,1131.42,138
61209,Echzell,50.3856,8.9035,-10.5,11.0279,1886,1131.42,142
61231,"Bad Nauheim",50.3772,8.7525,-10.5,11.0279,1886,1131.42,169
61239,Ober-Mörlen,50.3544,8.6674,-10.5,11.0279,1886,1131.42,287
61250,Usingen,50.3484,8.5315,-10.5,7.0849,2920,1752.0,313
61267,Neu-Anspach,50.2934,8.5053,-10.5,7.0849,2920,1752.0,358
61273,Wehrheim,50.297,8.5688,-10.5,7.0849,2920,1752.0,312
61276,Weilrod,50.3243,8.3992,-10.5,9.7926,2150,1290.0,367
61279,Grävenwiesbach,50.3813,8.457,-10.5,9.7926,2150,1290.0,337
61348,"Bad Homburg vor der Höhe",50.2236,8.6043,-10.5,7.0849,2920,1752.0,191
61350,"Bad Homburg vor der Höhe",50.2528,8.5601,-10.5,7.0849,2920,1752.0,361
61352,"Bad Homburg vor der Höhe",50.2193,8.6502,-10.5,11.9353,1680,1007.88,142
61381,Friedrichsdorf,50.2587,8.6426,-10.5,11.0279,1886,1131.42,203
61389,Schmitten,50.2651,8.4484,-10.5,7.0849,2920,1752.0,511
61440,"Oberursel (Taunus)",50.2138,8.5625,-10.5,7.0849,2920,1752.0,247
61449,"Steinbach (Taunus)",50.1684,8.5702,-10.5,11.9353,1680,1007.88,177
61462,"Königstein im Taunus",50.193,8.4569,-10.5,7.0849,2920,1752.0,528
61476,"Kronberg im Taunus",50.1879,8.513,-10.5,7.0849,2920,1752.0,277
61479,Glashütten,50.2014,8.3935,-10.5,7.0849,2920,1752.0,456
63065,"Offenbach am Main",50.1044,8.7636,-10.5,11.1345,1844,1106.22,102
63067,"Offenbach am Main",50.1083,8.748,-10.5,11.1345,1844,1106.22,104
63069,"Offenbach am Main",50.0761,8.7569,-10.5,11.1345,1844,1106.22,126
63071,"Offenbach am Main",50.0917,8.782,-10.5,11.1345,1844,1106.22,118
63073,"Offenbach am Main",50.0823,8.81,-10.5,11.1345,1844,1106.22,117
63075,"Offenbach am Main",50.1207,8.793,-10.5,11.1345,1844,1106.22,100
63110,Rodgau,50.0116,8.8776,-10.5,11.2518,1819,1091.52,129
63128,Dietzenbach,50.0118,8.7837,-10.5,11.1345,1844,1106.22,148
63150,Heusenstamm,50.0489,8.8103,-10.5,11.1345,1844,1106.22,126
63165,"Mühlheim am Main",50.1085,8.844,-10.5,11.1345,1844,1106.22,109
63179,Obertshausen,50.0773,8.8623,-10.5,11.1345,1844,1106.22,115
63225,Langen,49.9929,8.6556,-10.5,11.4699,1786,1071.3,123
63263,Neu-Isenburg,50.0441,8.6624,-10.5,11.9353,1680,1007.88,127
63303,Dreieich,50.0126,8.7174,-10.5,11.1345,1844,1106.22,170
63322,Rödermark,49.973,8.817,-10.5,11.0184,1850,1109.7,146
63329,Egelsbach,49.9635,8.6596,-10.5,10.7181,1926,1155.3,122
63450,Hanau,50.1267,8.9235,-10.5,11.2518,1819,1091.52,109
63452,Hanau,50.1455,8.9352,-10.5,11.2518,1819,1091.52,106
63454,Hanau,50.1792,8.8889,-10.5,11.1345,1844,1106.22,122
63456,Hanau,50.1005,8.9021,-10.5,11.2518,1819,1091.52,122
63457,Hanau,50.1171,8.9833,-10.5,11.2518,1819,1091.52,116
63477,Maintal,50.1532,8.8314,-10.5,11.1345,1844,1106.22,121
63486,Bruchköbel,50.1903,8.9333,-10.5,11.2518,1819,1091.52,118
63500,Seligenstadt,50.0322,8.9512,-10.5,11.2518,1819,1091.52,118
63505,Langenselbold,50.1807,9.0477,-10.5,11.2518,1819,1091.52,128
63512,Hainburg,50.0729,8.9336,-10.5,11.2518,1819,1091.52,109
63517,Rodenbach,50.1338,9.0419,-10.5,11.2518,1819,1091.52,186
63526,Erlensee,50.1688,8.9828,-10.5,11.2518,1819,1091.52,116
63533,Mainhausen,50.0075,9.0128,-10.5,11.2518,1819,1091.52,131
63538,Großkrotzenburg,50.0868,8.9833,-10.5,11.2518,1819,1091.52,109
63543,Neuberg,50.1994,8.9889,-10.5,11.2518,1819,1091.52,161
63546,Hammersbach,50.2281,8.9824,-10.5,10.3263,2035,1221.0,164
63549,Ronneburg,50.2299,9.0497,-10.5,10.3263,2035,1221.0,161
63571,Gelnhausen,50.2166,9.1988,-10.5,10.3263,2035,1221.0,289
63579,Freigericht,50.1368,9.1476,-10.5,11.2518,1819,1091.52,174
63584,Gründau,50.2176,9.1131,-10.5,10.3263,2035,1221.0,137
63589,Linsengericht,50.1694,9.2122,-10.5,10.3263,2035,1221.0,198
63594,Hasselroth,50.1658,9.1012,-10.5,10.3263,2035,1221.0,132
63599,Biebergemünd,50.1706,9.3073,-10.5,10.3263,2035,1221.0,307
63607,Wächtersbach,50.2609,9.2792,-10.5,10.3263,2035,1221.0,204
63619,"Bad Orb",50.2111,9.3762,-10.5,10.3263,2035,1221.0,230
63628,"Bad Soden-Salmünster",50.2758,9.3827,-10.5,10.3263,2035,1221.0,202
63633,Birstein,50.3787,9.3114,-10.5,10.3263,2035,1221.0,364
63636,Brachttal,50.3089,9.2952,-10.5,10.3263,2035,1221.0,169
63637,Jossgrund,50.1594,9.4588,-10.5,9.2844,2308,1384.68,381
63639,Flörsbachtal,50.1152,9.4687,-10.5,9.2844,2308,1384.68,300
63654,Büdingen,50.2906,9.0996,-10.5,10.3263,2035,1221.0,165
63667,Nidda,50.4319,9.0252,-10.5,9.5532,2231,1338.66,134
63674,Altenstadt,50.2877,8.9493,-10.5,11.0279,1886,1131.42,134
63679,Schotten,50.4922,9.1586,-10.5,9.5532,2231,1338.66,433
63683,Ortenberg,50.3591,9.0773,-10.5,10.3263,2035,1221.0,236
63688,Gedern,50.4105,9.2203,-10.5,7.403,2838,1702.8,389
63691,Ranstadt,50.3596,8.9674,-10.5,11.0279,1886,1131.42,126
63694,Limeshain,50.2667,8.9933,-10.5,10.3263,2035,1221.0,144
63695,Glauburg,50.3203,9.0034,-10.5,10.3263,2035,1221.0,124
63697,Hirzenhain,50.4149,9.1297,-10.5,9.5532,2231,1338.66,279
63699,Kefenrod,50.3513,9.2354,-10.5,10.3263,2035,1221.0,342
63739,Aschaffenburg,49.9764,9.1736,-10.5,11.0184,1850,1109.7,191
63741,Aschaffenburg,49.9938,9.1215,-10.5,11.2518,1819,1091.52,143
63743,Aschaffenburg,49.9485,9.1617,-10.5,11.0184,1850,1109.7,191
63755,"Alzenau in Unterfranken",50.0795,9.0743,-10.5,11.2518,1819,1091.52,146
63762,Großostheim,49.9165,9.0657,-10.5,11.0184,1850,1109.7,140
63768,Hösbach,50.0147,9.2154,-10.5,9.2844,2308,1384.68,194
63773,Goldbach,50.0076,9.1737,-10.5,11.2518,1819,1091.52,194
63776,Mömbris,50.0668,9.1515,-10.5,11.2518,1819,1091.52,205
63785,"Obernburg am Main",49.8282,9.1138,-10.5,10.3926,2008,1204.68,195
63791,"Karlstein am Main",50.0539,9.0138,-10.5,11.2518,1819,1091.52,123
63796,"Kahl am Main",50.0863,9.0111,-10.5,11.2518,1819,1091.52,110
63801,Kleinostheim,50.0159,9.0566,-10.5,11.2518,1819,1091.52,136
63808,Haibach,49.9631,9.21,-10.5,9.2844,2308,1384.68,286
63811,"Stockstadt am Main",49.9723,9.0513,-10.5,11.0184,1850,1109.7,145
63814,Mainaschaff,49.9839,9.0915,-10.5,11.2518,1819,1091.52,118
63820,Elsenfeld,49.8303,9.1929,-10.5,10.3926,2008,1204.68,184
63825,Schöllkrippen,50.078,9.2578,-10.5,9.2844,2308,1384.68,264
63826,Geiselbach,50.1261,9.2033,-10.5,10.3263,2035,1221.0,314
63828,Kleinkahl,50.1083,9.2863,-10.5,9.2844,2308,1384.68,261
63829,Krombach,50.0835,9.2052,-10.5,11.2518,1819,1091.52,259
63831,Wiesen,50.1074,9.3556,-10.5,9.2844,2308,1384.68,438
63834,"Sulzbach am Main",49.9114,9.1718,-10.5,11.0184,1850,1109.7,156
63839,Kleinwallstadt,49.8727,9.1811,-10.5,10.3926,2008,1204.68,169
63840,Hausen,49.8749,9.2221,-10.5,10.3926,2008,1204.68,246
63843,Niedernberg,49.9087,9.1244,-10.5,11.0184,1850,1109.7,122
63846,Laufach,50.0117,9.3156,-10.5,9.2844,2308,1384.68,191
63849,Leidersbach,49.8936,9.2482,-10.5,10.3926,2008,1204.68,275
63853,Mömlingen,49.8599,9.0741,-10.5,11.0184,1850,1109.7,155
63856,Bessenbach,49.9549,9.257,-10.5,9.2844,2308,1384.68,230
63857,Waldaschaff,49.9591,9.3255,-10.5,9.2844,2308,1384.68,389
63860,Rothenbuch,49.9642,9.3973,-10.5,9.2844,2308,1384.68,402
63863,Eschau,49.838,9.2786,-10.5,10.3926,2008,1204.68,196
63864,Glattbach,50.0101,9.1429,-10.5,11.2518,1819,1091.52,216
63867,Johannesberg,50.0238,9.1227,-10.5,11.2518,1819,1091.52,328
63868,Großwallstadt,49.874,9.1405,-10.5,11.0184,1850,1109.7,131
63869,Heigenbrücken,50.0272,9.3725,-10.5,9.2844,2308,1384.68,274
63871,Heinrichsthal,50.0686,9.3335,-10.5,9.2844,2308,1384.68,477
63872,Heimbuchenthal,49.8903,9.3034,-10.5,10.3926,2008,1204.68,303
63874,Dammbach,49.8592,9.3434,-10.5,10.3775,2022,1213.38,292
63875,Mespelbrunn,49.9182,9.3,-10.5,9.2844,2308,1384.68,395
63877,Sailauf,50.0379,9.27,-10.5,9.2844,2308,1384.68,296
63879,Weibersbrunn,49.9023,9.4004,-10.5,9.2844,2308,1384.68,429
63897,Miltenberg,49.6905,9.2468,-10.5,10.3926,2008,1204.68,393
63906,"Erlenbach am Main",49.8103,9.1646,-10.5,10.3926,2008,1204.68,146
63911,"Klingenberg am Main",49.7688,9.1891,-10.5,10.3926,2008,1204.68,141
63916,Amorbach,49.6442,9.1783,-10.5,9.5945,2241,1344.42,429
63920,Großheubach,49.7349,9.2368,-10.5,10.3926,2008,1204.68,165
63924,Kleinheubach,49.7162,9.1695,-10.5,9.5945,2241,1344.42,286
63925,Laudenbach,49.7384,9.1651,-10.5,9.5945,2241,1344.42,195
63927,Bürgstadt,49.7229,9.2867,-10.5,10.3926,2008,1204.68,349
63928,Eichenbühl,49.6602,9.3856,-10.5,10.3775,2022,1213.38,365
63930,Neunkirchen,49.6973,9.3983,-10.5,10.3775,2022,1213.38,328
63931,Kirchzell,49.6081,9.1364,-10.5,10.569,1977,1186.08,357
63933,Mönchberg,49.7926,9.2793,-10.5,10.3926,2008,1204.68,366
63934,Röllbach,49.7661,9.2588,-10.5,10.3926,2008,1204.68,246
63936,Schneeberg,49.6228,9.256,-10.5,9.5115,2283,1369.92,416
63937,Weilbach,49.684,9.1328,-10.5,9.5945,2241,1344.42,378
63939,"Wörth am Main",49.7868,9.1479,-10.5,10.3926,2008,1204.68,184
64283,Darmstadt,49.8702,8.6524,-10.5,10.7181,1926,1155.3,155
64285,Darmstadt,49.8538,8.6576,-10.5,10.7181,1926,1155.3,173
64287,Darmstadt,49.8773,8.7053,-10.5,10.7181,1926,1155.3,174
64289,Darmstadt,49.9016,8.6877,-10.5,10.7181,1926,1155.3,155
64291,Darmstadt,49.9271,8.6738,-10.5,10.7181,1926,1155.3,133
64293,Darmstadt,49.8824,8.629,-10.5,10.7181,1926,1155.3,125
64295,Darmstadt,49.8562,8.6159,-10.5,10.7181,1926,1155.3,137
64297,Darmstadt,49.8214,8.6448,-10.5,10.7181,1926,1155.3,126
64319,Pfungstadt,49.8037,8.5894,-10.5,10.7181,1926,1155.3,102
64331,Weiterstadt,49.9155,8.5941,-10.5,10.7181,1926,1155.3,106
64342,Seeheim-Jugenheim,49.7543,8.6593,-10.5,10.7181,1926,1155.3,297
64347,Griesheim,49.8635,8.5597,-10.5,10.7181,1926,1155.3,98
64354,Reinheim,49.8296,8.8245,-10.5,10.7181,1926,1155.3,190
64367,Mühltal,49.8058,8.695,-10.5,10.7181,1926,1155.3,260
64372,Ober-Ramstadt,49.8176,8.7504,-10.5,10.7181,1926,1155.3,238
64380,Roßdorf,49.8683,8.7612,-10.5,10.7181,1926,1155.3,184
64385,"Reichelsheim (Odenwald)",49.6945,8.8568,-10.5,10.569,1977,1186.08,249
64390,Erzhausen,49.9534,8.6286,-10.5,10.7181,1926,1155.3,113
64395,Brensbach,49.7636,8.8956,-10.5,10.569,1977,1186.08,240
64397,Modautal,49.7508,8.75,-10.5,10.7181,1926,1155.3,266
64401,Groß-Bieberau,49.7937,8.8271,-10.5,10.7181,1926,1155.3,206
64404,Bickenbach,49.7591,8.6007,-10.5,10.7181,1926,1155.3,98
64405,Fischbachtal,49.7573,8.8089,-10.5,10.7181,1926,1155.3,294
64407,Fränkisch-Crumbach,49.7469,8.8461,-10.5,10.569,1977,1186.08,211
64409,Messel,49.9304,8.7588,-10.5,10.7181,1926,1155.3,171
64521,Groß-Gerau,49.9038,8.4698,-10.5,11.4699,1786,1071.3,86
64546,Mörfelden-Walldorf,49.9843,8.5709,-10.5,11.4699,1786,1071.3,110
64560,Riedstadt,49.8393,8.5039,-10.5,10.7181,1926,1155.3,88
64569,Nauheim,49.9425,8.4545,-10.5,11.4699,1786,1071.3,89
64572,Büttelborn,49.9111,8.5263,-10.5,10.7181,1926,1155.3,92
64579,Gernsheim,49.7537,8.5173,-10.5,10.7181,1926,1155.3,102
64584,"Biebesheim am Rhein",49.7845,8.4503,-10.5,10.7181,1926,1155.3,86
64589,"Stockstadt am Rhein",49.8191,8.4442,-10.5,10.7181,1926,1155.3,86
64625,Bensheim,49.6906,8.625,-10.5,11.3192,1810,1085.94,133
64646,"Heppenheim (Bergstraße)",49.6451,8.6603,-10.5,11.6863,1743,1045.92,143
64653,Lorsch,49.651,8.5636,-10.5,11.3192,1810,1085.94,98
64658,Fürth,49.6534,8.7921,-10.5,10.569,1977,1186.08,204
64665,Alsbach-Hähnlein,49.7449,8.5723,-10.5,10.7181,1926,1155.3,91
64668,Rimbach,49.6109,8.7746,-10.5,9.6693,2220,1331.7,205
64673,Zwingenberg,49.7274,8.5968,-10.5,10.7181,1926,1155.3,94
64678,Lindenfels,49.6964,8.7647,-10.5,10.569,1977,1186.08,357
64683,Einhausen,49.6867,8.533,-10.5,11.3192,1810,1085.94,101
64686,"Lautertal (Odenwald)",49.7191,8.7105,-10.5,10.7181,1926,1155.3,331
64689,Grasellenbach,49.6253,8.8399,-10.5,9.6693,2220,1331.7,412
64711,Erbach,49.6341,9.0097,-10.5,10.569,1977,1186.08,313
64720,Michelstadt,49.6928,9.0426,-10.5,10.569,1977,1186.08,351
64732,"Bad König",49.7434,9.0253,-10.5,9.5945,2241,1344.42,233
64739,"Höchst im Odenwald",49.7841,8.985,-10.5,9.5945,2241,1344.42,230
64747,Breuberg,49.8198,9.0429,-10.5,9.5945,2241,1344.42,272
64750,Lützelbach,49.7686,9.0823,-10.5,9.5945,2241,1344.42,378
64753,Brombachtal,49.7354,8.9374,-10.5,10.569,1977,1186.08,335
64754,Hesseneck,49.557,9.0864,-10.5,9.6693,2220,1331.7,306
64756,Mossautal,49.6404,8.9166,-10.5,10.569,1977,1186.08,429
64757,Rothenberg,49.4831,8.9079,-10.5,9.6693,2220,1331.7,270
64760,-,49.5562,8.9767,-10.5,9.6693,2220,1331.7,418
64807,Dieburg,49.9054,8.8333,-10.5,11.0184,1850,1109.7,140
64823,Groß-Umstadt,49.8734,8.9457,-10.5,11.0184,1850,1109.7,217
64832,Babenhausen,49.9491,8.9299,-10.5,11.0184,1850,1109.7,130
64839,Münster,49.9273,8.8584,-10.5,11.0184,1850,1109.7,137
64846,Groß-Zimmern,49.8674,8.8215,-10.5,10.7181,1926,1155.3,164
64850,Schaafheim,49.918,9.0003,-10.5,11.0184,1850,1109.7,172
64853,Otzberg,49.8195,8.9012,-10.5,11.0184,1850,1109.7,238
64859,Eppertshausen,49.9499,8.855,-10.5,11.0184,1850,1109.7,134
65183,Wiesbaden,50.0849,8.2396,-10.5,10.1603,2074,1244.46,141
65185,Wiesbaden,50.0756,8.2396,-10.5,10.1603,2074,1244.46,126
65187,Wiesbaden,50.0624,8.2326,-10.5,10.1603,2074,1244.46,148
65189,Wiesbaden,50.0716,8.2596,-10.5,10.1603,2074,1244.46,148
65191,Wiesbaden,50.0921,8.2709,-10.5,10.1603,2074,1244.46,207
65193,Wiesbaden,50.1088,8.2365,-10.5,10.1603,2074,1244.46,282
65195,Wiesbaden,50.1091,8.1937,-10.5,10.1603,2074,1244.46,317
65197,Wiesbaden,50.0819,8.2082,-10.5,10.1603,2074,1244.46,186
65199,Wiesbaden,50.1001,8.1505,-10.5,10.1603,2074,1244.46,481
65201,Wiesbaden,50.061,8.1693,-10.5,11.3118,1816,1089.42,178
65203,Wiesbaden,50.041,8.2391,-10.5,11.3118,1816,1089.42,96
65205,Wiesbaden,50.0501,8.3305,-10.5,10.1603,2074,1244.46,138
65207,Wiesbaden,50.1022,8.3231,-10.5,10.1603,2074,1244.46,213
65232,Taunusstein,50.1534,8.1669,-10.5,10.1603,2074,1244.46,399
65239,"Hochheim am Main",50.0179,8.3588,-10.5,11.4699,1786,1071.3,131
65307,"Bad Schwalbach",50.1448,8.0629,-10.5,9.7364,2152,1291.38,376
65321,Heidenrod,50.1704,7.9691,-10.5,9.7364,2152,1291.38,490
65326,Aarbergen,50.2457,8.0711,-10.5,9.7364,2152,1291.38,239
65329,Hohenstein,50.2036,8.1067,-10.5,10.1603,2074,1244.46,328
65343,"Eltville am Rhein",50.0634,8.0882,-10.5,11.4342,1765,1058.82,305
65344,"Eltville am Rhein",50.0643,8.1238,-10.5,11.3118,1816,1089.42,312
65345,"Eltville am Rhein",50.0544,8.1102,-10.5,11.3118,1816,1089.42,274
65346,"Eltville am Rhein",50.0352,8.0635,-10.5,11.4342,1765,1058.82,179
65347,"Eltville am Rhein",50.0178,8.0576,-10.5,11.4342,1765,1058.82,126
65366,Geisenheim,50.0296,7.9402,-10.5,11.4342,1765,1058.82,319
65375,Oestrich-Winkel,50.0351,7.9939,-10.5,11.4342,1765,1058.82,421
65385,"Rüdesheim am Rhein",50.0159,7.8914,-10.5,11.4342,1765,1058.82,408
65388,Schlangenbad,50.1039,8.0882,-10.5,11.4342,1765,1058.82,428
65391,Lorch,50.0639,7.8262,-10.5,11.4342,1765,1058.82,232
65396,Walluf,50.0464,8.1524,-10.5,11.3118,1816,1089.42,143
65399,Kiedrich,50.0603,8.0624,-10.5,11.4342,1765,1058.82,331
65428,Rüsselsheim,49.9759,8.4352,-10.5,11.4699,1786,1071.3,90
65439,"Flörsheim am Main",50.0285,8.4241,-10.5,11.4699,1786,1071.3,106
65451,Kelsterbach,50.0493,8.5208,-10.5,11.4699,1786,1071.3,101
65462,Ginsheim-Gustavsburg,49.9893,8.3231,-10.5,11.3118,1816,1089.42,85
65468,Trebur,49.9106,8.3857,-10.5,11.3118,1816,1089.42,83
65474,Bischofsheim,49.9884,8.3574,-10.5,11.3118,1816,1089.42,90
65479,Raunheim,50.0141,8.4725,-10.5,11.4699,1786,1071.3,113
65510,Idstein,50.2345,8.2276,-10.5,9.7926,2150,1290.0,274
65520,"Bad Camberg",50.3045,8.2875,-10.5,9.7926,2150,1290.0,304
65527,Niedernhausen,50.1713,8.292,-10.5,10.1603,2074,1244.46,379
65529,Waldems,50.2609,8.3452,-10.5,9.7926,2150,1290.0,409
65549,"Limburg an der Lahn",50.387,8.0695,-10.5,10.2419,2023,1213.74,118
65550,"Limburg an der Lahn",50.3682,8.0943,-10.5,10.2419,2023,1213.74,183
65551,"Limburg an der Lahn",50.3776,8.1212,-10.5,10.2419,2023,1213.74,179
65552,"Limburg an der Lahn",50.3893,8.101,-10.5,10.2419,2023,1213.74,136
65553,"Limburg an der Lahn",50.4057,8.0881,-10.5,10.2419,2023,1213.74,165
65554,"Limburg an der Lahn",50.435,8.0811,-10.5,10.2419,2023,1213.74,187
65555,"Limburg an der Lahn",50.4153,8.067,-10.5,10.2419,2023,1213.74,193
65556,"Limburg an der Lahn",50.3924,8.031,-10.5,10.2419,2023,1213.74,109
65558,Burgschwalbach,50.3887,7.9158,-10.5,9.7584,2147,1288.26,305
65582,Diez,50.3695,8.0257,-10.5,10.2419,2023,1213.74,119
65589,Hadamar,50.4606,8.0578,-10.5,10.2419,2023,1213.74,181
65594,Runkel,50.4167,8.1619,-10.5,10.2419,2023,1213.74,165
65597,Hünfelden,50.3093,8.1532,-10.5,10.2419,2023,1213.74,214
65599,Dornburg,50.5046,8.018,-10.5,10.2419,2023,1213.74,224
65604,Elz,50.4151,8.0157,-10.5,10.2419,2023,1213.74,134
65606,Villmar,50.4043,8.2408,-10.5,10.2419,2023,1213.74,175
65611,Brechen,50.3592,8.1772,-10.5,10.2419,2023,1213.74,142
65614,Beselich,50.4625,8.1513,-10.5,10.2419,2023,1213.74,243
65618,"Selters (Taunus)",50.3519,8.2787,-10.5,10.2419,2023,1213.74,246
65620,"Waldbrunn (Westerwald)",50.5118,8.114,-10.5,9.5753,2214,1328.28,283
65623,Hahnstätten,50.2905,8.0472,-10.5,10.2419,2023,1213.74,260
65624,Altendiez,50.3702,7.9627,-10.5,10.2419,2023,1213.74,233
65626,Birlenbach,50.356,8.0023,-10.5,10.2419,2023,1213.74,184
65627,Elbtal,50.5042,8.0609,-10.5,10.2419,2023,1213.74,214
65629,Niederneisen,50.3327,8.0507,-10.5,10.2419,2023,1213.74,157
65719,"Hofheim am Taunus",50.097,8.4144,-10.5,10.1603,2074,1244.46,275
65760,Eschborn,50.1443,8.567,-10.5,11.9353,1680,1007.88,129
65779,"Kelkheim (Taunus)",50.1512,8.4338,-10.5,7.0849,2920,1752.0,277
65795,"Hattersheim am Main",50.0617,8.4865,-10.5,11.4699,1786,1071.3,99
65812,"Bad Soden am Taunus",50.1518,8.4881,-10.5,7.0849,2920,1752.0,237
65817,Eppstein,50.143,8.3636,-10.5,10.1603,2074,1244.46,215
65824,"Schwalbach am Taunus",50.1514,8.5322,-10.5,7.0849,2920,1752.0,151
65830,Kriftel,50.0794,8.4666,-10.5,11.4699,1786,1071.3,116
65835,"Liederbach am Taunus",50.1192,8.4918,-10.5,11.4699,1786,1071.3,144
65843,"Sulzbach (Taunus)",50.1285,8.5303,-10.5,11.9353,1680,1007.88,126
65929,"Frankfurt am Main",50.1004,8.5318,-10.5,11.4699,1786,1071.3,102
65931,"Frankfurt am Main",50.0945,8.5028,-10.5,11.4699,1786,1071.3,111
65933,"Frankfurt am Main",50.0976,8.598,-10.5,11.9353,1680,1007.88,96
65934,"Frankfurt am Main",50.1009,8.5733,-10.5,11.9353,1680,1007.88,95
65936,"Frankfurt am Main",50.1207,8.5743,-10.5,11.9353,1680,1007.88,95
66111,Saarbrücken,49.2352,6.9981,-10.5,11.2833,1771,1062.6,198
66113,Saarbrücken,49.2538,6.9741,-10.5,11.2833,1771,1062.6,211
66115,Saarbrücken,49.2845,6.9751,-10.5,11.2833,1771,1062.6,283
66117,Saarbrücken,49.2204,6.9607,-10.5,11.2833,1771,1062.6,226
66119,Saarbrücken,49.2116,7.0021,-10.5,11.2833,1771,1062.6,221
66121,Saarbrücken,49.2287,7.0418,-10.5,10.3255,2014,1208.22,244
66123,Saarbrücken,49.2426,7.0221,-10.5,11.2833,1771,1062.6,255
66125,Saarbrücken,49.2777,7.0367,-10.5,11.2833,1771,1062.6,224
66126,Saarbrücken,49.264,6.9173,-10.5,11.2833,1771,1062.6,299
66127,Saarbrücken,49.2214,6.8782,-10.5,11.2833,1771,1062.6,312
66128,Saarbrücken,49.2328,6.9204,-10.5,11.2833,1771,1062.6,254
66129,Saarbrücken,49.1825,7.0452,-10.5,10.3255,2014,1208.22,241
66130,Saarbrücken,49.1955,7.0735,-10.5,10.3255,2014,1208.22,277
66131,Saarbrücken,49.2147,7.1088,-10.5,10.3255,2014,1208.22,321
66132,Saarbrücken,49.2257,7.0851,-10.5,10.3255,2014,1208.22,260
66133,Saarbrücken,49.2446,7.0644,-10.5,10.3255,2014,1208.22,267
66265,Heusweiler,49.3478,6.9427,-10.5,11.2833,1771,1062.6,260
66271,Kleinblittersdorf,49.1532,7.0611,-10.5,10.3255,2014,1208.22,342
66280,"Sulzbach / Saar",49.2969,7.0672,-10.5,10.3255,2014,1208.22,270
66287,Quierschied,49.3234,7.0264,-10.5,11.2833,1771,1062.6,356
66292,Riegelsberg,49.3082,6.9459,-10.5,11.2833,1771,1062.6,262
66299,Friedrichsthal,49.3318,7.0845,-10.5,10.2986,2017,1210.32,357
66333,Völklingen,49.1988,6.7595,-10.5,10.309,2020,1211.88,259
66346,Püttlingen,49.2905,6.8981,-10.5,11.2833,1771,1062.6,294
66352,Großrosseln,49.1822,6.823,-10.5,11.2833,1771,1062.6,267
66359,Bous,49.278,6.8164,-10.5,10.309,2020,1211.88,238
66386,"Sankt Ingbert",49.2725,7.1333,-10.5,10.3255,2014,1208.22,252
66399,Mandelbachtal,49.1874,7.1522,-10.5,10.3255,2014,1208.22,365
66424,Homburg,49.3371,7.3453,-10.5,10.2986,2017,1210.32,241
66440,Blieskastel,49.2262,7.2493,-10.5,10.3255,2014,1208.22,295
66450,Bexbach,49.3581,7.2618,-10.5,10.2986,2017,1210.32,275
66453,Gersheim,49.1521,7.2267,-10.5,10.3255,2014,1208.22,280
66459,Kirkel,49.2995,7.2637,-10.5,10.2986,2017,1210.32,260
66482,Zweibrücken,49.248,7.3656,-10.5,10.2986,2017,1210.32,232
66484,Battweiler,49.1995,7.4607,-10.5,10.3679,2010,1206.3,345
66497,Contwig,49.2466,7.4439,-10.5,10.3679,2010,1206.3,234
66500,Hornbach,49.1859,7.3568,-10.5,10.3679,2010,1206.3,276
66501,Kleinbundenbach,49.3027,7.4315,-10.5,10.2986,2017,1210.32,306
66503,Dellfeld,49.2327,7.4763,-10.5,10.3679,2010,1206.3,252
66504,Bottenbach,49.1871,7.4994,-10.5,10.3679,2010,1206.3,375
66506,Maßweiler,49.2748,7.5313,-10.5,10.3679,2010,1206.3,339
66507,Reifenberg,49.2849,7.4975,-10.5,10.3679,2010,1206.3,322
66509,Rieschweiler-Mühlbach,49.2535,7.5031,-10.5,10.3679,2010,1206.3,326
66538,Neunkirchen,49.3395,7.1861,-10.5,10.2986,2017,1210.32,279
66539,Neunkirchen,49.3194,7.2226,-10.5,10.2986,2017,1210.32,276
66540,Neunkirchen,49.3747,7.1941,-10.5,10.2986,2017,1210.32,260
66557,Illingen,49.3873,7.0451,-10.5,10.0586,2087,1251.96,260
66564,Ottweiler,49.4147,7.2107,-10.5,10.2986,2017,1210.32,336
66571,Eppelborn,49.4001,6.9688,-10.5,10.0586,2087,1251.96,245
66578,Schiffweiler,49.3752,7.1208,-10.5,10.2986,2017,1210.32,326
66583,Spiesen-Elversberg,49.3117,7.1539,-10.5,10.2986,2017,1210.32,267
66589,Merchweiler,49.354,7.0679,-10.5,10.2986,2017,1210.32,336
66606,"Sankt Wendel",49.4625,7.1834,-10.5,10.0586,2087,1251.96,306
66620,Nonnweiler,49.593,6.9825,-10.5,10.2419,2038,1222.74,385
66625,Nohfelden,49.574,7.0684,-10.5,10.0586,2087,1251.96,435
66629,Freisen,49.5368,7.24,-10.5,10.0586,2087,1251.96,575
66636,Tholey,49.4845,7.0069,-10.5,10.0586,2087,1251.96,397
66640,Namborn,49.5149,7.1647,-10.5,10.0586,2087,1251.96,368
66646,Marpingen,49.4476,7.0651,-10.5,10.0586,2087,1251.96,347
66649,Oberthal,49.5237,7.0992,-10.5,10.0586,2087,1251.96,363
66663,Merzig,49.4484,6.627,-10.5,10.2419,2038,1222.74,170
66679,Losheim,49.5115,6.7336,-10.5,10.2419,2038,1222.74,310
66687,Wadern,49.5441,6.8955,-10.5,10.2419,2038,1222.74,278
66693,Mettlach,49.5081,6.5449,-10.5,10.6578,1905,1142.76,403
66701,Beckingen,49.4249,6.7463,-10.5,10.2419,2038,1222.74,265
66706,Perl,49.5089,6.4132,-10.5,10.6578,1905,1142.76,263
66709,Weiskirchen,49.551,6.8084,-10.5,10.2419,2038,1222.74,366
66740,Saarlouis,49.3052,6.7405,-10.5,10.309,2020,1211.88,184
66763,"Dillingen / Saar",49.3667,6.7323,-10.5,10.309,2020,1211.88,239
66773,Schwalbach,49.3084,6.8278,-10.5,11.2833,1771,1062.6,225
66780,Rehlingen-Siersburg,49.3759,6.6388,-10.5,10.309,2020,1211.88,233
66787,Wadgassen,49.2474,6.7771,-10.5,10.309,2020,1211.88,258
66793,Saarwellingen,49.3519,6.8418,-10.5,11.2833,1771,1062.6,230
66798,Wallerfangen,49.3171,6.6513,-10.5,10.309,2020,1211.88,320
66802,Überherrn,49.2609,6.7089,-10.5,10.309,2020,1211.88,206
66806,Ensdorf,49.3037,6.7832,-10.5,10.309,2020,1211.88,207
66809,Nalbach,49.3907,6.7939,-10.5,10.309,2020,1211.88,256
66822,Lebach,49.3977,6.8976,-10.5,10.0586,2087,1251.96,272
66839,Schmelz,49.4365,6.8367,-10.5,10.2419,2038,1222.74,281
66849,Landstuhl,49.4044,7.5607,-10.5,10.6501,1944,1166.52,354
66851,Queidersbach,49.3823,7.6272,-10.5,10.6501,1944,1166.52,347
66862,Kindsbach,49.4149,7.6284,-10.5,10.6501,1944,1166.52,274
66869,Kusel,49.5353,7.3968,-10.5,9.4249,2256,1353.9,270
66871,Pfeffelbach,49.5346,7.327,-10.5,9.4249,2256,1353.9,325
66877,Ramstein-Miesenbach,49.4426,7.5663,-10.5,10.6501,1944,1166.52,241
66879,Steinwenden,49.4855,7.5203,-10.5,10.6501,1944,1166.52,324
66882,Hütschenhausen,49.4228,7.4843,-10.5,10.6501,1944,1166.52,245
66885,Altenglan,49.5573,7.4691,-10.5,9.4249,2256,1353.9,244
66887,Rammelsbach,49.5904,7.509,-10.5,9.4249,2256,1353.9,336
66892,Bruchmühlbach-Miesau,49.3966,7.4356,-10.5,10.2986,2017,1210.32,230
66894,Bechhofen,49.3481,7.4626,-10.5,10.2986,2017,1210.32,380
66901,Schönenberg-Kübelberg,49.4015,7.38,-10.5,10.2986,2017,1210.32,247
66903,Altenkirchen,49.4414,7.3209,-10.5,10.2986,2017,1210.32,286
66904,"Brücken (Pfalz)",49.4293,7.3601,-10.5,10.2986,2017,1210.32,266
66907,Glan-Münchweiler,49.4723,7.448,-10.5,10.2986,2017,1210.32,218
66909,Herschweiler-Pettersheim,49.4769,7.3835,-10.5,10.2986,2017,1210.32,353
66914,Waldmohr,49.3905,7.3442,-10.5,10.2986,2017,1210.32,274
66916,Breitenbach,49.4381,7.269,-10.5,10.2986,2017,1210.32,411
66917,Wallhalben,49.3255,7.5124,-10.5,10.3679,2010,1206.3,334
66919,Obernheim-Kirchenarnbach,49.332,7.5875,-10.5,10.3679,2010,1206.3,409
66953,Pirmasens,49.2084,7.6329,-10.5,10.3679,2010,1206.3,359
66954,Pirmasens,49.204,7.5656,-10.5,10.3679,2010,1206.3,385
66955,Pirmasens,49.1789,7.609,-10.5,10.3679,2010,1206.3,343
66957,Vinningen,49.1326,7.5466,-10.5,10.3679,2010,1206.3,402
66969,Lemberg,49.1519,7.6682,-10.5,10.3679,2010,1206.3,351
66976,Rodalben,49.2385,7.6351,-10.5,10.3679,2010,1206.3,257
66978,Clausen,49.265,7.7701,-10.5,10.3679,2010,1206.3,490
66981,"Münchweiler an der Rodalb",49.2152,7.7108,-10.5,10.3679,2010,1206.3,295
66987,Thaleischweiler-Fröschen,49.2652,7.5805,-10.5,10.3679,2010,1206.3,278
66989,Höheinöd,49.2287,7.5431,-10.5,10.3679,2010,1206.3,350
66994,Dahn,49.1543,7.7699,-10.5,10.3679,2010,1206.3,211
66996,"Fischbach bei Dahn",49.0887,7.6935,-10.5,10.3679,2010,1206.3,269
66999,Hinterweidenthal,49.1916,7.7658,-10.5,10.3679,2010,1206.3,365
67059,"Ludwigshafen am Rhein",49.4776,8.4233,-10.5,11.6863,1743,1045.92,97
67061,"Ludwigshafen am Rhein",49.4706,8.4505,-10.5,11.6863,1743,1045.92,100
67063,"Ludwigshafen am Rhein",49.5018,8.4214,-10.5,11.6863,1743,1045.92,98
67065,"Ludwigshafen am Rhein",49.4579,8.4221,-10.5,11.6863,1743,1045.92,98
67067,"Ludwigshafen am Rhein",49.4433,8.3939,-10.5,11.6863,1743,1045.92,96
67069,"Ludwigshafen am Rhein",49.52,8.3952,-10.5,11.3192,1810,1085.94,94
67071,"Ludwigshafen am Rhein",49.4809,8.3725,-10.5,11.6104,1746,1047.9,90
67098,"Bad Dürkheim",49.4336,8.0385,-10.5,9.4778,2274,1364.46,417
67105,Schifferstadt,49.3818,8.3717,-10.5,11.6104,1746,1047.9,105
67112,Mutterstadt,49.4433,8.3466,-10.5,11.6104,1746,1047.9,97
67117,Limburgerhof,49.4156,8.3935,-10.5,11.6863,1743,1045.92,99
67122,Altrip,49.4286,8.4846,-10.5,11.6863,1743,1045.92,91
67125,Dannstadt-Schauernheim,49.4154,8.3201,-10.5,11.6104,1746,1047.9,102
67126,Hochdorf-Assenheim,49.4134,8.2861,-10.5,11.6104,1746,1047.9,106
67127,Rödersheim-Gronau,49.4314,8.2591,-10.5,11.6104,1746,1047.9,104
67133,Maxdorf,49.4884,8.2909,-10.5,11.6104,1746,1047.9,96
67134,Birkenheide,49.4871,8.2612,-10.5,11.6104,1746,1047.9,103
67136,Fußgönheim,49.4607,8.2926,-10.5,11.6104,1746,1047.9,101
67141,Neuhofen,49.4218,8.4336,-10.5,11.6863,1743,1045.92,97
67146,Deidesheim,49.4133,8.1715,-10.5,9.4778,2274,1364.46,208
67147,"Forst an der Weinstraße",49.4261,8.1892,-10.5,11.6104,1746,1047.9,117
67149,Meckenheim,49.3959,8.2386,-10.5,9.4778,2274,1364.46,116
67150,"Niederkirchen bei Deidesheim",49.4165,8.2218,-10.5,11.6104,1746,1047.9,112
67152,Ruppertsberg,49.3947,8.1941,-10.5,9.4778,2274,1364.46,119
67157,"Wachenheim an der Weinstraße",49.4322,8.1416,-10.5,11.6104,1746,1047.9,410
67158,Ellerstadt,49.4681,8.2576,-10.5,11.6104,1746,1047.9,106
67159,Friedelsheim,49.4492,8.2205,-10.5,11.6104,1746,1047.9,125
67161,Gönnheim,49.4489,8.2487,-10.5,11.6104,1746,1047.9,110
67165,Waldsee,49.3955,8.4383,-10.5,11.6863,1743,1045.92,102
67166,Otterstadt,49.365,8.4825,-10.5,11.8526,1722,1033.38,97
67167,Erpolzheim,49.4901,8.2219,-10.5,11.6104,1746,1047.9,115
67169,Kallstadt,49.4928,8.1743,-10.5,11.6104,1746,1047.9,156
67227,"Frankenthal (Pfalz)",49.5247,8.3477,-10.5,11.3192,1810,1085.94,96
67229,Gerolsheim,49.5447,8.2297,-10.5,11.6104,1746,1047.9,112
67240,Bobenheim-Roxheim,49.5856,8.3741,-10.5,11.3192,1810,1085.94,93
67245,Lambsheim,49.5169,8.2892,-10.5,11.6104,1746,1047.9,101
67246,Dirmstein,49.5723,8.2514,-10.5,11.3192,1810,1085.94,113
67251,Freinsheim,49.5098,8.2129,-10.5,11.6104,1746,1047.9,114
67256,"Weisenheim am Sand",49.5146,8.2512,-10.5,11.6104,1746,1047.9,102
67258,Heßheim,49.5454,8.3056,-10.5,11.3192,1810,1085.94,102
67259,Beindersheim,49.5761,8.314,-10.5,11.3192,1810,1085.94,101
67269,Grünstadt,49.5651,8.1606,-10.5,11.6104,1746,1047.9,190
67271,Kindenheim,49.5391,8.1347,-10.5,11.6104,1746,1047.9,220
67273,"Weisenheim am Berg",49.5173,8.1523,-10.5,11.6104,1746,1047.9,220
67278,"Bockenheim an der Weinstraße",49.6104,8.1912,-10.5,11.3192,1810,1085.94,152
67280,Ebertsheim,49.5703,8.1113,-10.5,11.6104,1746,1047.9,171
67281,"Kirchheim an der Weinstraße",49.5415,8.1905,-10.5,11.6104,1746,1047.9,142
67283,"Obrigheim (Pfalz)",49.5857,8.1999,-10.5,11.3192,1810,1085.94,131
67292,Orbis,49.661,7.9772,-10.5,9.794,2180,1308.18,436
67294,Kirchheimbolanden,49.68,8.045,-10.5,10.9178,1889,1133.58,310
67295,Bolanden,49.6379,7.9952,-10.5,9.794,2180,1308.18,288
67297,Marnheim,49.6196,8.0435,-10.5,9.794,2180,1308.18,249
67304,"Eisenberg (Pfalz)",49.5647,8.0631,-10.5,11.6104,1746,1047.9,230
67305,Ramsen,49.5183,7.9896,-10.5,11.6104,1746,1047.9,325
67307,Göllheim,49.5902,8.0357,-10.5,9.794,2180,1308.18,239
67308,"Albisheim (Pfrimm)",49.634,8.1073,-10.5,10.9178,1889,1133.58,248
67310,Hettenleidelheim,49.5378,8.0728,-10.5,11.6104,1746,1047.9,231
67311,Tiefenthal,49.5469,8.1081,-10.5,11.6104,1746,1047.9,246
67316,Carlsberg,49.4869,8.0285,-10.5,11.6104,1746,1047.9,355
67317,Altleiningen,49.4919,8.0727,-10.5,11.6104,1746,1047.9,375
67319,Wattenheim,49.5102,8.0289,-10.5,11.6104,1746,1047.9,339
67346,Speyer,49.3305,8.4304,-10.5,11.8526,1722,1033.38,102
67354,Römerberg,49.2785,8.4088,-10.5,11.8526,1722,1033.38,115
67360,Lingenfeld,49.2448,8.3466,-10.5,11.8526,1722,1033.38,114
67361,Freisbach,49.2728,8.2738,-10.5,9.4778,2274,1364.46,118
67363,Lustadt,49.235,8.2894,-10.5,11.8526,1722,1033.38,116
67365,Schwegenheim,49.2766,8.3319,-10.5,11.8526,1722,1033.38,110
67366,"Weingarten (Pfalz)",49.2675,8.3035,-10.5,11.8526,1722,1033.38,118
67368,"Westheim (Pfalz)",49.247,8.3217,-10.5,11.8526,1722,1033.38,114
67373,Dudenhofen,49.3207,8.3826,-10.5,11.8526,1722,1033.38,121
67374,Hanhofen,49.3205,8.3442,-10.5,11.8526,1722,1033.38,106
67376,Harthausen,49.2952,8.358,-10.5,11.8526,1722,1033.38,108
67377,Gommersheim,49.2919,8.2896,-10.5,9.4778,2274,1364.46,111
67378,Zeiskam,49.2245,8.2492,-10.5,9.4778,2274,1364.46,121
67433,"Neustadt an der Weinstraße",49.3606,8.1506,-10.5,9.4778,2274,1364.46,151
67434,"Neustadt an der Weinstraße",49.3398,8.0924,-10.5,9.4778,2274,1364.46,487
67435,"Neustadt an der Weinstraße",49.3294,8.2067,-10.5,9.4778,2274,1364.46,119
67454,Haßloch,49.3545,8.2622,-10.5,9.4778,2274,1364.46,113
67459,Böhl-Iggelheim,49.3642,8.3217,-10.5,9.4778,2274,1364.46,104
67466,"Lambrecht (Pfalz)",49.3741,8.0674,-10.5,9.4778,2274,1364.46,188
67468,Neidenfels,49.4353,7.9523,-10.5,9.4778,2274,1364.46,333
67471,Elmstein,49.3537,7.9219,-10.5,10.6501,1944,1166.52,422
67472,Esthal,49.3668,7.9984,-10.5,9.4778,2274,1364.46,469
67473,Lindenberg,49.3824,8.0926,-10.5,9.4778,2274,1364.46,237
67475,Weidenthal,49.4082,7.983,-10.5,9.4778,2274,1364.46,314
67480,Edenkoben,49.284,8.0984,-10.5,9.4778,2274,1364.46,240
67482,Venningen,49.2786,8.226,-10.5,9.4778,2274,1364.46,119
67483,Edesheim,49.2625,8.1515,-10.5,9.4778,2274,1364.46,147
67487,Maikammer,49.3082,8.0803,-10.5,9.4778,2274,1364.46,467
67489,"Kirrweiler (Pfalz)",49.3043,8.167,-10.5,9.4778,2274,1364.46,144
67547,Worms,49.6218,8.367,-10.5,11.3192,1810,1085.94,97
67549,Worms,49.6346,8.3242,-10.5,11.3192,1810,1085.94,107
67550,Worms,49.6644,8.321,-10.5,11.3192,1810,1085.94,124
67551,Worms,49.6121,8.2776,-10.5,11.3192,1810,1085.94,118
67574,Osthofen,49.7034,8.3168,-10.5,11.3192,1810,1085.94,98
67575,Eich,49.7528,8.4082,-10.5,11.3192,1810,1085.94,88
67577,Alsheim,49.7663,8.327,-10.5,10.9178,1889,1133.58,159
67578,Gimbsheim,49.7787,8.3797,-10.5,11.3192,1810,1085.94,90
67580,Hamm,49.7433,8.4469,-10.5,11.3192,1810,1085.94,87
67582,Mettenheim,49.7405,8.3252,-10.5,10.9178,1889,1133.58,107
67583,Guntersblum,49.7971,8.3491,-10.5,10.9178,1889,1133.58,90
67585,Dorn-Dürkheim,49.7626,8.2824,-10.5,10.9178,1889,1133.58,166
67586,Hillesheim,49.7781,8.2505,-10.5,10.9178,1889,1133.58,159
67587,Wintersheim,49.7791,8.2912,-10.5,10.9178,1889,1133.58,194
67590,Monsheim,49.6333,8.2101,-10.5,11.3192,1810,1085.94,153
67591,Offstein,49.6119,8.2339,-10.5,11.3192,1810,1085.94,135
67592,Flörsheim-Dalsheim,49.6594,8.2037,-10.5,10.9178,1889,1133.58,176
67593,Westhofen,49.7027,8.2414,-10.5,10.9178,1889,1133.58,141
67595,Bechtheim,49.7285,8.2875,-10.5,10.9178,1889,1133.58,138
67596,Dittelsheim-Heßloch,49.7492,8.2477,-10.5,10.9178,1889,1133.58,166
67598,Gundersheim,49.6918,8.1958,-10.5,10.9178,1889,1133.58,188
67599,Gundheim,49.6766,8.2434,-10.5,10.9178,1889,1133.58,133
67655,Kaiserslautern,49.4404,7.7682,-10.5,10.6501,1944,1166.52,239
67657,Kaiserslautern,49.4537,7.8122,-10.5,10.6501,1944,1166.52,309
67659,Kaiserslautern,49.4657,7.7205,-10.5,10.6501,1944,1166.52,298
67661,Kaiserslautern,49.4156,7.6981,-10.5,10.6501,1944,1166.52,281
67663,Kaiserslautern,49.4168,7.8101,-10.5,10.6501,1944,1166.52,322
67677,Enkenbach-Alsenborn,49.4904,7.9017,-10.5,10.6501,1944,1166.52,295
67678,Mehlingen,49.4872,7.8439,-10.5,10.6501,1944,1166.52,331
67680,Neuhemsbach,49.5251,7.9072,-10.5,9.794,2180,1308.18,278
67681,Sembach,49.5187,7.8568,-10.5,10.6501,1944,1166.52,302
67685,Weilerbach,49.4883,7.6195,-10.5,10.6501,1944,1166.52,268
67686,Mackenbach,49.4734,7.586,-10.5,10.6501,1944,1166.52,265
67688,Rodenbach,49.4634,7.6609,-10.5,10.6501,1944,1166.52,313
67691,Hochspeyer,49.4269,7.8921,-10.5,10.6501,1944,1166.52,348
67693,Fischbach,49.3907,7.8949,-10.5,10.6501,1944,1166.52,374
67697,Otterberg,49.5113,7.789,-10.5,10.6501,1944,1166.52,338
67699,Schneckenhausen,49.5539,7.7526,-10.5,9.794,2180,1308.18,309
67700,Niederkirchen,49.5697,7.6824,-10.5,10.6501,1944,1166.52,364
67701,Schallodenbach,49.548,7.7106,-10.5,10.6501,1944,1166.52,316
67705,Trippstadt,49.3434,7.7957,-10.5,10.6501,1944,1166.52,458
67706,Krickenbach,49.3651,7.6733,-10.5,10.6501,1944,1166.52,410
67707,Schopp,49.355,7.704,-10.5,10.6501,1944,1166.52,443
67714,Waldfischbach-Burgalben,49.2843,7.671,-10.5,10.3679,2010,1206.3,304
67715,Geiselberg,49.3279,7.6871,-10.5,10.6501,1944,1166.52,390
67716,Heltersberg,49.303,7.7311,-10.5,10.6501,1944,1166.52,397
67718,Schmalenberg,49.3313,7.7524,-10.5,10.6501,1944,1166.52,452
67722,Winnweiler,49.574,7.8477,-10.5,9.794,2180,1308.18,250
67724,Höringen,49.5831,7.7777,-10.5,9.794,2180,1308.18,233
67725,Börrstadt,49.5772,7.9444,-10.5,9.794,2180,1308.18,258
67727,Lohnsfeld,49.5485,7.8485,-10.5,9.794,2180,1308.18,272
67728,"Münchweiler an der Alsenz",49.5422,7.8818,-10.5,9.794,2180,1308.18,249
67729,Sippersfeld,49.5464,7.9418,-10.5,9.794,2180,1308.18,335
67731,Otterbach,49.4842,7.7425,-10.5,10.6501,1944,1166.52,231
67732,"Hirschhorn / Pfalz",49.523,7.6844,-10.5,10.6501,1944,1166.52,294
67734,Katzweiler,49.5003,7.6861,-10.5,10.6501,1944,1166.52,237
67735,Mehlbach,49.5255,7.7207,-10.5,10.6501,1944,1166.52,308
67737,Olsbrücken,49.542,7.6571,-10.5,10.6501,1944,1166.52,262
67742,Lauterecken,49.6571,7.5872,-10.5,9.4249,2256,1353.9,258
67744,Medard,49.6847,7.5584,-10.5,9.4249,2256,1353.9,352
67745,Grumbach,49.6564,7.5573,-10.5,9.4249,2256,1353.9,212
67746,Langweiler,49.664,7.4918,-10.5,9.4249,2256,1353.9,337
67748,Odenbach,49.6829,7.6533,-10.5,9.794,2180,1308.18,172
67749,Offenbach-Hundheim,49.6168,7.5556,-10.5,9.4249,2256,1353.9,221
67752,Wolfstein,49.5835,7.6112,-10.5,10.6501,1944,1166.52,188
67753,Rothselberg,49.6085,7.6654,-10.5,9.794,2180,1308.18,368
67754,Eßweiler,49.5597,7.5542,-10.5,10.6501,1944,1166.52,363
67756,Hinzweiler,49.5825,7.556,-10.5,9.4249,2256,1353.9,277
67757,Kreimbach-Kaulbach,49.5498,7.6295,-10.5,10.6501,1944,1166.52,229
67759,Nußbach,49.6376,7.7028,-10.5,9.794,2180,1308.18,355
67806,Rockenhausen,49.6292,7.836,-10.5,9.794,2180,1308.18,312
67808,"Steinbach am Donnersberg",49.5915,7.8292,-10.5,9.794,2180,1308.18,227
67811,Dielkirchen,49.6669,7.8295,-10.5,9.794,2180,1308.18,326
67813,Gerbach,49.6787,7.875,-10.5,9.794,2180,1308.18,350
67814,Dannenfels,49.625,7.9387,-10.5,9.794,2180,1308.18,583
67816,Dreisen,49.5955,7.9948,-10.5,9.794,2180,1308.18,226
67817,Imsbach,49.5912,7.888,-10.5,9.794,2180,1308.18,389
67819,Kriegsfeld,49.7048,7.927,-10.5,9.794,2180,1308.18,337
67821,Alsenz,49.7177,7.8179,-10.5,9.794,2180,1308.18,188
67822,Münsterappel,49.7315,7.875,-10.5,9.794,2180,1308.18,221
67823,Obermoschel,49.7207,7.7589,-10.5,9.794,2180,1308.18,203
67824,Feilbingert,49.7754,7.7946,-10.5,11.4929,1768,1060.74,304
67826,Hallgarten,49.7618,7.7811,-10.5,11.4929,1768,1060.74,319
67827,Becherbach,49.6561,7.6792,-10.5,9.794,2180,1308.18,374
67829,Callbach,49.6892,7.7029,-10.5,9.794,2180,1308.18,234
68159,Mannheim,49.4931,8.4535,-10.5,11.6863,1743,1045.92,95
68161,Mannheim,49.4869,8.4714,-10.5,11.6863,1743,1045.92,99
68163,Mannheim,49.4694,8.5171,-10.5,11.6863,1743,1045.92,91
68165,Mannheim,49.4792,8.4902,-10.5,11.6863,1743,1045.92,97
68167,Mannheim,49.496,8.4942,-10.5,11.6863,1743,1045.92,102
68169,Mannheim,49.5174,8.4536,-10.5,11.6863,1743,1045.92,97
68199,Mannheim,49.4541,8.4896,-10.5,11.6863,1743,1045.92,102
68219,Mannheim,49.4326,8.5339,-10.5,11.6863,1743,1045.92,102
68229,Mannheim,49.4362,8.5746,-10.5,11.6888,1742,1045.32,105
68239,Mannheim,49.4624,8.5525,-10.5,11.6863,1743,1045.92,99
68259,Mannheim,49.4881,8.5345,-10.5,11.6863,1743,1045.92,107
68305,Mannheim,49.5337,8.4959,-10.5,11.6863,1743,1045.92,102
68307,Mannheim,49.5632,8.4551,-10.5,11.3192,1810,1085.94,93
68309,Mannheim,49.5185,8.5309,-10.5,11.6863,1743,1045.92,103
68519,Viernheim,49.5547,8.5699,-10.5,11.6863,1743,1045.92,107
68526,Ladenburg,49.4788,8.6192,-10.5,11.6863,1743,1045.92,101
68535,Edingen-Neckarhausen,49.4466,8.5989,-10.5,11.6888,1742,1045.32,104
68542,Heddesheim,49.5178,8.6227,-10.5,11.6863,1743,1045.92,99
68549,Ilvesheim,49.4815,8.5667,-10.5,11.6863,1743,1045.92,99
68623,Lampertheim,49.6063,8.4309,-10.5,11.3192,1810,1085.94,93
68642,Bürstadt,49.6408,8.4701,-10.5,11.3192,1810,1085.94,93
68647,Biblis,49.6931,8.41,-10.5,11.3192,1810,1085.94,88
68649,Groß-Rohrheim,49.7137,8.474,-10.5,11.3192,1810,1085.94,93
68723,Schwetzingen,49.376,8.5799,-10.5,11.6888,1742,1045.32,104
68753,Waghäusel,49.2275,8.5213,-10.5,11.8526,1722,1033.38,108
68766,Hockenheim,49.3256,8.5304,-10.5,11.8526,1722,1033.38,97
68775,Ketsch,49.3665,8.5238,-10.5,11.6888,1742,1045.32,96
68782,Brühl,49.4005,8.5118,-10.5,11.6888,1742,1045.32,94
68789,"Sankt Leon-Rot",49.2641,8.6114,-10.5,11.8526,1722,1033.38,104
68794,Oberhausen-Rheinhausen,49.269,8.4895,-10.5,11.8526,1722,1033.38,97
68799,Reilingen,49.2931,8.5619,-10.5,11.8526,1722,1033.38,105
68804,Altlußheim,49.2978,8.5022,-10.5,11.8526,1722,1033.38,104
68809,Neulußheim,49.296,8.522,-10.5,11.8526,1722,1033.38,105
69115,Heidelberg,49.4027,8.6795,-10.5,11.6888,1742,1045.32,118
69117,Heidelberg,49.3933,8.7258,-10.5,11.6888,1742,1045.32,553
69118,Heidelberg,49.4157,8.7585,-10.5,11.6888,1742,1045.32,123
69120,Heidelberg,49.4163,8.6876,-10.5,11.6888,1742,1045.32,116
69121,Heidelberg,49.4337,8.7,-10.5,11.6888,1742,1045.32,317
69123,Heidelberg,49.4273,8.6368,-10.5,11.6888,1742,1045.32,108
69124,Heidelberg,49.3805,8.6598,-10.5,11.6888,1742,1045.32,112
69126,Heidelberg,49.3691,8.7053,-10.5,11.6888,1742,1045.32,235
69151,Neckargemünd,49.3894,8.8329,-10.5,10.7852,1941,1164.54,189
69168,Wiesloch,49.2945,8.7083,-10.5,11.8526,1722,1033.38,144
69181,Leimen,49.3458,8.7109,-10.5,11.6888,1742,1045.32,343
69190,Walldorf,49.3014,8.6327,-10.5,11.8526,1722,1033.38,109
69198,Schriesheim,49.4761,8.7216,-10.5,11.6888,1742,1045.32,261
69207,Sandhausen,49.3387,8.6432,-10.5,11.6888,1742,1045.32,118
69214,Eppelheim,49.3968,8.6258,-10.5,11.6888,1742,1045.32,110
69221,Dossenheim,49.4542,8.689,-10.5,11.6888,1742,1045.32,269
69226,Nußloch,49.3225,8.6993,-10.5,11.6888,1742,1045.32,171
69231,Rauenberg,49.2647,8.6924,-10.5,11.8526,1722,1033.38,146
69234,Dielheim,49.2792,8.7764,-10.5,10.7852,1941,1164.54,171
69239,Neckarsteinach,49.422,8.8548,-10.5,11.6888,1742,1045.32,364
69242,Mühlhausen,49.2512,8.736,-10.5,10.646,1967,1180.26,169
69245,Bammental,49.3555,8.7756,-10.5,11.6888,1742,1045.32,132
69250,Schönau,49.4454,8.8067,-10.5,11.6888,1742,1045.32,191
69251,Gaiberg,49.3654,8.7376,-10.5,11.6888,1742,1045.32,348
69253,Heiligkreuzsteinach,49.4932,8.7896,-10.5,11.6888,1742,1045.32,404
69254,Malsch,49.2407,8.6748,-10.5,11.8526,1722,1033.38,141
69256,Mauer,49.3381,8.7949,-10.5,10.7852,1941,1164.54,133
69257,Wiesenbach,49.3638,8.8163,-10.5,10.7852,1941,1164.54,186
69259,Wilhelmsfeld,49.4671,8.7679,-10.5,11.6888,1742,1045.32,366
69412,Eberbach,49.4638,8.9888,-10.5,9.6693,2220,1331.7,141
69427,Mudau,49.5336,9.1719,-10.5,9.5115,2283,1369.92,535
69429,Waldbrunn,49.4538,9.0797,-10.5,9.6693,2220,1331.7,503
69434,Eberbach,49.4712,8.875,-10.5,9.6693,2220,1331.7,445
69436,Schönbrunn,49.4184,8.9363,-10.5,10.7852,1941,1164.54,388
69437,Neckargerach,49.409,9.0755,-10.5,10.7852,1941,1164.54,332
69439,Zwingenberg,49.4172,9.0351,-10.5,10.7852,1941,1164.54,152
69469,Weinheim,49.5503,8.6622,-10.5,11.6863,1743,1045.92,111
69483,Wald-Michelbach,49.5552,8.845,-10.5,9.6693,2220,1331.7,317
69488,Birkenau,49.565,8.7204,-10.5,11.6863,1743,1045.92,224
69493,"Hirschberg an der Bergstraße",49.5048,8.6473,-10.5,11.6863,1743,1045.92,100
69502,Hemsbach,49.5923,8.6596,-10.5,11.6863,1743,1045.92,146
69509,Mörlenbach,49.5962,8.7399,-10.5,11.6863,1743,1045.92,169
69514,Laudenbach,49.6085,8.6412,-10.5,11.6863,1743,1045.92,98
69517,Gorxheimertal,49.5345,8.7346,-10.5,11.6863,1743,1045.92,276
69518,Abtsteinach,49.533,8.7875,-10.5,9.6693,2220,1331.7,425
70173,Stuttgart,48.7813,9.183,-10.5,11.4989,1809,1085.16,254
70174,Stuttgart,48.7812,9.1713,-10.5,11.4989,1809,1085.16,258
70176,Stuttgart,48.777,9.1616,-10.5,11.4989,1809,1085.16,277
70178,Stuttgart,48.7681,9.1668,-10.5,11.4989,1809,1085.16,315
70180,Stuttgart,48.7626,9.175,-10.5,11.4989,1809,1085.16,297
70182,Stuttgart,48.7721,9.1837,-10.5,11.4989,1809,1085.16,261
70184,Stuttgart,48.7638,9.189,-10.5,11.4989,1809,1085.16,385
70186,Stuttgart,48.774,9.2108,-10.5,11.4989,1809,1085.16,337
70188,Stuttgart,48.7842,9.2102,-10.5,11.4989,1809,1085.16,256
70190,Stuttgart,48.7926,9.2046,-10.5,11.4989,1809,1085.16,247
70191,Stuttgart,48.8008,9.1837,-10.5,11.4989,1809,1085.16,288
70192,Stuttgart,48.7962,9.1649,-10.5,11.4989,1809,1085.16,385
70193,Stuttgart,48.7817,9.145,-10.5,11.4989,1809,1085.16,400
70195,Stuttgart,48.7866,9.1246,-10.5,11.4989,1809,1085.16,371
70197,Stuttgart,48.7704,9.1064,-10.5,11.4989,1809,1085.16,478
70199,Stuttgart,48.7585,9.1483,-10.5,11.4989,1809,1085.16,330
70327,Stuttgart,48.7797,9.2523,-10.5,11.4989,1809,1085.16,231
70329,Stuttgart,48.752,9.2549,-10.5,11.4989,1809,1085.16,307
70372,Stuttgart,48.7995,9.2242,-10.5,11.4989,1809,1085.16,228
70374,Stuttgart,48.8088,9.2424,-10.5,11.4989,1809,1085.16,287
70376,Stuttgart,48.8161,9.203,-10.5,11.1852,1846,1107.9,277
70378,Stuttgart,48.836,9.2275,-10.5,11.1852,1846,1107.9,228
70435,Stuttgart,48.8328,9.1616,-10.5,11.1852,1846,1107.9,288
70437,Stuttgart,48.8388,9.1955,-10.5,11.1852,1846,1107.9,248
70439,Stuttgart,48.849,9.151,-10.5,11.1852,1846,1107.9,309
70469,Stuttgart,48.8092,9.1497,-10.5,11.1852,1846,1107.9,297
70499,Stuttgart,48.8072,9.1054,-10.5,11.1852,1846,1107.9,331
70563,Stuttgart,48.7318,9.1049,-10.5,10.4441,2029,1217.16,452
70565,Stuttgart,48.7189,9.1208,-10.5,10.4441,2029,1217.16,426
70567,Stuttgart,48.7267,9.1553,-10.5,10.4441,2029,1217.16,429
70569,Stuttgart,48.7483,9.0892,-10.5,11.4989,1809,1085.16,414
70597,Stuttgart,48.7452,9.1692,-10.5,11.4989,1809,1085.16,469
70599,Stuttgart,48.7121,9.2017,-10.5,10.4441,2029,1217.16,393
70619,Stuttgart,48.7427,9.2194,-10.5,11.4989,1809,1085.16,418
70629,Stuttgart,48.6867,9.1989,-10.5,10.4441,2029,1217.16,393
70734,Fellbach,48.8029,9.2837,-10.5,11.4989,1809,1085.16,312
70736,Fellbach,48.8379,9.2663,-10.5,11.1852,1846,1107.9,280
70771,Leinfelden-Echterdingen,48.6854,9.1485,-10.5,10.4441,2029,1217.16,432
70794,Filderstadt,48.6589,9.2167,-10.5,10.4441,2029,1217.16,383
70806,Kornwestheim,48.8659,9.1866,-10.5,11.1852,1846,1107.9,303
70825,Korntal-Münchingen,48.851,9.1056,-10.5,11.1852,1846,1107.9,309
70839,Gerlingen,48.7887,9.0594,-10.5,9.4767,2265,1359.18,469
71032,Böblingen,48.6852,9.0496,-10.5,9.4767,2265,1359.18,514
71034,Böblingen,48.6726,8.9941,-10.5,9.4767,2265,1359.18,462
71063,Sindelfingen,48.7033,8.989,-10.5,9.4767,2265,1359.18,444
71065,Sindelfingen,48.7144,9.0567,-10.5,9.4767,2265,1359.18,477
71067,Sindelfingen,48.7317,9.0321,-10.5,9.4767,2265,1359.18,521
71069,Sindelfingen,48.7153,8.9585,-10.5,9.4767,2265,1359.18,465
71083,Herrenberg,48.606,8.8393,-10.5,8.994,2398,1439.1,511
71088,Holzgerlingen,48.6424,9.0174,-10.5,9.4767,2265,1359.18,478
71093,"Weil im Schönbuch",48.617,9.0599,-10.5,10.4441,2029,1217.16,443
71101,Schönaich,48.6608,9.0676,-10.5,10.4441,2029,1217.16,423
71106,Magstadt,48.7451,8.9743,-10.5,9.4767,2265,1359.18,427
71111,Waldenbuch,48.6306,9.1301,-10.5,10.4441,2029,1217.16,396
71116,Gärtringen,48.6454,8.8936,-10.5,9.4767,2265,1359.18,484
71120,Grafenau,48.7111,8.9145,-10.5,9.4767,2265,1359.18,443
71126,Gäufelden,48.5575,8.8414,-10.5,8.994,2398,1439.1,471
71131,Jettingen,48.5759,8.7785,-10.5,8.994,2398,1439.1,583
71134,Aidlingen,48.6811,8.8797,-10.5,9.4767,2265,1359.18,492
71139,Ehningen,48.6559,8.9459,-10.5,9.4767,2265,1359.18,441
71144,Steinenbronn,48.6642,9.1175,-10.5,10.4441,2029,1217.16,419
71149,Bondorf,48.5225,8.8287,-10.5,8.994,2398,1439.1,465
71154,Nufringen,48.6203,8.8963,-10.5,9.4767,2265,1359.18,457
71155,Altdorf,48.6022,9.0031,-10.5,9.4767,2265,1359.18,564
71157,Hildrizhausen,48.6187,8.9628,-10.5,9.4767,2265,1359.18,498
71159,Mötzingen,48.5384,8.7811,-10.5,8.994,2398,1439.1,518
71229,Leonberg,48.7927,9.0004,-10.5,9.4767,2265,1359.18,386
71254,Ditzingen,48.8427,9.0234,-10.5,11.1852,1846,1107.9,360
71263,"Weil der Stadt",48.7697,8.854,-10.5,9.4767,2265,1359.18,388
71272,Renningen,48.7723,8.9253,-10.5,9.4767,2265,1359.18,403
71277,Rutesheim,48.811,8.9366,-10.5,9.4767,2265,1359.18,449
71282,Hemmingen,48.8687,9.0205,-10.5,10.8937,1919,1151.58,338
71287,Weissach,48.8433,8.9185,-10.5,9.4767,2265,1359.18,388
71292,Friolzheim,48.8339,8.836,-10.5,9.4767,2265,1359.18,447
71296,Heimsheim,48.8158,8.8669,-10.5,9.4767,2265,1359.18,468
71297,Mönsheim,48.8596,8.8709,-10.5,10.1934,2086,1251.84,404
71299,Wimsheim,48.8531,8.8159,-10.5,10.4595,2011,1206.54,437
71332,Waiblingen,48.8294,9.3027,-10.5,11.1852,1846,1107.9,265
71334,Waiblingen,48.8352,9.3357,-10.5,11.1852,1846,1107.9,281
71336,Waiblingen,48.868,9.3192,-10.5,11.1852,1846,1107.9,288
71364,Winnenden,48.8664,9.4138,-10.5,11.1852,1846,1107.9,307
71384,Weinstadt,48.807,9.3846,-10.5,11.4989,1809,1085.16,239
71394,"Kernen im Remstal",48.7916,9.3317,-10.5,11.4989,1809,1085.16,283
71397,Leutenbach,48.9011,9.3894,-10.5,11.1852,1846,1107.9,311
71404,Korb,48.8414,9.3758,-10.5,11.1852,1846,1107.9,343
71409,Schwaikheim,48.8758,9.3503,-10.5,11.1852,1846,1107.9,263
71522,Backnang,48.9401,9.4376,-10.5,9.603,2244,1346.22,298
71540,Murrhardt,48.9712,9.6095,-10.5,9.603,2244,1346.22,362
71543,Wüstenrot,49.0927,9.4706,-10.5,11.0107,1877,1126.02,494
71546,Aspach,48.9916,9.3912,-10.5,11.0107,1877,1126.02,305
71549,Auenwald,48.9518,9.5167,-10.5,9.603,2244,1346.22,378
71554,"Weissach im Tal",48.9216,9.4933,-10.5,9.603,2244,1346.22,281
71560,"Sulzbach an der Murr",49.012,9.512,-10.5,9.603,2244,1346.22,350
71563,Affalterbach,48.918,9.3435,-10.5,11.1852,1846,1107.9,286
71566,Althütte,48.9309,9.5742,-10.5,9.2038,2356,1413.36,506
71570,Oppenweiler,48.9928,9.4584,-10.5,9.603,2244,1346.22,306
71573,"Allmersbach im Tal",48.904,9.4674,-10.5,9.2038,2356,1413.36,293
71576,Burgstetten,48.9298,9.3885,-10.5,11.1852,1846,1107.9,307
71577,Großerlach,49.0339,9.5708,-10.5,9.603,2244,1346.22,549
71579,Spiegelberg,49.0501,9.4577,-10.5,9.603,2244,1346.22,434
71634,Ludwigsburg,48.9103,9.1742,-10.5,10.8937,1919,1151.58,272
71636,Ludwigsburg,48.892,9.171,-10.5,11.1852,1846,1107.9,307
71638,Ludwigsburg,48.8888,9.2106,-10.5,11.1852,1846,1107.9,311
71640,Ludwigsburg,48.8947,9.2274,-10.5,11.1852,1846,1107.9,289
71642,Ludwigsburg,48.9128,9.2436,-10.5,11.1852,1846,1107.9,264
71665,"Vaihingen an der Enz",48.9287,8.9703,-10.5,10.8937,1919,1151.58,224
71672,"Marbach am Neckar",48.9611,9.3271,-10.5,11.1852,1846,1107.9,287
71679,Asperg,48.906,9.1428,-10.5,10.8937,1919,1151.58,268
71686,"Remseck am Neckar",48.8765,9.2669,-10.5,11.1852,1846,1107.9,235
71691,"Freiberg am Neckar",48.9312,9.1887,-10.5,10.8937,1919,1151.58,235
71696,Möglingen,48.8786,9.1353,-10.5,11.1852,1846,1107.9,305
71701,Schwieberdingen,48.8753,9.0765,-10.5,10.8937,1919,1151.58,261
71706,Markgröningen,48.9121,9.0594,-10.5,10.8937,1919,1151.58,257
71711,"Steinheim an der Murr",48.9726,9.2724,-10.5,11.1852,1846,1107.9,217
71717,Beilstein,49.0543,9.3396,-10.5,11.0107,1877,1126.02,337
71720,Oberstenfeld,49.03,9.3579,-10.5,11.0107,1877,1126.02,295
71723,Großbottwar,49.0098,9.2818,-10.5,11.0107,1877,1126.02,230
71726,"Benningen am Neckar",48.9408,9.2383,-10.5,10.8937,1919,1151.58,254
71729,Erdmannhausen,48.9372,9.2978,-10.5,11.1852,1846,1107.9,304
71732,Tamm,48.9189,9.1191,-10.5,10.8937,1919,1151.58,259
71735,Eberdingen,48.8838,8.942,-10.5,10.1934,2086,1251.84,367
71737,"Kirchberg an der Murr",48.9481,9.3496,-10.5,11.1852,1846,1107.9,322
71739,Oberriexingen,48.9344,9.023,-10.5,10.8937,1919,1151.58,231
72070,Tübingen,48.5323,9.0095,-10.5,9.5937,2241,1344.54,453
72072,Tübingen,48.4904,9.0448,-10.5,9.5937,2241,1344.54,372
72074,Tübingen,48.5563,9.0944,-10.5,10.8101,1935,1160.76,458
72076,Tübingen,48.5427,9.0437,-10.5,10.8101,1935,1160.76,477
72108,"Rottenburg am Neckar",48.4631,8.9483,-10.5,9.5937,2241,1344.54,378
72116,Mössingen,48.3952,9.0917,-10.5,9.5937,2241,1344.54,543
72119,Ammerbuch,48.5574,8.9643,-10.5,9.5937,2241,1344.54,380
72124,Pliezhausen,48.5634,9.1681,-10.5,10.8101,1935,1160.76,386
72127,Kusterdingen,48.4925,9.1076,-10.5,10.8101,1935,1160.76,418
72131,Ofterdingen,48.423,9.0195,-10.5,9.5937,2241,1344.54,474
72135,Dettenhausen,48.5967,9.1014,-10.5,10.4441,2029,1217.16,457
72138,Kirchentellinsfurt,48.54,9.1417,-10.5,10.8101,1935,1160.76,378
72141,Walddorfhäslach,48.5882,9.17,-10.5,10.8101,1935,1160.76,419
72144,Dußlingen,48.4541,9.0484,-10.5,9.5937,2241,1344.54,418
72145,Hirrlingen,48.4116,8.8967,-10.5,9.5937,2241,1344.54,427
72147,Nehren,48.4324,9.0744,-10.5,9.5937,2241,1344.54,420
72149,Neustetten,48.4821,8.8582,-10.5,9.5937,2241,1344.54,467
72160,"Horb am Neckar",48.4464,8.659,-10.5,8.2197,2595,1557.18,577
72172,"Sulz am Neckar",48.3643,8.6126,-10.5,8.2197,2595,1557.18,553
72175,Dornhan,48.3527,8.5262,-10.5,8.2197,2595,1557.18,651
72178,Waldachtal,48.4854,8.5779,-10.5,8.2197,2595,1557.18,636
72181,Starzach,48.4311,8.8166,-10.5,9.5937,2241,1344.54,521
72184,"Eutingen im Gäu",48.4787,8.757,-10.5,8.994,2398,1439.1,462
72186,Empfingen,48.3954,8.7231,-10.5,9.3693,2299,1379.16,523
72189,Vöhringen,48.3235,8.6582,-10.5,9.3693,2299,1379.16,521
72202,Nagold,48.5369,8.722,-10.5,8.994,2398,1439.1,439
72213,Altensteig,48.5981,8.6029,-10.5,8.994,2398,1439.1,586
72218,Wildberg,48.6287,8.7619,-10.5,8.994,2398,1439.1,522
72221,Haiterbach,48.529,8.6499,-10.5,8.994,2398,1439.1,528
72224,Ebhausen,48.6056,8.6796,-10.5,8.994,2398,1439.1,539
72226,Simmersfeld,48.6211,8.5142,-10.5,8.994,2398,1439.1,736
72227,Egenhausen,48.5636,8.6197,-10.5,8.994,2398,1439.1,539
72229,Rohrdorf,48.5676,8.6862,-10.5,8.994,2398,1439.1,505
72250,Freudenstadt,48.4675,8.4253,-10.5,8.2197,2595,1557.18,702
72270,Baiersbronn,48.5358,8.3343,-10.5,8.2197,2595,1557.18,872
72275,Alpirsbach,48.352,8.3971,-10.5,8.2197,2595,1557.18,538
72280,Dornstetten,48.4763,8.5037,-10.5,8.2197,2595,1557.18,710
72285,Pfalzgrafenweiler,48.5261,8.5307,-10.5,8.2197,2595,1557.18,630
72290,Loßburg,48.4061,8.4703,-10.5,8.2197,2595,1557.18,617
72293,Glatten,48.4409,8.5222,-10.5,8.2197,2595,1557.18,660
72294,Grömbach,48.5694,8.5362,-10.5,8.994,2398,1439.1,644
72296,Schopfloch,48.4183,8.5538,-10.5,8.2197,2595,1557.18,672
72297,Seewald,48.585,8.4493,-10.5,8.2197,2595,1557.18,793
72299,Wörnersberg,48.5664,8.5696,-10.5,8.994,2398,1439.1,610
72336,Balingen,48.2614,8.8638,-10.5,9.3693,2299,1379.16,611
72348,Rosenfeld,48.2837,8.7177,-10.5,9.3693,2299,1379.16,642
72351,Geislingen,48.2944,8.7895,-10.5,9.3693,2299,1379.16,592
72355,Schömberg,48.2062,8.7586,-10.5,9.3693,2299,1379.16,685
72356,Dautmergen,48.2421,8.7482,-10.5,9.3693,2299,1379.16,657
72358,Dormettingen,48.2438,8.7739,-10.5,9.3693,2299,1379.16,647
72359,Dotternhausen,48.2252,8.7969,-10.5,9.3693,2299,1379.16,675
72361,"Hausen am Tann",48.2027,8.8362,-10.5,9.3693,2299,1379.16,792
72362,Nusplingen,48.1295,8.8987,-10.5,7.5937,2768,1661.04,892
72364,Obernheim,48.1613,8.8535,-10.5,7.5937,2768,1661.04,975
72365,Ratshausen,48.1936,8.8076,-10.5,9.3693,2299,1379.16,740
72367,"Weilen unter den Rinnen",48.1877,8.7745,-10.5,9.3693,2299,1379.16,720
72369,"Zimmern unter der Burg",48.22,8.7232,-10.5,8.7948,2471,1482.72,641
72379,Hechingen,48.35,8.9896,-10.5,9.5937,2241,1344.54,508
72393,Burladingen,48.3134,9.1166,-10.5,9.5937,2241,1344.54,868
72401,Haigerloch,48.3666,8.8041,-10.5,9.3693,2299,1379.16,428
72406,Bisingen,48.3091,8.9304,-10.5,9.5937,2241,1344.54,586
72411,Bodelshausen,48.3987,8.9706,-10.5,9.5937,2241,1344.54,472
72414,Rangendingen,48.38,8.8768,-10.5,9.5937,2241,1344.54,424
72415,Grosselfingen,48.3422,8.8769,-10.5,9.5937,2241,1344.54,560
72417,Jungingen,48.3261,9.0373,-10.5,9.5937,2241,1344.54,590
72419,Neufra,48.2436,9.1617,-10.5,8.4586,2557,1534.38,790
72458,Albstadt,48.1979,9.0261,-10.5,8.4586,2557,1534.38,906
72459,Albstadt,48.2307,8.9542,-10.5,8.4586,2557,1534.38,814
72461,Albstadt,48.2612,9.0176,-10.5,8.4586,2557,1534.38,837
72469,Meßstetten,48.156,8.9594,-10.5,7.5937,2768,1661.04,968
72474,Winterlingen,48.1896,9.1395,-10.5,8.4586,2557,1534.38,756
72475,Bitz,48.2411,9.0928,-10.5,8.4586,2557,1534.38,876
72477,Schwenningen,48.1126,8.9961,-10.5,7.5937,2768,1661.04,846
72479,Straßberg,48.1717,9.0833,-10.5,8.4586,2557,1534.38,761
72488,Sigmaringen,48.1114,9.1893,-10.5,8.4871,2574,1544.52,735
72501,Gammertingen,48.2557,9.2809,-10.5,8.8293,2477,1486.14,760
72505,Krauchenwies,48.0097,9.233,-10.5,8.4871,2574,1544.52,596
72510,"Stetten am kalten Markt",48.1244,9.074,-10.5,8.4871,2574,1544.52,801
72511,Bingen,48.1169,9.2789,-10.5,8.4871,2574,1544.52,626
72513,Hettingen,48.194,9.2766,-10.5,8.8293,2477,1486.14,810
72514,Inzigkofen,48.0539,9.1519,-10.5,8.4871,2574,1544.52,667
72516,Scheer,48.0798,9.308,-10.5,8.4871,2574,1544.52,647
72517,Sigmaringendorf,48.0719,9.2622,-10.5,8.4871,2574,1544.52,616
72519,Veringenstadt,48.1789,9.2126,-10.5,8.4871,2574,1544.52,657
72525,Münsingen,48.4329,9.5259,-10.5,8.0521,2656,1593.84,835
72531,Hohenstein,48.3401,9.3512,-10.5,8.0521,2656,1593.84,792
72532,Gomadingen,48.3894,9.4069,-10.5,8.0521,2656,1593.84,713
72534,Hayingen,48.2937,9.4659,-10.5,8.0521,2656,1593.84,694
72535,Heroldstatt,48.4472,9.6647,-10.5,8.103,2656,1593.72,759
72537,Mehrstetten,48.3743,9.5622,-10.5,8.0521,2656,1593.84,756
72539,Pfronstetten,48.2666,9.3829,-10.5,8.8293,2477,1486.14,742
72555,Metzingen,48.5307,9.2902,-10.5,10.8101,1935,1160.76,358
72574,"Bad Urach",48.4808,9.4295,-10.5,8.0521,2656,1593.84,729
72581,"Dettingen an der Erms",48.5278,9.3539,-10.5,10.8101,1935,1160.76,402
72582,Grabenstetten,48.5281,9.4551,-10.5,10.8101,1935,1160.76,714
72584,Hülben,48.526,9.4116,-10.5,10.8101,1935,1160.76,707
72585,Riederich,48.5599,9.2627,-10.5,10.8101,1935,1160.76,324
72587,Römerstein,48.5007,9.5543,-10.5,8.0521,2656,1593.84,805
72589,Westerheim,48.5146,9.615,-10.5,8.103,2656,1593.72,788
72622,Nürtingen,48.6258,9.3338,-10.5,10.4441,2029,1217.16,276
72631,Aichtal,48.6201,9.1862,-10.5,10.4441,2029,1217.16,471
72636,Frickenhausen,48.5896,9.3635,-10.5,10.8101,1935,1160.76,331
72639,Neuffen,48.5541,9.3736,-10.5,10.8101,1935,1160.76,416
72644,Oberboihingen,48.6435,9.3775,-10.5,10.143,2102,1261.02,315
72649,Wolfschlugen,48.6556,9.2839,-10.5,10.4441,2029,1217.16,378
72654,Neckartenzlingen,48.5888,9.2405,-10.5,10.8101,1935,1160.76,293
72655,Altdorf,48.5933,9.2744,-10.5,10.8101,1935,1160.76,355
72657,Altenriet,48.5915,9.2157,-10.5,10.8101,1935,1160.76,421
72658,Bempflingen,48.5761,9.2728,-10.5,10.8101,1935,1160.76,336
72660,Beuren,48.5752,9.4054,-10.5,10.8101,1935,1160.76,470
72661,Grafenberg,48.5688,9.3058,-10.5,10.8101,1935,1160.76,429
72663,Großbettlingen,48.5899,9.3084,-10.5,10.8101,1935,1160.76,356
72664,Kohlberg,48.5617,9.3326,-10.5,10.8101,1935,1160.76,447
72666,Neckartailfingen,48.6118,9.2699,-10.5,10.8101,1935,1160.76,289
72667,Schlaitdorf,48.6067,9.2141,-10.5,10.8101,1935,1160.76,442
72669,Unterensingen,48.6611,9.3449,-10.5,10.143,2102,1261.02,298
72760,Reutlingen,48.5125,9.2039,-10.5,10.8101,1935,1160.76,413
72762,Reutlingen,48.482,9.19,-10.5,10.8101,1935,1160.76,403
72764,Reutlingen,48.4893,9.2209,-10.5,10.8101,1935,1160.76,391
72766,Reutlingen,48.5154,9.2342,-10.5,10.8101,1935,1160.76,394
72768,Reutlingen,48.5393,9.1952,-10.5,10.8101,1935,1160.76,391
72770,Reutlingen,48.4643,9.1552,-10.5,10.8101,1935,1160.76,498
72793,Pfullingen,48.4581,9.2309,-10.5,10.8101,1935,1160.76,448
72800,"Eningen unter Achalm",48.4818,9.274,-10.5,10.8101,1935,1160.76,588
72805,Lichtenstein,48.4218,9.2697,-10.5,10.8101,1935,1160.76,710
72810,Gomaringen,48.454,9.1022,-10.5,9.5937,2241,1344.54,420
72813,"Sankt Johann",48.4462,9.3516,-10.5,10.8101,1935,1160.76,753
72818,Trochtelfingen,48.3166,9.2545,-10.5,8.0521,2656,1593.84,746
72820,Sonnenbühl,48.387,9.2024,-10.5,9.5937,2241,1344.54,752
72827,Wannweil,48.5155,9.1535,-10.5,10.8101,1935,1160.76,330
72829,Engstingen,48.3843,9.3014,-10.5,8.0521,2656,1593.84,707
73033,Göppingen,48.7066,9.6557,-10.5,10.143,2102,1261.02,333
73035,Göppingen,48.6945,9.6247,-10.5,10.143,2102,1261.02,342
73037,Göppingen,48.6777,9.6847,-10.5,8.5123,2547,1528.08,382
73054,"Eislingen / Fils",48.7074,9.716,-10.5,8.5123,2547,1528.08,373
73061,"Ebersbach an der Fils",48.7132,9.5162,-10.5,10.143,2102,1261.02,278
73066,Uhingen,48.7244,9.5715,-10.5,10.143,2102,1261.02,385
73072,Donzdorf,48.69,9.8174,-10.5,8.5123,2547,1528.08,423
73079,Süßen,48.6717,9.7425,-10.5,8.5123,2547,1528.08,372
73084,Salach,48.6984,9.7553,-10.5,8.5123,2547,1528.08,436
73087,Boll,48.6371,9.6073,-10.5,10.143,2102,1261.02,429
73092,Heiningen,48.666,9.6485,-10.5,10.143,2102,1261.02,391
73095,Albershausen,48.6896,9.5587,-10.5,10.143,2102,1261.02,372
73098,Rechberghausen,48.7342,9.6391,-10.5,10.143,2102,1261.02,351
73099,Adelberg,48.76,9.5993,-10.5,10.143,2102,1261.02,468
73101,Aichelberg,48.6349,9.5667,-10.5,10.143,2102,1261.02,465
73102,Birenbach,48.7522,9.6611,-10.5,10.111,2098,1258.86,426
73104,Börtlingen,48.7594,9.6355,-10.5,10.143,2102,1261.02,464
73105,Dürnau,48.6397,9.6349,-10.5,10.143,2102,1261.02,428
73107,Eschenbach,48.6535,9.6762,-10.5,8.5123,2547,1528.08,404
73108,Gammelshausen,48.641,9.6516,-10.5,10.143,2102,1261.02,434
73110,Hattenhofen,48.6678,9.5704,-10.5,10.143,2102,1261.02,377
73111,Lauterstein,48.7086,9.8956,-10.5,8.5123,2547,1528.08,736
73113,Ottenbach,48.7352,9.7531,-10.5,10.111,2098,1258.86,392
73114,Schlat,48.6524,9.7065,-10.5,8.5123,2547,1528.08,419
73116,Wäschenbeuren,48.7604,9.6913,-10.5,10.111,2098,1258.86,431
73117,Wangen,48.7324,9.6064,-10.5,10.143,2102,1261.02,411
73119,"Zell unter Aichelberg",48.647,9.5769,-10.5,10.143,2102,1261.02,398
73207,Plochingen,48.7178,9.4214,-10.5,10.143,2102,1261.02,366
73230,"Kirchheim unter Teck",48.6477,9.461,-10.5,10.143,2102,1261.02,310
73235,"Weilheim an der Teck",48.6112,9.5508,-10.5,10.143,2102,1261.02,402
73240,"Wendlingen am Neckar",48.6701,9.39,-10.5,10.143,2102,1261.02,270
73249,"Wernau (Neckar)",48.6864,9.4271,-10.5,10.143,2102,1261.02,284
73252,Lenningen,48.5396,9.5005,-10.5,10.143,2102,1261.02,708
73257,Köngen,48.6863,9.3535,-10.5,10.143,2102,1261.02,308
73262,"Reichenbach an der Fils",48.7161,9.4672,-10.5,10.143,2102,1261.02,341
73265,"Dettingen unter Teck",48.6156,9.4507,-10.5,10.143,2102,1261.02,354
73266,"Bissingen an der Teck",48.5811,9.5029,-10.5,10.143,2102,1261.02,792
73268,Erkenbrechtsweiler,48.5525,9.4329,-10.5,10.8101,1935,1160.76,688
73269,Hochdorf,48.6941,9.4674,-10.5,10.143,2102,1261.02,280
73271,Holzmaden,48.6352,9.5214,-10.5,10.143,2102,1261.02,379
73272,Neidlingen,48.5767,9.5618,-10.5,10.143,2102,1261.02,496
73274,Notzingen,48.6731,9.4613,-10.5,10.143,2102,1261.02,330
73275,Ohmden,48.65,9.5328,-10.5,10.143,2102,1261.02,375
73277,Owen,48.5848,9.4386,-10.5,10.143,2102,1261.02,430
73278,Schlierbach,48.6747,9.5225,-10.5,10.143,2102,1261.02,363
73312,"Geislingen an der Steige",48.6188,9.8558,-10.5,8.5123,2547,1528.08,643
73326,Deggingen,48.6103,9.7208,-10.5,8.103,2656,1593.72,750
73329,Kuchen,48.6377,9.7957,-10.5,8.5123,2547,1528.08,401
73333,"Gingen an der Fils",48.6576,9.7704,-10.5,8.5123,2547,1528.08,417
73337,"Bad Überkingen",48.6141,9.7668,-10.5,8.5123,2547,1528.08,586
73340,Amstetten,48.5967,9.9137,-10.5,8.5123,2547,1528.08,673
73342,"Bad Ditzenbach",48.5785,9.6903,-10.5,8.103,2656,1593.72,544
73344,Gruibingen,48.6007,9.6302,-10.5,8.103,2656,1593.72,721
73345,Hohenstadt,48.5434,9.6724,-10.5,8.103,2656,1593.72,788
73347,"Mühlhausen im Täle",48.571,9.6513,-10.5,8.103,2656,1593.72,603
73349,Wiesensteig,48.562,9.6116,-10.5,8.103,2656,1593.72,598
73430,Aalen,48.8427,10.0818,-10.5,9.3534,2335,1400.82,452
73431,Aalen,48.82,10.0876,-10.5,10.111,2098,1258.86,512
73432,Aalen,48.8137,10.1761,-10.5,9.3534,2335,1400.82,650
73433,Aalen,48.8677,10.113,-10.5,9.3534,2335,1400.82,472
73434,Aalen,48.8646,10.0294,-10.5,10.111,2098,1258.86,494
73441,Bopfingen,48.8521,10.3448,-10.5,9.6633,2252,1351.38,533
73447,Oberkochen,48.7821,10.0998,-10.5,10.111,2098,1258.86,510
73450,Neresheim,48.7759,10.3287,-10.5,9.6633,2252,1351.38,565
73453,Abtsgmünd,48.91,9.9707,-10.5,9.3534,2335,1400.82,429
73457,Essingen,48.7925,10.0207,-10.5,10.111,2098,1258.86,589
73460,Hüttlingen,48.9009,10.0918,-10.5,9.3534,2335,1400.82,490
73463,Westhausen,48.8848,10.1958,-10.5,9.3534,2335,1400.82,467
73466,Lauchheim,48.8634,10.2492,-10.5,9.3534,2335,1400.82,554
73467,"Kirchheim am Ries",48.8762,10.399,-10.5,9.6633,2252,1351.38,503
73469,Riesbürg,48.8209,10.4237,-10.5,9.6633,2252,1351.38,558
73479,"Ellwangen (Jagst)",48.9445,10.2257,-10.5,9.3534,2335,1400.82,461
73485,Unterschneidheim,48.9389,10.3773,-10.5,9.6633,2252,1351.38,495
73486,Adelmannsfelden,48.9662,9.9728,-10.5,9.3534,2335,1400.82,456
73488,Ellenberg,49.0052,10.2185,-10.5,9.3534,2335,1400.82,537
73489,Jagstzell,49.0257,10.1314,-10.5,9.3534,2335,1400.82,471
73491,Neuler,48.9311,10.052,-10.5,9.3534,2335,1400.82,483
73492,Rainau,48.9198,10.1426,-10.5,9.3534,2335,1400.82,447
73494,Rosenberg,49.0151,10.0248,-10.5,9.3534,2335,1400.82,479
73495,Stödtlen,48.998,10.3046,-10.5,9.3534,2335,1400.82,475
73497,Tannhausen,48.9762,10.3521,-10.5,9.3534,2335,1400.82,509
73499,Wört,49.0288,10.2654,-10.5,9.3534,2335,1400.82,467
73525,"Schwäbisch Gmünd",48.7974,9.7999,-10.5,10.111,2098,1258.86,328
73527,"Schwäbisch Gmünd",48.8263,9.8312,-10.5,10.111,2098,1258.86,391
73529,"Schwäbisch Gmünd",48.7786,9.8762,-10.5,10.111,2098,1258.86,439
73540,Heubach,48.7835,9.9413,-10.5,10.111,2098,1258.86,585
73547,Lorch,48.7992,9.6768,-10.5,9.2038,2356,1413.36,313
73550,Waldstetten,48.7518,9.831,-10.5,10.111,2098,1258.86,430
73553,Alfdorf,48.8615,9.7057,-10.5,9.2038,2356,1413.36,480
73557,Mutlangen,48.8299,9.7939,-10.5,10.111,2098,1258.86,457
73560,"Böbingen an der Rems",48.8171,9.9198,-10.5,10.111,2098,1258.86,404
73563,Mögglingen,48.8275,9.9629,-10.5,10.111,2098,1258.86,428
73565,Spraitbach,48.8838,9.7666,-10.5,9.2038,2356,1413.36,539
73566,Bartholomä,48.7439,9.988,-10.5,10.111,2098,1258.86,654
73568,Durlangen,48.8589,9.7896,-10.5,9.2038,2356,1413.36,499
73569,Eschach,48.9015,9.8475,-10.5,9.2038,2356,1413.36,526
73571,Göggingen,48.8602,9.8916,-10.5,10.111,2098,1258.86,489
73572,Heuchlingen,48.8504,9.9513,-10.5,10.111,2098,1258.86,421
73574,Iggingen,48.8321,9.8797,-10.5,10.111,2098,1258.86,466
73575,Leinzell,48.8491,9.8711,-10.5,10.111,2098,1258.86,402
73577,Ruppertshofen,48.8865,9.8101,-10.5,9.2038,2356,1413.36,515
73579,Schechingen,48.8734,9.9266,-10.5,10.111,2098,1258.86,497
73614,Schorndorf,48.7938,9.5289,-10.5,10.143,2102,1261.02,305
73630,Remshalden,48.8149,9.4344,-10.5,10.143,2102,1261.02,280
73635,Rudersberg,48.8781,9.5406,-10.5,9.2038,2356,1413.36,304
73642,Welzheim,48.8711,9.6183,-10.5,9.2038,2356,1413.36,489
73650,Winterbach,48.792,9.4716,-10.5,10.143,2102,1261.02,344
73655,Plüderhausen,48.8081,9.6181,-10.5,9.2038,2356,1413.36,416
73660,Urbach,48.8237,9.5805,-10.5,9.2038,2356,1413.36,312
73663,Berglen,48.8448,9.466,-10.5,9.2038,2356,1413.36,363
73666,Baltmannsweiler,48.7503,9.4442,-10.5,10.143,2102,1261.02,450
73667,Kaisersbach,48.9199,9.6623,-10.5,9.2038,2356,1413.36,523
73669,Lichtenwald,48.7461,9.4835,-10.5,10.143,2102,1261.02,461
73728,"Esslingen am Neckar",48.7413,9.3087,-10.5,10.4441,2029,1217.16,243
73730,"Esslingen am Neckar",48.7297,9.3521,-10.5,10.143,2102,1261.02,338
73732,"Esslingen am Neckar",48.7559,9.3253,-10.5,11.4989,1809,1085.16,383
73733,"Esslingen am Neckar",48.7567,9.2877,-10.5,11.4989,1809,1085.16,396
73734,"Esslingen am Neckar",48.7167,9.3203,-10.5,10.4441,2029,1217.16,343
73760,Ostfildern,48.7163,9.2607,-10.5,10.4441,2029,1217.16,363
73765,"Neuhausen auf den Fildern",48.6807,9.2764,-10.5,10.4441,2029,1217.16,328
73770,Denkendorf,48.6919,9.3169,-10.5,10.4441,2029,1217.16,278
73773,Aichwald,48.7583,9.3944,-10.5,10.143,2102,1261.02,452
73776,Altbach,48.7256,9.38,-10.5,10.143,2102,1261.02,264
73779,Deizisau,48.7097,9.3859,-10.5,10.143,2102,1261.02,275
74072,Heilbronn,49.1403,9.2174,-10.5,11.0107,1877,1126.02,166
74074,Heilbronn,49.1263,9.2576,-10.5,11.0107,1877,1126.02,229
74076,Heilbronn,49.1583,9.2286,-10.5,11.0107,1877,1126.02,183
74078,Heilbronn,49.1853,9.1439,-10.5,11.0107,1877,1126.02,216
74080,Heilbronn,49.1354,9.1778,-10.5,11.0107,1877,1126.02,194
74081,Heilbronn,49.1093,9.1642,-10.5,11.0107,1877,1126.02,167
74172,Neckarsulm,49.1964,9.2419,-10.5,11.0107,1877,1126.02,189
74177,"Bad Friedrichshall",49.2361,9.2111,-10.5,11.0107,1877,1126.02,185
74182,Obersulm,49.139,9.3692,-10.5,11.0107,1877,1126.02,211
74189,Weinsberg,49.146,9.2914,-10.5,11.0107,1877,1126.02,198
74193,Schwaigern,49.1432,9.041,-10.5,10.646,1967,1180.26,206
74196,"Neuenstadt am Kocher",49.2426,9.3228,-10.5,11.0107,1877,1126.02,180
74199,Untergruppenbach,49.0944,9.3191,-10.5,11.0107,1877,1126.02,286
74206,"Bad Wimpfen",49.2294,9.1404,-10.5,10.7852,1941,1164.54,224
74211,Leingarten,49.1469,9.1131,-10.5,11.0107,1877,1126.02,175
74214,Schöntal,49.345,9.5329,-10.5,9.9534,2153,1291.56,241
74219,Möckmühl,49.3179,9.3597,-10.5,11.0112,1892,1135.02,173
74223,Flein,49.0983,9.2263,-10.5,11.0107,1877,1126.02,218
74226,Nordheim,49.1115,9.1122,-10.5,10.8937,1919,1151.58,192
74229,Oedheim,49.2373,9.2672,-10.5,11.0107,1877,1126.02,207
74232,Abstatt,49.0717,9.2982,-10.5,11.0107,1877,1126.02,248
74235,Erlenbach,49.1781,9.2673,-10.5,11.0107,1877,1126.02,206
74238,Krautheim,49.3899,9.6369,-10.5,9.9534,2153,1291.56,311
74239,"Hardthausen am Kocher",49.266,9.3924,-10.5,11.0112,1892,1135.02,263
74243,Langenbrettach,49.2172,9.3959,-10.5,11.0112,1892,1135.02,185
74245,Löwenstein,49.0958,9.3909,-10.5,11.0107,1877,1126.02,358
74246,Eberstadt,49.1825,9.3257,-10.5,11.0107,1877,1126.02,195
74248,Ellhofen,49.145,9.3197,-10.5,11.0107,1877,1126.02,191
74249,Jagsthausen,49.3105,9.458,-10.5,11.0112,1892,1135.02,204
74251,Lehrensteinsfeld,49.1243,9.3233,-10.5,11.0107,1877,1126.02,228
74252,Massenbachhausen,49.1819,9.0356,-10.5,10.646,1967,1180.26,236
74254,Offenau,49.2452,9.1692,-10.5,11.0107,1877,1126.02,161
74255,Roigheim,49.3671,9.3304,-10.5,9.5115,2283,1369.92,299
74257,Untereisesheim,49.2111,9.1964,-10.5,11.0107,1877,1126.02,184
74259,Widdern,49.3234,9.4186,-10.5,11.0112,1892,1135.02,253
74321,Bietigheim-Bissingen,48.9582,9.1191,-10.5,10.8937,1919,1151.58,197
74336,Brackenheim,49.0767,9.0765,-10.5,10.8937,1919,1151.58,208
74343,Sachsenheim,49.0012,9.0142,-10.5,10.8937,1919,1151.58,242
74348,"Lauffen am Neckar",49.0772,9.1474,-10.5,10.8937,1919,1151.58,167
74354,Besigheim,48.9931,9.1587,-10.5,10.8937,1919,1151.58,215
74357,Bönnigheim,49.0382,9.0876,-10.5,10.8937,1919,1151.58,223
74360,Ilsfeld,49.0557,9.2544,-10.5,11.0107,1877,1126.02,229
74363,Güglingen,49.0652,9.0012,-10.5,10.8937,1919,1151.58,203
74366,"Kirchheim am Neckar",49.0425,9.1416,-10.5,10.8937,1919,1151.58,176
74369,Löchgau,48.9953,9.0979,-10.5,10.8937,1919,1151.58,267
74372,Sersheim,48.9646,9.018,-10.5,10.8937,1919,1151.58,231
74374,Zaberfeld,49.0624,8.9083,-10.5,10.1934,2086,1251.84,255
74376,Gemmrigheim,49.0256,9.1693,-10.5,10.8937,1919,1151.58,256
74379,Ingersheim,48.9675,9.1837,-10.5,10.8937,1919,1151.58,248
74382,Neckarwestheim,49.0444,9.1976,-10.5,10.8937,1919,1151.58,279
74385,Pleidelsheim,48.9607,9.2118,-10.5,10.8937,1919,1151.58,195
74388,Talheim,49.0842,9.2013,-10.5,11.0107,1877,1126.02,241
74389,Cleebronn,49.0449,9.0274,-10.5,10.8937,1919,1151.58,246
74391,Erligheim,49.0176,9.0905,-10.5,10.8937,1919,1151.58,262
74392,Freudental,49.0107,9.0556,-10.5,10.8937,1919,1151.58,292
74394,Hessigheim,48.9978,9.1843,-10.5,10.8937,1919,1151.58,215
74395,Mundelsheim,49.005,9.2293,-10.5,10.8937,1919,1151.58,282
74397,Pfaffenhofen,49.0574,8.9608,-10.5,10.1934,2086,1251.84,225
74399,Walheim,49.0152,9.1355,-10.5,10.8937,1919,1151.58,261
74405,Gaildorf,49.0147,9.7816,-10.5,9.2038,2356,1413.36,497
74417,Gschwend,48.9327,9.7389,-10.5,9.2038,2356,1413.36,476
74420,Oberrot,49.0182,9.6715,-10.5,9.603,2244,1346.22,378
74423,Obersontheim,49.047,9.8542,-10.5,9.5444,2268,1360.92,391
74424,Bühlertann,49.032,9.9221,-10.5,9.3534,2335,1400.82,416
74426,Bühlerzell,48.9857,9.9252,-10.5,9.3534,2335,1400.82,440
74427,Fichtenberg,48.983,9.7073,-10.5,9.2038,2356,1413.36,354
74429,Sulzbach-Laufen,48.9602,9.8563,-10.5,9.2038,2356,1413.36,453
74523,"Schwäbisch Hall",49.119,9.7844,-10.5,9.5444,2268,1360.92,397
74532,Ilshofen,49.1597,9.9227,-10.5,9.5444,2268,1360.92,422
74535,Mainhardt,49.0853,9.569,-10.5,9.603,2244,1346.22,469
74538,Rosengarten,49.056,9.7112,-10.5,9.603,2244,1346.22,365
74541,Vellberg,49.12,9.9091,-10.5,9.5444,2268,1360.92,400
74542,Braunsbach,49.2054,9.7906,-10.5,9.5444,2268,1360.92,428
74544,"Michelbach an der Bilz",49.0627,9.768,-10.5,9.603,2244,1346.22,416
74545,Michelfeld,49.1108,9.6655,-10.5,9.603,2244,1346.22,365
74547,Untermünkheim,49.1654,9.7267,-10.5,11.0112,1892,1135.02,399
74549,Wolpertshausen,49.1627,9.8533,-10.5,9.5444,2268,1360.92,435
74564,Crailsheim,49.117,10.0663,-10.5,9.5444,2268,1360.92,417
74572,Blaufelden,49.3068,9.9174,-10.5,9.5956,2265,1358.94,490
74575,Schrozberg,49.3432,10.0156,-10.5,9.5956,2265,1358.94,486
74579,Fichtenau,49.0715,10.2113,-10.5,9.3534,2335,1400.82,506
74582,Gerabronn,49.251,9.9211,-10.5,9.5444,2268,1360.92,467
74585,"Rot am See",49.2726,10.0862,-10.5,9.5444,2268,1360.92,423
74586,Frankenhardt,49.0786,9.9868,-10.5,9.5444,2268,1360.92,438
74589,Satteldorf,49.1877,10.0858,-10.5,9.5444,2268,1360.92,431
74592,"Kirchberg an der Jagst",49.2,9.9644,-10.5,9.5444,2268,1360.92,374
74594,Kreßberg,49.127,10.1901,-10.5,9.0701,2411,1446.42,464
74595,Langenburg,49.2616,9.8515,-10.5,9.5444,2268,1360.92,457
74597,Stimpfach,49.0716,10.126,-10.5,9.3534,2335,1400.82,508
74599,Wallhausen,49.2261,10.0978,-10.5,9.5444,2268,1360.92,459
74613,Öhringen,49.208,9.4747,-10.5,11.0112,1892,1135.02,251
74626,Bretzfeld,49.1742,9.4237,-10.5,11.0107,1877,1126.02,216
74629,Pfedelbach,49.1479,9.534,-10.5,11.0112,1892,1135.02,349
74632,Neuenstein,49.2186,9.5955,-10.5,11.0112,1892,1135.02,313
74635,Kupferzell,49.2197,9.6957,-10.5,9.9534,2153,1291.56,332
74638,Waldenburg,49.1685,9.6396,-10.5,11.0112,1892,1135.02,472
74639,Zweiflingen,49.2566,9.5093,-10.5,11.0112,1892,1135.02,315
74653,Künzelsau,49.3022,9.7128,-10.5,9.9534,2153,1291.56,407
74670,Forchtenberg,49.2928,9.5496,-10.5,11.0112,1892,1135.02,215
74673,Mulfingen,49.343,9.8068,-10.5,9.9534,2153,1291.56,325
74676,Niedernhall,49.277,9.6133,-10.5,9.9534,2153,1291.56,359
74677,Dörzbach,49.3782,9.7136,-10.5,9.9534,2153,1291.56,241
74679,Weißbach,49.3152,9.599,-10.5,9.9534,2153,1291.56,253
74706,Osterburken,49.4502,9.4112,-10.5,9.5115,2283,1369.92,311
74722,"Buchen (Odenwald)",49.5124,9.3238,-10.5,9.5115,2283,1369.92,342
74731,Walldürn,49.6071,9.3445,-10.5,9.5115,2283,1369.92,412
74736,Hardheim,49.6135,9.4809,-10.5,9.5115,2283,1369.92,287
74740,Adelsheim,49.3915,9.3953,-10.5,9.5115,2283,1369.92,225
74743,Seckach,49.4392,9.3252,-10.5,9.5115,2283,1369.92,321
74744,Ahorn,49.4886,9.5373,-10.5,9.5115,2283,1369.92,387
74746,Höpfingen,49.5899,9.4279,-10.5,9.5115,2283,1369.92,433
74747,Ravenstein,49.4097,9.5404,-10.5,9.9534,2153,1291.56,321
74749,Rosenberg,49.4675,9.4749,-10.5,9.5115,2283,1369.92,296
74821,Mosbach,49.3734,9.1332,-10.5,10.7852,1941,1164.54,289
74831,Gundelsheim,49.2953,9.1893,-10.5,10.7852,1941,1164.54,269
74834,Elztal,49.4038,9.2108,-10.5,9.5115,2283,1369.92,255
74838,Limbach,49.4715,9.2025,-10.5,9.5115,2283,1369.92,476
74842,Billigheim,49.3403,9.2412,-10.5,9.5115,2283,1369.92,273
74847,Obrigheim,49.3444,9.0598,-10.5,10.7852,1941,1164.54,246
74850,Schefflenz,49.4057,9.2894,-10.5,9.5115,2283,1369.92,313
74855,Haßmersheim,49.3031,9.1201,-10.5,10.7852,1941,1164.54,178
74858,Aglasterhausen,49.3539,9.0022,-10.5,10.7852,1941,1164.54,217
74861,Neudenau,49.3033,9.2884,-10.5,11.0112,1892,1135.02,266
74862,Binau,49.3757,9.0799,-10.5,10.7852,1941,1164.54,239
74864,Fahrenbach,49.4347,9.1666,-10.5,9.5115,2283,1369.92,359
74865,Neckarzimmern,49.3211,9.1487,-10.5,10.7852,1941,1164.54,327
74867,Neunkirchen,49.3926,9.0223,-10.5,10.7852,1941,1164.54,316
74869,Schwarzach,49.3858,8.9856,-10.5,10.7852,1941,1164.54,289
74889,Sinsheim,49.2359,8.8675,-10.5,10.7852,1941,1164.54,186
74906,"Bad Rappenau",49.2339,9.0495,-10.5,10.7852,1941,1164.54,268
74909,Meckesheim,49.3296,8.8262,-10.5,10.7852,1941,1164.54,207
74912,Kirchardt,49.2006,8.9895,-10.5,10.646,1967,1180.26,231
74915,Waibstadt,49.2931,8.9104,-10.5,10.7852,1941,1164.54,209
74918,Angelbachtal,49.2222,8.7693,-10.5,10.646,1967,1180.26,194
74921,Helmstadt-Bargen,49.318,9.0002,-10.5,10.7852,1941,1164.54,210
74924,Neckarbischofsheim,49.2858,8.9815,-10.5,10.7852,1941,1164.54,193
74925,Epfenbach,49.3416,8.9175,-10.5,10.7852,1941,1164.54,234
74927,Eschelbronn,49.3189,8.8641,-10.5,10.7852,1941,1164.54,168
74928,Hüffenhardt,49.2996,9.0763,-10.5,10.7852,1941,1164.54,307
74930,Ittlingen,49.1938,8.9278,-10.5,10.646,1967,1180.26,209
74931,Lobbach,49.3816,8.895,-10.5,10.7852,1941,1164.54,285
74933,Neidenstein,49.3179,8.8931,-10.5,10.7852,1941,1164.54,161
74934,Reichartshausen,49.3596,8.9412,-10.5,10.7852,1941,1164.54,255
74936,Siegelsbach,49.2688,9.088,-10.5,10.7852,1941,1164.54,276
74937,Spechbach,49.3528,8.8868,-10.5,10.7852,1941,1164.54,217
74939,Zuzenhausen,49.2997,8.8216,-10.5,10.7852,1941,1164.54,145
75015,Bretten,49.03,8.7029,-10.5,10.4595,2011,1206.54,170
75031,Eppingen,49.1423,8.9057,-10.5,10.646,1967,1180.26,197
75038,Oberderdingen,49.0699,8.7888,-10.5,10.646,1967,1180.26,196
75045,Walzbachtal,49.0236,8.6026,-10.5,10.4595,2011,1206.54,223
75050,Gemmingen,49.1539,8.9787,-10.5,10.646,1967,1180.26,218
75053,Gondelsheim,49.0576,8.6438,-10.5,10.4595,2011,1206.54,164
75056,Sulzfeld,49.1084,8.8594,-10.5,10.646,1967,1180.26,190
75057,Kürnbach,49.0777,8.8463,-10.5,10.646,1967,1180.26,193
75059,Zaisenhausen,49.1072,8.8114,-10.5,10.646,1967,1180.26,195
75172,Pforzheim,48.8914,8.684,-10.5,10.4595,2011,1206.54,265
75173,Pforzheim,48.8822,8.6898,-10.5,10.4595,2011,1206.54,306
75175,Pforzheim,48.8829,8.7159,-10.5,10.4595,2011,1206.54,323
75177,Pforzheim,48.9099,8.7073,-10.5,10.4595,2011,1206.54,349
75179,Pforzheim,48.9001,8.6539,-10.5,10.4595,2011,1206.54,346
75180,Pforzheim,48.8551,8.6576,-10.5,10.4595,2011,1206.54,470
75181,Pforzheim,48.8522,8.7194,-10.5,10.4595,2011,1206.54,440
75196,Remchingen,48.9421,8.5718,-10.5,10.4595,2011,1206.54,158
75203,Königsbach-Stein,48.9701,8.6358,-10.5,10.4595,2011,1206.54,240
75210,Keltern,48.8966,8.5587,-10.5,10.4595,2011,1206.54,196
75217,Birkenfeld,48.867,8.6006,-10.5,10.4595,2011,1206.54,332
75223,Niefern-+schelbronn,48.9085,8.7997,-10.5,10.4595,2011,1206.54,376
75228,Ispringen,48.9202,8.6709,-10.5,10.4595,2011,1206.54,330
75233,Tiefenbronn,48.8145,8.8206,-10.5,9.4767,2265,1359.18,415
75236,Kämpfelbach,48.932,8.6272,-10.5,10.4595,2011,1206.54,255
75239,Eisingen,48.942,8.6763,-10.5,10.4595,2011,1206.54,301
75242,Neuhausen,48.8124,8.7655,-10.5,9.4767,2265,1359.18,501
75245,Neulingen,48.9722,8.7141,-10.5,10.4595,2011,1206.54,304
75248,Ölbronn-Dürrn,48.98,8.7579,-10.5,10.4595,2011,1206.54,279
75249,Kieselbronn,48.9346,8.7517,-10.5,10.4595,2011,1206.54,363
75305,Neuenbürg,48.835,8.5815,-10.5,10.4595,2011,1206.54,501
75323,"Bad Wildbad im Schwarzwald",48.7257,8.519,-10.5,8.994,2398,1439.1,812
75328,Schömberg,48.7948,8.6345,-10.5,10.4595,2011,1206.54,675
75331,Engelsbrand,48.8267,8.6511,-10.5,10.4595,2011,1206.54,579
75334,Straubenhardt,48.8419,8.5246,-10.5,10.4595,2011,1206.54,411
75335,Dobel,48.7906,8.4901,-10.5,8.994,2398,1439.1,692
75337,Enzklösterle,48.6521,8.4593,-10.5,8.994,2398,1439.1,620
75339,"Höfen an der Enz",48.8019,8.577,-10.5,10.4595,2011,1206.54,589
75365,Calw,48.7223,8.7246,-10.5,8.994,2398,1439.1,522
75378,"Bad Liebenzell",48.7782,8.7407,-10.5,9.4767,2265,1359.18,442
75382,Althengstett,48.7286,8.7855,-10.5,9.4767,2265,1359.18,516
75385,"Bad Teinach-Zavelstein",48.7,8.6562,-10.5,8.994,2398,1439.1,669
75387,Neubulach,48.6683,8.6842,-10.5,8.994,2398,1439.1,595
75389,Neuweiler,48.6747,8.5909,-10.5,8.994,2398,1439.1,735
75391,Gechingen,48.6936,8.8232,-10.5,9.4767,2265,1359.18,496
75392,Deckenpfronn,48.652,8.823,-10.5,8.994,2398,1439.1,576
75394,Oberreichenbach,48.7394,8.6325,-10.5,8.994,2398,1439.1,698
75395,Ostelsheim,48.7222,8.8461,-10.5,9.4767,2265,1359.18,526
75397,Simmozheim,48.7492,8.8163,-10.5,9.4767,2265,1359.18,465
75399,Unterreichenbach,48.8107,8.6875,-10.5,10.4595,2011,1206.54,572
75417,Mühlacker,48.9427,8.8651,-10.5,10.1934,2086,1251.84,279
75428,Illingen,48.9862,8.899,-10.5,10.1934,2086,1251.84,314
75433,Maulbronn,48.9957,8.8193,-10.5,10.1934,2086,1251.84,303
75438,Knittlingen,49.0253,8.7764,-10.5,10.1934,2086,1251.84,213
75443,Ötisheim,48.9642,8.8001,-10.5,10.1934,2086,1251.84,236
75446,Wiernsheim,48.8955,8.8608,-10.5,10.1934,2086,1251.84,350
75447,Sternenfels,49.039,8.8562,-10.5,10.1934,2086,1251.84,398
75449,Wurmberg,48.874,8.8127,-10.5,10.4595,2011,1206.54,389
76131,Karlsruhe,49.0503,8.4221,-10.5,11.5605,1765,1058.76,125
76133,Karlsruhe,49.0092,8.3927,-10.5,11.5605,1765,1058.76,127
76135,Karlsruhe,48.9884,8.3797,-10.5,11.5605,1765,1058.76,120
76137,Karlsruhe,48.9987,8.4089,-10.5,11.5605,1765,1058.76,121
76139,Karlsruhe,49.0358,8.4518,-10.5,11.5605,1765,1058.76,114
76149,Karlsruhe,49.0531,8.3872,-10.5,11.5605,1765,1058.76,115
76185,Karlsruhe,49.0072,8.3581,-10.5,11.5605,1765,1058.76,115
76187,Karlsruhe,49.0462,8.3328,-10.5,11.5605,1765,1058.76,103
76189,Karlsruhe,49.0007,8.3123,-10.5,11.5605,1765,1058.76,111
76199,Karlsruhe,48.9765,8.4099,-10.5,11.5605,1765,1058.76,117
76227,Karlsruhe,48.9983,8.4717,-10.5,11.5605,1765,1058.76,124
76228,Karlsruhe,48.9584,8.4709,-10.5,11.5605,1765,1058.76,250
76229,Karlsruhe,49.0289,8.495,-10.5,11.5605,1765,1058.76,116
76275,Ettlingen,48.926,8.4072,-10.5,11.5605,1765,1058.76,229
76287,Rheinstetten,48.9659,8.3157,-10.5,11.5605,1765,1058.76,116
76297,Stutensee,49.0986,8.4712,-10.5,11.8526,1722,1033.38,112
76307,Karlsbad,48.8901,8.4945,-10.5,11.5605,1765,1058.76,338
76316,Malsch,48.88,8.3462,-10.5,11.5605,1765,1058.76,165
76327,Pfinztal,48.99,8.5387,-10.5,10.4595,2011,1206.54,138
76332,"Bad Herrenalb",48.7948,8.4427,-10.5,10.8419,1889,1133.58,470
76337,Waldbronn,48.9248,8.4705,-10.5,11.5605,1765,1058.76,270
76344,Eggenstein-Leopoldshafen,49.0928,8.3818,-10.5,11.5605,1765,1058.76,105
76351,Linkenheim-Hochstetten,49.1275,8.4083,-10.5,11.8526,1722,1033.38,105
76356,"Weingarten (Baden)",49.0518,8.5353,-10.5,11.5605,1765,1058.76,134
76359,Marxzell,48.8569,8.4437,-10.5,11.5605,1765,1058.76,296
76437,Rastatt,48.8611,8.1992,-10.5,10.8419,1889,1133.58,120
76448,Durmersheim,48.9295,8.2847,-10.5,11.5605,1765,1058.76,110
76456,Kuppenheim,48.8152,8.2675,-10.5,10.8419,1889,1133.58,247
76461,Muggensturm,48.8659,8.2818,-10.5,11.5605,1765,1058.76,118
76467,Bietigheim,48.9025,8.2631,-10.5,11.5605,1765,1058.76,120
76470,Ötigheim,48.8842,8.2415,-10.5,11.5605,1765,1058.76,118
76473,Iffezheim,48.8147,8.1467,-10.5,10.8419,1889,1133.58,124
76474,"Au am Rhein",48.9582,8.2446,-10.5,11.5605,1765,1058.76,108
76476,Bischweier,48.8385,8.2818,-10.5,10.8419,1889,1133.58,136
76477,Elchesheim-Illingen,48.9319,8.2125,-10.5,11.5605,1765,1058.76,112
76479,Steinmauern,48.9087,8.1968,-10.5,11.5605,1765,1058.76,112
76530,Baden-Baden,48.757,8.2327,-10.5,10.8419,1889,1133.58,229
76532,Baden-Baden,48.798,8.2007,-10.5,10.8419,1889,1133.58,125
76534,Baden-Baden,48.7107,8.2632,-10.5,10.8419,1889,1133.58,514
76547,Sinzheim,48.7642,8.1588,-10.5,10.8419,1889,1133.58,126
76549,Hügelsheim,48.7938,8.1164,-10.5,10.8419,1889,1133.58,122
76571,Gaggenau,48.8145,8.3394,-10.5,10.8419,1889,1133.58,238
76593,Gernsbach,48.731,8.4033,-10.5,10.8419,1889,1133.58,572
76596,Forbach,48.6529,8.332,-10.5,10.8419,1889,1133.58,620
76597,Loffenau,48.7767,8.4039,-10.5,10.8419,1889,1133.58,537
76599,Weisenbach,48.7194,8.3555,-10.5,10.8419,1889,1133.58,341
76646,Bruchsal,49.1031,8.6003,-10.5,11.8526,1722,1033.38,193
76661,Philippsburg,49.2307,8.446,-10.5,11.8526,1722,1033.38,97
76669,"Bad Schönborn",49.2127,8.6582,-10.5,11.8526,1722,1033.38,130
76676,Graben-Neudorf,49.1484,8.4749,-10.5,11.8526,1722,1033.38,108
76684,Östringen,49.182,8.7461,-10.5,10.646,1967,1180.26,178
76689,Karlsdorf-Neuthard,49.1346,8.533,-10.5,11.8526,1722,1033.38,110
76694,Forst,49.1608,8.5893,-10.5,11.8526,1722,1033.38,110
76698,Ubstadt-Weiher,49.1706,8.6312,-10.5,11.8526,1722,1033.38,125
76703,Kraichtal,49.1255,8.7247,-10.5,10.646,1967,1180.26,137
76706,Dettenheim,49.1677,8.417,-10.5,11.8526,1722,1033.38,100
76707,Hambrücken,49.1939,8.5484,-10.5,11.8526,1722,1033.38,107
76709,Kronau,49.2257,8.6159,-10.5,11.8526,1722,1033.38,107
76726,Germersheim,49.208,8.3717,-10.5,11.8526,1722,1033.38,99
76744,"Wörth am Rhein",49.0226,8.1842,-10.5,11.5605,1765,1058.76,124
76751,Jockgrim,49.0873,8.2731,-10.5,11.5605,1765,1058.76,117
76756,Bellheim,49.1929,8.2914,-10.5,11.8526,1722,1033.38,113
76761,Rülzheim,49.1534,8.282,-10.5,11.5605,1765,1058.76,112
76764,Rheinzabern,49.118,8.2942,-10.5,11.5605,1765,1058.76,112
76767,Hagenbach,49.0142,8.2532,-10.5,11.5605,1765,1058.76,107
76768,"Berg (Pfalz)",48.9803,8.2051,-10.5,11.5605,1765,1058.76,115
76770,Hatzenbühl,49.1152,8.2399,-10.5,11.5605,1765,1058.76,121
76771,Hördt,49.168,8.3399,-10.5,11.8526,1722,1033.38,100
76773,Kuhardt,49.1418,8.3138,-10.5,11.5605,1765,1058.76,113
76774,Leimersheim,49.1267,8.3495,-10.5,11.5605,1765,1058.76,101
76776,"Neuburg am Rhein",48.9845,8.244,-10.5,11.5605,1765,1058.76,108
76777,Neupotz,49.1035,8.3299,-10.5,11.5605,1765,1058.76,101
76779,Scheibenhardt,48.9816,8.1395,-10.5,11.5605,1765,1058.76,128
76829,"Landau in der Pfalz",49.2027,8.1048,-10.5,11.6101,1746,1047.78,173
76831,Billigheim-Ingenheim,49.1323,8.0879,-10.5,11.6101,1746,1047.78,149
76833,Frankweiler,49.235,8.0813,-10.5,11.6101,1746,1047.78,219
76835,"Rhodt unter Rietburg",49.2574,8.0637,-10.5,9.4778,2274,1364.46,334
76846,Hauenstein,49.1822,7.8457,-10.5,11.6101,1746,1047.78,348
76848,Wilgartswiesen,49.2229,7.8438,-10.5,11.6101,1746,1047.78,411
76855,"Annweiler am Trifels",49.2106,7.967,-10.5,11.6101,1746,1047.78,282
76857,Albersweiler,49.1609,7.944,-10.5,11.6101,1746,1047.78,321
76863,"Herxheim bei Landau / Pfalz",49.1485,8.2225,-10.5,11.6101,1746,1047.78,127
76865,Insheim,49.1484,8.1491,-10.5,11.6101,1746,1047.78,146
76870,Kandel,49.0811,8.1796,-10.5,11.6101,1746,1047.78,138
76872,Steinweiler,49.0783,8.1202,-10.5,11.6101,1746,1047.78,158
76877,"Offenbach an der Queich",49.1904,8.196,-10.5,11.6101,1746,1047.78,133
76879,"Hochstadt (Pfalz)",49.237,8.1989,-10.5,9.4778,2274,1364.46,138
76887,"Bad Bergzabern",49.1027,7.9958,-10.5,11.6101,1746,1047.78,188
76889,Klingenmünster,49.0599,7.9966,-10.5,11.6101,1746,1047.78,188
76891,Bruchweiler-Bärenbach,49.0908,7.8309,-10.5,11.6101,1746,1047.78,303
77652,Offenburg,48.51,7.9428,-10.5,11.5762,1743,1046.04,145
77654,Offenburg,48.4776,7.9835,-10.5,11.5762,1743,1046.04,187
77656,Offenburg,48.4928,7.9069,-10.5,11.5762,1743,1046.04,147
77694,Kehl,48.5976,7.8507,-10.5,11.3932,1786,1071.48,133
77704,Oberkirch,48.5202,8.066,-10.5,11.5762,1743,1046.04,234
77709,Wolfach,48.32,8.2475,-10.5,10.2592,2041,1224.42,422
77716,"Haslach im Kinzigtal",48.29,8.1008,-10.5,10.1504,2071,1242.78,470
77723,Gengenbach,48.4081,8.0336,-10.5,11.5762,1743,1046.04,349
77728,Oppenau,48.4752,8.1741,-10.5,11.5762,1743,1046.04,306
77731,Willstätt,48.5578,7.9169,-10.5,11.3932,1786,1071.48,143
77736,"Zell am Harmersbach",48.3415,8.0788,-10.5,11.5762,1743,1046.04,349
77740,"Bad Peterstal-Griesbach",48.4353,8.228,-10.5,8.2197,2595,1557.18,636
77743,Neuried,48.4527,7.8091,-10.5,11.5263,1752,1051.5,146
77746,Schutterwald,48.4602,7.8755,-10.5,11.5762,1743,1046.04,148
77749,Hohberg,48.4251,7.9039,-10.5,11.5762,1743,1046.04,152
77756,Hausach,48.2945,8.1668,-10.5,10.2592,2041,1224.42,257
77761,Schiltach,48.2738,8.3434,-10.5,10.2592,2041,1224.42,502
77767,Appenweier,48.5599,7.9763,-10.5,11.3932,1786,1071.48,154
77770,Durbach,48.4832,8.033,-10.5,11.5762,1743,1046.04,334
77773,Schenkenzell,48.327,8.3438,-10.5,10.2592,2041,1224.42,669
77776,"Bad Rippoldsau-Schapbach",48.4155,8.2952,-10.5,8.2197,2595,1557.18,625
77781,Biberach,48.3332,8.0108,-10.5,11.5762,1743,1046.04,224
77784,Oberharmersbach,48.3834,8.1546,-10.5,10.2592,2041,1224.42,390
77787,Nordrach,48.4139,8.1065,-10.5,11.5762,1743,1046.04,377
77790,Steinach,48.2905,8.032,-10.5,10.1504,2071,1242.78,305
77791,Berghaupten,48.4048,7.9736,-10.5,11.5762,1743,1046.04,295
77793,"Gutach (Schwarzwaldbahn)",48.243,8.2045,-10.5,10.2592,2041,1224.42,443
77794,Lautenbach,48.5203,8.131,-10.5,11.5762,1743,1046.04,288
77796,Mühlenbach,48.2434,8.1266,-10.5,10.1504,2071,1242.78,410
77797,Ohlsbach,48.4415,8.0023,-10.5,11.5762,1743,1046.04,321
77799,Ortenberg,48.4475,7.9702,-10.5,11.5762,1743,1046.04,160
77815,Bühl,48.6902,8.1465,-10.5,10.8419,1889,1133.58,152
77830,Bühlertal,48.6905,8.1937,-10.5,10.8419,1889,1133.58,434
77833,Ottersweier,48.6715,8.1025,-10.5,11.3932,1786,1071.48,136
77836,Rheinmünster,48.7579,8.0486,-10.5,11.3932,1786,1071.48,130
77839,Lichtenau,48.7132,8.0095,-10.5,11.3932,1786,1071.48,128
77855,Achern,48.6377,8.0317,-10.5,11.3932,1786,1071.48,134
77866,Rheinau,48.6583,7.9417,-10.5,11.3932,1786,1071.48,131
77871,Renchen,48.5801,8.0238,-10.5,11.3932,1786,1071.48,161
77876,Kappelrodeck,48.5817,8.1114,-10.5,11.3932,1786,1071.48,325
77880,Sasbach,48.6113,8.2168,-10.5,10.8419,1889,1133.58,929
77883,"Ottenhöfen im Schwarzwald",48.5544,8.1589,-10.5,11.3932,1786,1071.48,410
77886,Lauf,48.6371,8.1509,-10.5,11.3932,1786,1071.48,394
77887,Sasbachwalden,48.611,8.1476,-10.5,11.3932,1786,1071.48,637
77889,Seebach,48.5798,8.1936,-10.5,10.8419,1889,1133.58,547
77933,"Lahr / Schwarzwald",48.3267,7.8708,-10.5,11.5263,1752,1051.5,182
77948,Friesenheim,48.3783,7.903,-10.5,11.5263,1752,1051.5,208
77955,Ettenheim,48.2516,7.8632,-10.5,11.1507,1832,1098.9,340
77960,Seelbach,48.304,7.9436,-10.5,11.5263,1752,1051.5,225
77963,Schwanau,48.3624,7.764,-10.5,11.5263,1752,1051.5,154
77966,Kappel-Grafenhausen,48.298,7.7486,-10.5,11.5263,1752,1051.5,162
77971,Kippenheim,48.3001,7.8302,-10.5,11.5263,1752,1051.5,170
77972,Mahlberg,48.287,7.7989,-10.5,11.5263,1752,1051.5,163
77974,Meißenheim,48.4104,7.7839,-10.5,11.5263,1752,1051.5,150
77975,Ringsheim,48.2519,7.7651,-10.5,11.5263,1752,1051.5,167
77977,Rust,48.2769,7.7058,-10.5,11.5263,1752,1051.5,163
77978,Schuttertal,48.2454,7.9634,-10.5,10.1504,2071,1242.78,378
78048,Villingen-Schwenningen,48.0808,8.4287,-10.5,8.2959,2629,1577.22,775
78050,Villingen-Schwenningen,48.0553,8.4409,-10.5,8.2959,2629,1577.22,725
78052,Villingen-Schwenningen,48.0291,8.382,-10.5,8.2959,2629,1577.22,832
78054,Villingen-Schwenningen,48.0647,8.5193,-10.5,8.2959,2629,1577.22,720
78056,Villingen-Schwenningen,48.0656,8.5572,-10.5,8.2959,2629,1577.22,689
78073,"Bad Dürrheim",47.981,8.6053,-10.5,8.9205,2456,1473.66,697
78078,Niedereschach,48.1316,8.501,-10.5,8.2959,2629,1577.22,685
78083,Dauchingen,48.0942,8.5466,-10.5,8.2959,2629,1577.22,727
78086,Brigachtal,48.0065,8.4878,-10.5,8.2959,2629,1577.22,749
78087,Mönchweiler,48.108,8.4188,-10.5,8.2959,2629,1577.22,777
78089,Unterkirnach,48.0809,8.3508,-10.5,8.2959,2629,1577.22,830
78098,"Triberg im Schwarzwald",48.1337,8.2656,-10.5,10.1504,2071,1242.78,767
78112,"Sankt Georgen im Schwarzwald",48.1282,8.3248,-10.5,8.2959,2629,1577.22,907
78120,"Furtwangen im Schwarzwald",48.0478,8.2103,-10.5,10.3258,2020,1211.82,879
78126,"Königsfeld im Schwarzwald",48.1465,8.4139,-10.5,8.2959,2629,1577.22,769
78132,Hornberg,48.2079,8.2681,-10.5,10.2592,2041,1224.42,714
78136,"Schonach im Schwarzwald",48.1537,8.1809,-10.5,10.1504,2071,1242.78,987
78141,"Schönwald im Schwarzwald",48.1044,8.2075,-10.5,10.1504,2071,1242.78,950
78144,Tennenbronn,48.1922,8.3495,-10.5,10.2592,2041,1224.42,708
78147,Vöhrenbach,48.023,8.3033,-10.5,8.2959,2629,1577.22,1040
78148,Gütenbach,48.0514,8.1419,-10.5,10.3258,2020,1211.82,929
78166,Donaueschingen,47.9602,8.5034,-10.5,8.2959,2629,1577.22,693
78176,Blumberg,47.8408,8.548,-10.5,8.9205,2456,1473.66,700
78183,Hüfingen,47.9082,8.5065,-10.5,8.9205,2456,1473.66,707
78187,Geisingen,47.906,8.6503,-10.5,8.9205,2456,1473.66,755
78194,Immendingen,47.9344,8.7166,-10.5,8.9205,2456,1473.66,666
78199,Bräunlingen,47.9244,8.4279,-10.5,8.2959,2629,1577.22,795
78224,"Singen (Hohentwiel)",47.7736,8.8614,-10.5,9.9279,2177,1306.2,475
78234,Engen,47.8592,8.7699,-10.5,9.9279,2177,1306.2,523
78239,Rielasingen-Worblingen,47.7268,8.8432,-10.5,9.9279,2177,1306.2,416
78244,Gottmadingen,47.7335,8.7563,-10.5,9.9279,2177,1306.2,432
78247,Hilzingen,47.7827,8.775,-10.5,9.9279,2177,1306.2,570
78250,Tengen,47.8196,8.6817,-10.5,9.9279,2177,1306.2,592
78253,Eigeltingen,47.8837,8.9056,-10.5,9.9279,2177,1306.2,639
78256,Steißlingen,47.7996,8.9156,-10.5,9.9279,2177,1306.2,446
78259,Mühlhausen-Ehingen,47.8194,8.8138,-10.5,9.9279,2177,1306.2,466
78262,"Gailingen am Hochrhein",47.6921,8.7802,-10.5,9.9279,2177,1306.2,449
78266,"Büsingen am Hochrhein",47.7037,8.6972,-10.5,9.9279,2177,1306.2,426
78267,Aach,47.8429,8.8562,-10.5,9.9279,2177,1306.2,489
78269,Volkertshausen,47.823,8.8692,-10.5,9.9279,2177,1306.2,459
78315,"Radolfzell am Bodensee",47.7678,8.9756,-10.5,9.9279,2177,1306.2,463
78333,Stockach,47.8644,9.0087,-10.5,9.9279,2177,1306.2,516
78337,Öhningen,47.6769,8.9013,-10.5,9.9279,2177,1306.2,664
78343,Gaienhofen,47.6843,8.9641,-10.5,9.9279,2177,1306.2,523
78345,Moos,47.7089,8.9385,-10.5,9.9279,2177,1306.2,410
78351,Bodman-Ludwigshafen,47.8305,9.0592,-10.5,9.9279,2177,1306.2,573
78354,Sipplingen,47.7992,9.1046,-10.5,10.729,1989,1193.16,556
78355,Hohenfels,47.8945,9.0873,-10.5,8.2784,2607,1564.44,631
78357,Mühlingen,47.9161,9.0277,-10.5,8.2784,2607,1564.44,667
78359,Orsingen-Nenzingen,47.8398,8.9465,-10.5,9.9279,2177,1306.2,458
78462,Konstanz,47.6621,9.1721,-10.5,10.729,1989,1193.16,405
78464,Konstanz,47.68,9.1961,-10.5,10.729,1989,1193.16,426
78465,Konstanz,47.7279,9.1446,-10.5,10.729,1989,1193.16,474
78467,Konstanz,47.6874,9.1513,-10.5,10.729,1989,1193.16,425
78476,Allensbach,47.7447,9.0682,-10.5,10.729,1989,1193.16,477
78479,Reichenau,47.6949,9.0608,-10.5,10.729,1989,1193.16,413
78532,Tuttlingen,47.9804,8.8272,-10.5,8.9205,2456,1473.66,687
78549,Spaichingen,48.0758,8.733,-10.5,7.903,2683,1609.98,657
78554,Aldingen,48.0882,8.6908,-10.5,7.903,2683,1609.98,685
78559,Gosheim,48.14,8.7576,-10.5,7.903,2683,1609.98,813
78564,Wehingen,48.1479,8.8118,-10.5,7.903,2683,1609.98,881
78567,"Fridingen an der Donau",48.0148,8.9264,-10.5,7.903,2683,1609.98,638
78570,"Mühlheim an der Donau",48.0312,8.8737,-10.5,7.903,2683,1609.98,733
78573,Wurmlingen,48.0007,8.7748,-10.5,7.903,2683,1609.98,673
78576,Emmingen-Liptingen,47.9408,8.8885,-10.5,9.9279,2177,1306.2,753
78579,"Neuhausen ob Eck",47.9601,8.9688,-10.5,8.4871,2574,1544.52,748
78580,Bärenthal,48.0811,8.9307,-10.5,7.5937,2768,1661.04,766
78582,Balgheim,48.0712,8.7732,-10.5,7.903,2683,1609.98,750
78583,Böttingen,48.0998,8.7981,-10.5,7.903,2683,1609.98,956
78585,Bubsheim,48.1206,8.8203,-10.5,7.903,2683,1609.98,957
78586,Deilingen,48.1706,8.7901,-10.5,7.903,2683,1609.98,892
78588,Denkingen,48.1117,8.7403,-10.5,7.903,2683,1609.98,687
78589,Dürbheim,48.0567,8.8014,-10.5,7.903,2683,1609.98,775
78591,Durchhausen,48.0403,8.6688,-10.5,7.903,2683,1609.98,718
78592,Egesheim,48.117,8.8644,-10.5,7.903,2683,1609.98,829
78594,Gunningen,48.049,8.6987,-10.5,7.903,2683,1609.98,753
78595,"Hausen ob Verena",48.0486,8.7299,-10.5,7.903,2683,1609.98,827
78597,Irndorf,48.0735,8.9628,-10.5,7.5937,2768,1661.04,872
78598,Königsheim,48.0967,8.8648,-10.5,7.903,2683,1609.98,896
78600,Kolbingen,48.0583,8.8935,-10.5,7.903,2683,1609.98,838
78601,Mahlstetten,48.0686,8.8335,-10.5,7.903,2683,1609.98,876
78603,Renquishausen,48.0867,8.8889,-10.5,7.5937,2768,1661.04,889
78604,Rietheim-Weilheim,48.0352,8.7751,-10.5,7.903,2683,1609.98,699
78606,Seitingen-Oberflacht,48.0171,8.7277,-10.5,7.903,2683,1609.98,692
78607,Talheim,48.0132,8.6657,-10.5,8.9205,2456,1473.66,750
78609,Tuningen,48.028,8.6091,-10.5,8.2959,2629,1577.22,745
78628,Rottweil,48.1603,8.6439,-10.5,8.7948,2471,1482.72,567
78647,Trossingen,48.0751,8.6404,-10.5,7.903,2683,1609.98,703
78652,Deißlingen,48.1063,8.5959,-10.5,8.7948,2471,1482.72,626
78655,Dunningen,48.224,8.4953,-10.5,8.7948,2471,1482.72,665
78658,"Zimmern ob Rottweil",48.1631,8.5513,-10.5,8.7948,2471,1482.72,696
78661,Dietingen,48.22,8.6538,-10.5,8.7948,2471,1482.72,605
78662,Bösingen,48.2312,8.5546,-10.5,8.7948,2471,1482.72,668
78664,Eschbronn,48.1907,8.4403,-10.5,8.7948,2471,1482.72,742
78665,Frittlingen,48.127,8.7105,-10.5,7.903,2683,1609.98,648
78667,Villingendorf,48.2026,8.5871,-10.5,8.7948,2471,1482.72,627
78669,Wellendingen,48.1554,8.7159,-10.5,7.903,2683,1609.98,679
78713,Schramberg,48.2278,8.4247,-10.5,10.2592,2041,1224.42,709
78727,"Oberndorf am Neckar",48.2924,8.578,-10.5,8.7948,2471,1482.72,464
78730,Lauterbach,48.2338,8.319,-10.5,10.2592,2041,1224.42,739
78733,Aichhalden,48.2646,8.406,-10.5,10.2592,2041,1224.42,703
78736,Epfendorf,48.2584,8.6231,-10.5,8.7948,2471,1482.72,579
78737,Fluorn-Winzeln,48.2965,8.475,-10.5,8.7948,2471,1482.72,653
78739,Hardt,48.1801,8.4102,-10.5,8.2959,2629,1577.22,784
79098,"Freiburg im Breisgau",47.9948,7.8453,-10.5,11.5263,1749,1049.64,284
79100,"Freiburg im Breisgau",47.9619,7.865,-10.5,11.5263,1749,1049.64,401
79102,"Freiburg im Breisgau",47.9863,7.8537,-10.5,11.5263,1749,1049.64,286
79104,"Freiburg im Breisgau",48.0023,7.8767,-10.5,11.5263,1749,1049.64,422
79106,"Freiburg im Breisgau",48.0047,7.8395,-10.5,11.5263,1749,1049.64,266
79108,"Freiburg im Breisgau",48.0421,7.8248,-10.5,11.5263,1749,1049.64,217
79110,"Freiburg im Breisgau",48.0199,7.811,-10.5,11.5263,1749,1049.64,237
79111,"Freiburg im Breisgau",47.9875,7.783,-10.5,11.5263,1749,1049.64,235
79112,"Freiburg im Breisgau",48.0018,7.7274,-10.5,11.5263,1749,1049.64,204
79114,"Freiburg im Breisgau",48.0005,7.8056,-10.5,11.5263,1749,1049.64,243
79115,"Freiburg im Breisgau",47.9878,7.8226,-10.5,11.5263,1749,1049.64,260
79117,"Freiburg im Breisgau",47.9701,7.9008,-10.5,10.3258,2020,1211.82,541
79183,Waldkirch,48.0908,7.9685,-10.5,11.1507,1832,1098.9,289
79189,"Bad Krozingen",47.919,7.6801,-10.5,11.0597,1853,1111.62,242
79194,Gundelfingen,48.0371,7.8946,-10.5,11.5263,1749,1049.64,350
79199,Kirchzarten,47.9651,7.9474,-10.5,10.3258,2020,1211.82,376
79206,"Breisach am Rhein",48.0077,7.6352,-10.5,11.5263,1749,1049.64,195
79211,Denzlingen,48.0686,7.8837,-10.5,11.5263,1749,1049.64,236
79215,Elzach,48.189,8.073,-10.5,10.1504,2071,1242.78,478
79219,"Staufen im Breisgau",47.8747,7.738,-10.5,11.0597,1853,1111.62,423
79224,Umkirch,48.034,7.7614,-10.5,11.5263,1749,1049.64,207
79227,Schallstadt,47.9633,7.7506,-10.5,11.5263,1749,1049.64,217
79232,March,48.0633,7.7745,-10.5,11.5263,1749,1049.64,196
79235,"Vogtsburg im Kaiserstuhl",48.0923,7.6299,-10.5,11.1507,1832,1098.9,224
79238,Ehrenkirchen,47.8949,7.7766,-10.5,11.0597,1853,1111.62,408
79241,Ihringen,48.0507,7.6506,-10.5,11.5263,1749,1049.64,246
79244,"Münstertal / Schwarzwald",47.8547,7.8196,-10.5,4.7422,3744,2246.46,775
79249,Merzhausen,47.9658,7.8251,-10.5,11.5263,1749,1049.64,280
79252,Stegen,47.9997,7.9706,-10.5,10.3258,2020,1211.82,501
79254,Oberried,47.9092,7.9623,-10.5,4.7422,3744,2246.46,1127
79256,Buchenbach,47.9716,8.0281,-10.5,10.3258,2020,1211.82,520
79258,Hartheim,47.9324,7.618,-10.5,11.0597,1853,1111.62,201
79261,"Gutach im Breisgau",48.1405,7.9753,-10.5,11.1507,1832,1098.9,423
79263,Simonswald,48.0933,8.0898,-10.5,10.1504,2071,1242.78,637
79268,Bötzingen,48.0729,7.7158,-10.5,11.5263,1749,1049.64,215
79271,"Sankt Peter",48.0312,8.047,-10.5,10.3258,2020,1211.82,944
79274,"Sankt Märgen",47.9879,8.1101,-10.5,10.3258,2020,1211.82,886
79276,Reute,48.0865,7.8174,-10.5,11.1507,1832,1098.9,199
79279,Vörstetten,48.0694,7.8387,-10.5,11.5263,1749,1049.64,213
79280,Au,47.9531,7.8354,-10.5,11.5263,1749,1049.64,366
79282,Ballrechten-Dottingen,47.8572,7.7033,-10.5,11.0597,1853,1111.62,332
79283,Bollschweil,47.9073,7.8411,-10.5,4.7422,3744,2246.46,593
79285,Ebringen,47.9513,7.789,-10.5,11.5263,1749,1049.64,421
79286,Glottertal,48.0423,7.9632,-10.5,10.3258,2020,1211.82,384
79288,Gottenheim,48.0472,7.7211,-10.5,11.5263,1749,1049.64,205
79289,Horben,47.9354,7.8549,-10.5,11.5263,1749,1049.64,576
79291,Merdingen,48.0224,7.6816,-10.5,11.5263,1749,1049.64,194
79292,Pfaffenweiler,47.9376,7.7598,-10.5,11.5263,1749,1049.64,264
79294,Sölden,47.9302,7.8103,-10.5,11.5263,1749,1049.64,382
79295,Sulzburg,47.8279,7.7266,-10.5,11.0597,1853,1111.62,603
79297,"Winden im Elztal",48.1456,8.0436,-10.5,10.1504,2071,1242.78,379
79299,Wittnau,47.9407,7.8251,-10.5,11.5263,1749,1049.64,410
79312,Emmendingen,48.1206,7.8697,-10.5,11.1507,1832,1098.9,256
79331,Teningen,48.1205,7.7977,-10.5,11.1507,1832,1098.9,190
79336,Herbolzheim,48.2148,7.7939,-10.5,11.1507,1832,1098.9,210
79341,Kenzingen,48.184,7.7794,-10.5,11.1507,1832,1098.9,198
79346,"Endingen am Kaiserstuhl",48.1364,7.6829,-10.5,11.1507,1832,1098.9,224
79348,Freiamt,48.1722,7.915,-10.5,11.1507,1832,1098.9,376
79350,Sexau,48.1156,7.9187,-10.5,11.1507,1832,1098.9,335
79353,Bahlingen,48.1221,7.736,-10.5,11.1507,1832,1098.9,194
79356,Eichstetten,48.0983,7.723,-10.5,11.1507,1832,1098.9,258
79359,Riegel,48.1523,7.743,-10.5,11.1507,1832,1098.9,181
79361,Sasbach,48.1302,7.6179,-10.5,11.1507,1832,1098.9,217
79362,Forchheim,48.1727,7.7074,-10.5,11.1507,1832,1098.9,175
79364,Malterdingen,48.1631,7.7967,-10.5,11.1507,1832,1098.9,195
79365,Rheinhausen,48.2328,7.7092,-10.5,11.1507,1832,1098.9,166
79367,Weisweil,48.203,7.6777,-10.5,11.1507,1832,1098.9,173
79369,Wyhl,48.1706,7.6466,-10.5,11.1507,1832,1098.9,172
79379,Müllheim,47.808,7.6323,-10.5,11.0597,1853,1111.62,272
79395,"Neuenburg am Rhein",47.8678,7.5807,-10.5,11.0597,1853,1111.62,215
79400,Kandern,47.7044,7.6653,-10.5,11.0597,1853,1111.62,509
79410,Badenweiler,47.7993,7.7108,-10.5,11.0597,1853,1111.62,606
79415,"Bad Bellingen",47.7204,7.5638,-10.5,11.0597,1853,1111.62,379
79418,Schliengen,47.7527,7.5958,-10.5,11.0597,1853,1111.62,337
79423,Heitersheim,47.8709,7.6618,-10.5,11.0597,1853,1111.62,244
79424,Auggen,47.7897,7.5856,-10.5,11.0597,1853,1111.62,232
79426,Buggingen,47.8549,7.6326,-10.5,11.0597,1853,1111.62,222
79427,Eschbach,47.896,7.6367,-10.5,11.0597,1853,1111.62,212
79429,Malsburg-Marzell,47.7446,7.7165,-10.5,11.0597,1853,1111.62,633
79539,Lörrach,47.6213,7.663,-10.5,11.4342,1792,1075.2,299
79540,Lörrach,47.6008,7.6669,-10.5,11.4342,1792,1075.2,304
79541,Lörrach,47.6384,7.6982,-10.5,11.4342,1792,1075.2,311
79576,"Weil am Rhein",47.6024,7.6115,-10.5,11.4342,1792,1075.2,265
79585,Steinen,47.6744,7.7421,-10.5,11.4342,1792,1075.2,464
79588,Efringen-Kirchen,47.671,7.562,-10.5,11.0597,1853,1111.62,269
79589,Binzen,47.6355,7.6198,-10.5,11.4342,1792,1075.2,302
79591,Eimeldingen,47.6315,7.5944,-10.5,11.4342,1792,1075.2,261
79592,Fischingen,47.6496,7.6006,-10.5,11.4342,1792,1075.2,278
79594,Inzlingen,47.5894,7.7027,-10.5,11.4342,1792,1075.2,413
79595,Rümmingen,47.6426,7.6511,-10.5,11.4342,1792,1075.2,350
79597,Schallbach,47.6568,7.6263,-10.5,11.4342,1792,1075.2,307
79599,Wittlingen,47.658,7.6562,-10.5,11.4342,1792,1075.2,351
79618,"Rheinfelden (Baden)",47.5868,7.7692,-10.5,11.4342,1792,1075.2,428
79639,Grenzach-Wyhlen,47.5489,7.6878,-10.5,11.4342,1792,1075.2,274
79650,Schopfheim,47.6451,7.8307,-10.5,11.4342,1792,1075.2,400
79664,Wehr,47.6224,7.911,-10.5,11.4342,1792,1075.2,391
79669,"Zell im Wiesental",47.7158,7.8564,-10.5,11.4342,1792,1075.2,572
79674,Todtnau,47.831,7.9621,-10.5,4.7422,3744,2246.46,704
79677,"Schönau im Schwarzwald",47.7857,7.8747,-10.5,4.7422,3744,2246.46,755
79682,Todtmoos,47.7418,7.9983,-10.5,9.1063,2382,1429.2,919
79685,Häg-Ehrsberg,47.7388,7.9319,-10.5,9.1063,2382,1429.2,830
79686,Hasel,47.6594,7.8951,-10.5,11.4342,1792,1075.2,443
79688,"Hausen im Wiesental",47.6833,7.835,-10.5,11.4342,1792,1075.2,483
79689,Maulburg,47.6362,7.7767,-10.5,11.4342,1792,1075.2,379
79692,Tegernau,47.7552,7.7885,-10.5,11.0597,1853,1111.62,881
79694,Utzenfeld,47.8157,7.9114,-10.5,4.7422,3744,2246.46,767
79695,Wieden,47.8446,7.8923,-10.5,4.7422,3744,2246.46,952
79713,"Bad Säckingen",47.5638,7.9378,-10.5,11.4342,1792,1075.2,367
79725,"Laufenburg (Baden)",47.5835,8.0704,-10.5,9.1063,2382,1429.2,433
79730,Murg,47.5906,8.0227,-10.5,9.1063,2382,1429.2,587
79733,Görwihl,47.6495,8.059,-10.5,9.1063,2382,1429.2,782
79736,Rickenbach,47.618,7.9722,-10.5,9.1063,2382,1429.2,776
79737,Herrischried,47.6678,7.9871,-10.5,9.1063,2382,1429.2,878
79739,Schwörstadt,47.6088,7.86,-10.5,11.4342,1792,1075.2,401
79761,Waldshut-Tiengen,47.6603,8.2816,-10.5,9.7532,2241,1344.6,586
79771,Klettgau,47.6364,8.4172,-10.5,9.7532,2241,1344.6,400
79774,Albbruck,47.6222,8.1209,-10.5,9.1063,2382,1429.2,541
79777,Ühlingen-Birkendorf,47.7207,8.3285,-10.5,9.7532,2241,1344.6,690
79780,Stühlingen,47.7542,8.422,-10.5,9.7532,2241,1344.6,680
79787,Lauchringen,47.6238,8.3284,-10.5,9.7532,2241,1344.6,354
79790,Küssaberg,47.59,8.3291,-10.5,9.7532,2241,1344.6,382
79793,Wutöschingen,47.6573,8.3626,-10.5,9.7532,2241,1344.6,383
79798,Jestetten,47.6521,8.5648,-10.5,9.7532,2241,1344.6,442
79801,"Hohentengen am Hochrhein",47.5883,8.4199,-10.5,9.7532,2241,1344.6,496
79802,Dettighofen,47.6286,8.4906,-10.5,9.7532,2241,1344.6,516
79804,Dogern,47.6121,8.1699,-10.5,9.1063,2382,1429.2,371
79805,Eggingen,47.703,8.3882,-10.5,9.7532,2241,1344.6,461
79807,Lottstetten,47.6259,8.5823,-10.5,9.7532,2241,1344.6,414
79809,Weilheim,47.6834,8.219,-10.5,9.1063,2382,1429.2,729
79822,Titisee-Neustadt,47.9366,8.1955,-10.5,7.6767,2760,1655.88,861
79837,"Sankt Blasien",47.7693,8.1095,-10.5,9.1063,2382,1429.2,916
79843,Löffingen,47.883,8.3518,-10.5,7.6767,2760,1655.88,831
79848,"Bonndorf im Schwarzwald",47.809,8.3234,-10.5,7.6767,2760,1655.88,851
79853,Lenzkirch,47.8697,8.2013,-10.5,7.6767,2760,1655.88,813
79856,Hinterzarten,47.8916,8.0645,-10.5,4.7422,3744,2246.46,1072
79859,Schluchsee,47.8158,8.1632,-10.5,7.6767,2760,1655.88,927
79862,Höchenschwand,47.7227,8.1766,-10.5,9.1063,2382,1429.2,965
79865,Grafenhausen,47.7766,8.2558,-10.5,7.6767,2760,1655.88,918
79868,"Feldberg (Schwarzwald)",47.8612,8.0929,-10.5,4.7422,3744,2246.46,1127
79871,"Eisenbach (Hochschwarzwald)",47.9731,8.2817,-10.5,7.6767,2760,1655.88,945
79872,Bernau,47.7931,8.0363,-10.5,4.7422,3744,2246.46,918
79874,Breitnau,47.933,8.087,-10.5,10.3258,2020,1211.82,993
79875,"Dachsberg (Südschwarzwald)",47.6995,8.0871,-10.5,9.1063,2382,1429.2,917
79877,Friedenweiler,47.9229,8.2744,-10.5,7.6767,2760,1655.88,964
79879,Wutach,47.8328,8.4207,-10.5,7.6767,2760,1655.88,790
80331,München,48.1353,11.571,-14.0,10.5038,2034,1220.64,526
80333,München,48.1449,11.5685,-14.0,10.5038,2034,1220.64,521
80335,München,48.1436,11.5541,-14.0,10.5038,2034,1220.64,534
80336,München,48.1329,11.553,-14.0,10.5038,2034,1220.64,521
80337,München,48.1259,11.5584,-14.0,10.5038,2034,1220.64,531
80339,München,48.1354,11.5391,-14.0,10.5038,2034,1220.64,534
80469,München,48.1282,11.5712,-14.0,10.5038,2034,1220.64,525
80538,München,48.1481,11.5911,-14.0,10.5038,2034,1220.64,516
80539,München,48.1451,11.5817,-14.0,10.5038,2034,1220.64,524
80634,München,48.1481,11.5306,-14.0,10.5038,2034,1220.64,526
80636,München,48.1511,11.5422,-14.0,10.5038,2034,1220.64,526
80637,München,48.1623,11.5372,-14.0,10.5038,2034,1220.64,518
80638,München,48.1602,11.4962,-14.0,10.5038,2034,1220.64,537
80639,München,48.1514,11.5135,-14.0,10.5038,2034,1220.64,523
80686,München,48.1302,11.5108,-14.0,10.5038,2034,1220.64,537
80687,München,48.1422,11.506,-14.0,10.5038,2034,1220.64,534
80689,München,48.1321,11.4838,-14.0,10.5038,2034,1220.64,536
80796,München,48.1632,11.5702,-14.0,10.5038,2034,1220.64,517
80797,München,48.1627,11.5574,-14.0,10.5038,2034,1220.64,514
80798,München,48.1554,11.5659,-14.0,10.5038,2034,1220.64,519
80799,München,48.152,11.5759,-14.0,10.5038,2034,1220.64,522
80801,München,48.1588,11.578,-14.0,10.5038,2034,1220.64,519
80802,München,48.16,11.5913,-14.0,10.5038,2034,1220.64,514
80803,München,48.1643,11.5804,-14.0,10.5038,2034,1220.64,516
80804,München,48.1725,11.5771,-14.0,10.5038,2034,1220.64,512
80805,München,48.1727,11.605,-14.0,10.5038,2034,1220.64,509
80807,München,48.1841,11.5855,-14.0,10.5038,2034,1220.64,512
80809,München,48.18,11.5528,-14.0,10.5038,2034,1220.64,515
80933,München,48.2162,11.5574,-14.0,10.5038,2034,1220.64,498
80935,München,48.1987,11.5533,-14.0,10.5038,2034,1220.64,503
80937,München,48.2092,11.5741,-14.0,10.5038,2034,1220.64,499
80939,München,48.204,11.617,-14.0,10.5038,2034,1220.64,498
80992,München,48.1754,11.5223,-14.0,10.5038,2034,1220.64,508
80993,München,48.1864,11.5192,-14.0,10.5038,2034,1220.64,508
80995,München,48.2162,11.5146,-14.0,10.5038,2034,1220.64,496
80997,München,48.1908,11.4829,-14.0,10.5038,2034,1220.64,508
80999,München,48.1912,11.4519,-14.0,10.5038,2034,1220.64,508
81241,München,48.1396,11.4655,-14.0,10.5038,2034,1220.64,532
81243,München,48.1462,11.4365,-14.0,10.5038,2034,1220.64,530
81245,München,48.1641,11.4387,-14.0,10.5038,2034,1220.64,523
81247,München,48.1666,11.4704,-14.0,10.5038,2034,1220.64,520
81249,München,48.1705,11.3971,-14.0,10.5038,2034,1220.64,537
81369,München,48.1106,11.5309,-14.0,10.5038,2034,1220.64,546
81371,München,48.1153,11.5476,-14.0,10.5038,2034,1220.64,531
81373,München,48.1241,11.5319,-14.0,10.5038,2034,1220.64,544
81375,München,48.1188,11.4852,-14.0,10.5038,2034,1220.64,546
81377,München,48.1049,11.4857,-14.0,10.5038,2034,1220.64,552
81379,München,48.0974,11.5319,-14.0,10.5038,2034,1220.64,557
81475,München,48.0887,11.4823,-14.0,10.5038,2034,1220.64,568
81476,München,48.0881,11.4957,-14.0,10.5038,2034,1220.64,562
81477,München,48.0848,11.5092,-14.0,8.829,2486,1491.84,565
81479,München,48.078,11.5231,-14.0,8.829,2486,1491.84,571
81539,München,48.1107,11.5879,-14.0,10.5038,2034,1220.64,543
81541,München,48.1203,11.5863,-14.0,10.5038,2034,1220.64,533
81543,München,48.1139,11.5665,-14.0,10.5038,2034,1220.64,525
81545,München,48.0892,11.5585,-14.0,10.5038,2034,1220.64,558
81547,München,48.1006,11.5768,-14.0,10.5038,2034,1220.64,549
81549,München,48.0977,11.6013,-14.0,10.5038,2034,1220.64,543
81667,München,48.1291,11.6015,-14.0,10.5038,2034,1220.64,537
81669,München,48.1144,11.6083,-14.0,10.5038,2034,1220.64,542
81671,München,48.1215,11.615,-14.0,10.5038,2034,1220.64,538
81673,München,48.1283,11.6315,-14.0,10.5038,2034,1220.64,531
81675,München,48.1391,11.5984,-14.0,10.5038,2034,1220.64,533
81677,München,48.1401,11.6221,-14.0,10.5038,2034,1220.64,530
81679,München,48.147,11.6112,-14.0,10.5038,2034,1220.64,528
81735,München,48.1118,11.638,-14.0,10.5038,2034,1220.64,535
81737,München,48.0963,11.6271,-14.0,10.5038,2034,1220.64,544
81739,München,48.089,11.67,-14.0,8.829,2486,1491.84,553
81825,München,48.1178,11.6605,-14.0,10.5038,2034,1220.64,535
81827,München,48.1078,11.69,-14.0,10.5038,2034,1220.64,552
81829,München,48.133,11.6878,-14.0,10.5038,2034,1220.64,529
81925,München,48.1616,11.6207,-14.0,10.5038,2034,1220.64,525
81927,München,48.1612,11.6374,-14.0,10.5038,2034,1220.64,521
81929,München,48.1608,11.6611,-14.0,10.5038,2034,1220.64,513
82008,Unterhaching,48.0645,11.6191,-14.0,8.829,2486,1491.84,558
82024,Taufkirchen,48.0339,11.6322,-14.0,8.829,2486,1491.84,571
82031,Grünwald,48.0472,11.5328,-14.0,8.829,2486,1491.84,583
82041,Oberhaching,48.0045,11.5895,-14.0,8.829,2486,1491.84,607
82049,"Pullach im Isartal",48.0552,11.5162,-14.0,8.829,2486,1491.84,587
82054,Sauerlach,47.9605,11.6356,-14.0,8.829,2486,1491.84,652
82057,Icking,47.9466,11.4213,-14.0,9.0784,2386,1431.66,698
82061,Neuried,48.0553,11.4526,-14.0,8.829,2486,1491.84,600
82064,Straßlach-Dingharting,47.9981,11.5139,-14.0,8.829,2486,1491.84,639
82065,Baierbrunn,48.018,11.4784,-14.0,8.829,2486,1491.84,630
82067,Schäftlarn,47.9744,11.4637,-14.0,8.829,2486,1491.84,643
82069,Schäftlarn,47.9974,11.4382,-14.0,8.829,2486,1491.84,706
82110,Germering,48.1342,11.3656,-14.0,10.5038,2034,1220.64,538
82131,Gauting,48.0621,11.3781,-14.0,8.829,2486,1491.84,567
82140,Olching,48.2041,11.3363,-14.0,9.2964,2352,1411.5,509
82152,Planegg,48.1042,11.4105,-14.0,10.5038,2034,1220.64,569
82166,Gräfelfing,48.1231,11.4367,-14.0,10.5038,2034,1220.64,540
82178,Puchheim,48.1624,11.3468,-14.0,9.2964,2352,1411.5,523
82194,Gröbenzell,48.1951,11.3777,-14.0,10.5038,2034,1220.64,507
82205,Gilching,48.1103,11.2868,-14.0,9.2964,2352,1411.5,560
82211,"Herrsching am Ammersee",47.9937,11.1488,-14.0,9.1375,2401,1440.72,533
82216,Maisach,48.2353,11.2527,-14.0,9.2964,2352,1411.5,551
82223,Eichenau,48.1632,11.3154,-14.0,9.2964,2352,1411.5,530
82229,Seefeld,48.0391,11.2297,-14.0,9.1375,2401,1440.72,588
82234,Weßling,48.0755,11.2721,-14.0,9.2964,2352,1411.5,594
82237,Wörthsee,48.0779,11.1991,-14.0,9.2964,2352,1411.5,585
82239,Alling,48.1461,11.2843,-14.0,9.2964,2352,1411.5,570
82256,Fürstenfeldbruck,48.1788,11.2288,-14.0,9.2964,2352,1411.5,533
82266,"Inning am Ammersee",48.069,11.1488,-14.0,9.2964,2352,1411.5,558
82269,Geltendorf,48.136,11.0025,-14.0,8.9359,2456,1473.9,570
82272,Moorenweis,48.1653,11.0713,-14.0,9.2964,2352,1411.5,568
82275,Emmering,48.1811,11.2942,-14.0,9.2964,2352,1411.5,513
82276,Adelshofen,48.1881,11.1145,-14.0,9.2964,2352,1411.5,554
82278,Althegnenberg,48.2251,11.0711,-14.0,9.2964,2352,1411.5,539
82279,"Eching am Ammersee",48.0814,11.1163,-14.0,8.9359,2456,1473.9,537
82281,Egenhofen,48.2664,11.1817,-14.0,9.2964,2352,1411.5,499
82284,Grafrath,48.123,11.1646,-14.0,9.2964,2352,1411.5,552
82285,Hattenhofen,48.2209,11.1217,-14.0,9.2964,2352,1411.5,559
82287,Jesenwang,48.1616,11.134,-14.0,9.2964,2352,1411.5,562
82288,Kottgeisering,48.1221,11.1282,-14.0,9.2964,2352,1411.5,557
82290,Landsberied,48.1615,11.1704,-14.0,9.2964,2352,1411.5,560
82291,Mammendorf,48.2062,11.1641,-14.0,9.2964,2352,1411.5,534
82293,Mittelstetten,48.2467,11.0951,-14.0,9.2964,2352,1411.5,536
82294,Oberschweinbach,48.2427,11.1422,-14.0,9.2964,2352,1411.5,541
82296,Schöngeising,48.1342,11.2078,-14.0,9.2964,2352,1411.5,529
82297,Steindorf,48.2149,11.0219,-14.0,9.1214,2413,1447.98,563
82299,Türkenfeld,48.1117,11.0903,-14.0,9.2964,2352,1411.5,590
82319,Starnberg,48.0051,11.3312,-14.0,9.0784,2386,1431.66,656
82327,Tutzing,47.9092,11.2567,-14.0,9.1375,2401,1440.72,714
82335,Berg,47.9618,11.3721,-14.0,9.0784,2386,1431.66,627
82340,Feldafing,47.9349,11.2991,-14.0,9.0784,2386,1431.66,598
82343,Pöcking,47.9748,11.2951,-14.0,9.0784,2386,1431.66,646
82346,Andechs,47.9656,11.201,-14.0,9.1375,2401,1440.72,710
82347,Bernried,47.866,11.2919,-14.0,9.0784,2386,1431.66,613
82349,Krailling,48.0833,11.3368,-14.0,9.2964,2352,1411.5,574
82362,"Weilheim in Oberbayern",47.8453,11.1461,-14.0,9.1375,2401,1440.72,568
82377,Penzberg,47.7594,11.3819,-14.0,9.0784,2386,1431.66,610
82380,Peißenberg,47.7881,11.0676,-14.0,8.2277,2583,1549.98,591
82383,Hohenpeißenberg,47.8009,11.0096,-14.0,8.2277,2583,1549.98,975
82386,Huglfing,47.7674,11.1195,-14.0,8.2277,2583,1549.98,592
82387,Antdorf,47.7519,11.3082,-14.0,9.0784,2386,1431.66,623
82389,Böbing,47.753,11.0039,-14.0,8.2277,2583,1549.98,726
82390,Eberfing,47.7837,11.2135,-14.0,9.1375,2401,1440.72,663
82392,Habach,47.7258,11.2867,-14.0,8.3597,2569,1541.16,667
82393,Iffeldorf,47.7882,11.3188,-14.0,9.0784,2386,1431.66,611
82395,Obersöchering,47.7438,11.2348,-14.0,8.3597,2569,1541.16,679
82396,Pähl,47.9196,11.1694,-14.0,9.1375,2401,1440.72,584
82398,Polling,47.808,11.1301,-14.0,9.1375,2401,1440.72,565
82399,Raisting,47.9045,11.1066,-14.0,9.1375,2401,1440.72,552
82401,Rottenbuch,47.7246,10.9629,-14.0,8.2277,2583,1549.98,817
82402,Seeshaupt,47.822,11.2701,-14.0,9.0784,2386,1431.66,625
82404,Sindelsdorf,47.7188,11.3438,-14.0,9.0784,2386,1431.66,619
82405,Wessobrunn,47.8633,11.0298,-14.0,8.2277,2583,1549.98,731
82407,Wielenbach,47.8658,11.1995,-14.0,9.1375,2401,1440.72,641
82409,Wildsteig,47.6701,10.9482,-14.0,8.3597,2569,1541.16,901
82418,"Murnau am Staffelsee",47.6824,11.1979,-14.0,8.3597,2569,1541.16,696
82431,"Kochel am See",47.6632,11.3838,-14.0,7.3101,2853,1711.98,635
82432,"Kochel am See",47.5967,11.3279,-14.0,7.3101,2853,1711.98,800
82433,"Bad Kohlgrub",47.6596,11.0731,-14.0,8.3597,2569,1541.16,829
82435,Bayersoien,47.6934,10.9972,-14.0,8.3597,2569,1541.16,803
82436,Eglfing,47.736,11.1743,-14.0,8.3597,2569,1541.16,655
82438,Eschenlohe,47.5838,11.1976,-14.0,8.3597,2569,1541.16,836
82439,Großweil,47.6863,11.3025,-14.0,8.3597,2569,1541.16,627
82441,Ohlstadt,47.6316,11.2433,-14.0,8.3597,2569,1541.16,722
82442,Saulgrub,47.6589,11.008,-14.0,8.3597,2569,1541.16,867
82444,Schlehdorf,47.6449,11.3084,-14.0,8.3597,2569,1541.16,704
82445,Schwaigen,47.6316,11.1166,-14.0,8.3597,2569,1541.16,967
82447,Spatzenhausen,47.7223,11.1999,-14.0,8.3597,2569,1541.16,669
82449,"Uffing am Staffelsee",47.7046,11.1078,-14.0,8.3597,2569,1541.16,674
82467,Garmisch-Partenkirchen,47.4654,11.1139,-14.0,8.1595,2669,1601.52,1057
82475,Garmisch-Partenkirchen,47.4108,10.9887,-14.0,-3.4515,6735,4040.88,2357
82481,Mittenwald,47.4803,11.3176,-14.0,7.3101,2853,1711.98,1317
82487,Oberammergau,47.5977,11.0665,-14.0,8.3597,2569,1541.16,840
82488,Ettal,47.5713,11.0351,-14.0,8.1595,2669,1601.52,861
82490,Farchant,47.5349,11.1076,-14.0,8.1595,2669,1601.52,667
82491,Grainau,47.45,11.0081,-14.0,-3.4515,6735,4040.88,1428
82493,Krün,47.485,11.2112,-14.0,7.3101,2853,1711.98,1026
82494,Krün,47.5088,11.235,-14.0,7.3101,2853,1711.98,1125
82496,Oberau,47.5617,11.1554,-14.0,8.1595,2669,1601.52,648
82497,Unterammergau,47.6167,11.0199,-14.0,8.3597,2569,1541.16,863
82499,Wallgau,47.5395,11.2704,-14.0,7.3101,2853,1711.98,1071
82515,Wolfratshausen,47.9121,11.4269,-14.0,9.0784,2386,1431.66,580
82538,Geretsried,47.8743,11.4516,-14.0,9.0784,2386,1431.66,628
82541,Münsing,47.8909,11.3427,-14.0,9.0784,2386,1431.66,654
82544,Egling,47.9326,11.4805,-14.0,8.829,2486,1491.84,645
82547,Eurasburg,47.8351,11.4007,-14.0,9.0784,2386,1431.66,619
82549,Königsdorf,47.8143,11.4706,-14.0,9.0784,2386,1431.66,598
83022,Rosenheim,47.8563,12.1277,-14.0,9.6529,2268,1360.86,451
83024,Rosenheim,47.8734,12.1111,-14.0,9.6529,2268,1360.86,450
83026,Rosenheim,47.8316,12.0997,-14.0,9.6529,2268,1360.86,461
83043,"Bad Aibling",47.8747,12.0159,-14.0,9.6529,2268,1360.86,494
83052,Bruckmühl,47.8892,11.9344,-14.0,9.6529,2268,1360.86,503
83059,Kolbermoor,47.8444,12.0517,-14.0,9.6529,2268,1360.86,465
83064,Raubling,47.785,12.0823,-14.0,2.9715,4390,2634.24,475
83071,Stephanskirchen,47.8559,12.1674,-14.0,9.6529,2268,1360.86,475
83075,"Bad Feilnbach",47.7864,12.0122,-14.0,2.9715,4390,2634.24,483
83080,Oberaudorf,47.6696,12.1351,-14.0,9.2115,2386,1431.9,832
83083,Riedering,47.8396,12.2521,-14.0,9.6529,2268,1360.86,600
83088,Kiefersfelden,47.6244,12.1344,-14.0,9.2115,2386,1431.9,766
83093,"Bad Endorf",47.9019,12.3003,-14.0,9.0792,2419,1451.58,536
83098,Brannenburg,47.7309,12.0812,-14.0,2.9715,4390,2634.24,669
83101,Rohrdorf,47.8017,12.1869,-14.0,9.6529,2268,1360.86,489
83104,Tuntenhausen,47.9346,12.0161,-14.0,9.6529,2268,1360.86,508
83109,Großkarolinenfeld,47.9034,12.0609,-14.0,9.6529,2268,1360.86,485
83112,Frasdorf,47.7957,12.2773,-14.0,9.6529,2268,1360.86,628
83115,Neubeuern,47.7779,12.1462,-14.0,9.6529,2268,1360.86,467
83119,Obing,48.0172,12.4016,-14.0,9.0792,2419,1451.58,572
83122,Samerberg,47.763,12.2205,-14.0,9.6529,2268,1360.86,715
83123,Amerang,48.0102,12.3096,-14.0,9.0792,2419,1451.58,527
83125,Eggstätt,47.93,12.3779,-14.0,9.0792,2419,1451.58,539
83126,"Flintsbach am Inn",47.7148,12.1288,-14.0,2.9715,4390,2634.24,658
83128,Halfing,47.9535,12.2737,-14.0,9.0792,2419,1451.58,502
83129,Höslwang,47.9504,12.3208,-14.0,9.0792,2419,1451.58,578
83131,"Nußdorf am Inn",47.7218,12.1756,-14.0,9.2115,2386,1431.9,799
83132,Pittenhart,47.9718,12.3819,-14.0,9.0792,2419,1451.58,575
83134,Prutting,47.8895,12.1883,-14.0,9.6529,2268,1360.86,507
83135,Schechen,47.9263,12.1203,-14.0,9.6529,2268,1360.86,443
83137,Schonstett,47.9832,12.2533,-14.0,9.0792,2419,1451.58,490
83139,Söchtenau,47.9187,12.2301,-14.0,9.6529,2268,1360.86,481
83209,"Prien am Chiemsee",47.8534,12.3709,-14.0,9.4715,2301,1380.48,518
83224,Grassau,47.7904,12.4256,-14.0,7.8644,2802,1680.9,533
83229,"Aschau im Chiemgau",47.7409,12.31,-14.0,7.8644,2802,1680.9,730
83233,"Bernau am Chiemsee",47.813,12.3697,-14.0,9.4715,2301,1380.48,530
83236,Übersee,47.8215,12.4812,-14.0,9.4715,2301,1380.48,528
83242,"Reit im Winkl",47.6682,12.5194,-14.0,7.8644,2802,1680.9,1189
83246,Unterwössen,47.719,12.4664,-14.0,7.8644,2802,1680.9,653
83250,Marquartstein,47.7556,12.4514,-14.0,7.8644,2802,1680.9,601
83253,Rimsting,47.8721,12.328,-14.0,9.6529,2268,1360.86,564
83254,"Breitbrunn am Chiemsee",47.894,12.3919,-14.0,9.4715,2301,1380.48,541
83256,Chiemsee,47.8934,12.4684,-14.0,9.4715,2301,1380.48,518
83257,"Gstadt am Chiemsee",47.9047,12.4171,-14.0,9.4715,2301,1380.48,557
83259,Schleching,47.7189,12.382,-14.0,7.8644,2802,1680.9,617
83278,Traunstein,47.8685,12.6329,-14.0,8.8271,2456,1473.78,606
83301,Traunreut,47.9546,12.5669,-14.0,9.4715,2301,1380.48,540
83308,Trostberg,48.0204,12.5787,-14.0,9.4458,2319,1391.64,562
83313,Siegsdorf,47.8087,12.6766,-14.0,8.8271,2456,1473.78,753
83317,Teisendorf,47.852,12.8094,-14.0,9.2951,2374,1424.64,495
83324,Ruhpolding,47.73,12.638,-14.0,8.8271,2456,1473.78,1272
83329,"Waging am See",47.9364,12.7239,-14.0,8.8271,2456,1473.78,476
83334,Inzell,47.7662,12.7615,-14.0,9.2951,2374,1424.64,715
83339,Chieming,47.9232,12.5237,-14.0,9.4715,2301,1380.48,532
83342,Tacherting,48.0822,12.4846,-14.0,9.4458,2319,1391.64,538
83346,Bergen,47.793,12.5719,-14.0,8.8271,2456,1473.78,755
83349,Palling,48.0061,12.6481,-14.0,9.4458,2319,1391.64,535
83352,"Altenmarkt an der Alz",48.0068,12.5093,-14.0,9.4458,2319,1391.64,527
83355,Grabenstätt,47.8401,12.5403,-14.0,9.4715,2301,1380.48,529
83358,Seeon-Seebruck,47.9405,12.4495,-14.0,9.4715,2301,1380.48,532
83361,Kienberg,48.0374,12.4683,-14.0,9.4458,2319,1391.64,540
83362,Surberg,47.8664,12.7152,-14.0,8.8271,2456,1473.78,573
83364,Teisendorf,47.824,12.7571,-14.0,8.8271,2456,1473.78,723
83365,Nußdorf,47.9098,12.5938,-14.0,9.4715,2301,1380.48,583
83367,Petting,47.9081,12.827,-14.0,8.8271,2456,1473.78,451
83368,Traunreut,47.9773,12.5724,-14.0,9.4458,2319,1391.64,534
83370,Seeon-Seebruck,47.9706,12.46,-14.0,9.4458,2319,1391.64,537
83371,Traunreut,47.9853,12.5519,-14.0,9.4458,2319,1391.64,510
83373,"Taching am See",47.9782,12.714,-14.0,9.4458,2319,1391.64,535
83374,Traunreut,47.9373,12.6231,-14.0,9.4715,2301,1380.48,561
83376,Seeon-Seebruck,47.9582,12.5024,-14.0,9.4458,2319,1391.64,523
83377,Vachendorf,47.8444,12.5892,-14.0,8.8271,2456,1473.78,554
83379,Wonneberg,47.9027,12.7212,-14.0,8.8271,2456,1473.78,572
83395,Freilassing,47.8443,12.9755,-14.0,9.2951,2374,1424.64,424
83404,Ainring,47.8192,12.9352,-14.0,9.2951,2374,1424.64,444
83410,Laufen,47.938,12.8996,-14.0,9.2951,2374,1424.64,424
83413,Fridolfing,48.001,12.8265,-14.0,9.4458,2319,1391.64,383
83416,Saaldorf,47.8772,12.9271,-14.0,9.2951,2374,1424.64,463
83417,Kirchanschöring,47.9524,12.8228,-14.0,8.8271,2456,1473.78,469
83435,"Bad Reichenhall",47.734,12.8499,-14.0,9.2951,2374,1424.64,549
83451,Piding,47.7597,12.8971,-14.0,9.2951,2374,1424.64,486
83454,Anger,47.7925,12.8596,-14.0,9.2951,2374,1424.64,530
83457,"Bayerisch Gmain",47.7066,12.9018,-14.0,9.2951,2374,1424.64,947
83458,Schneizlreuth,47.7025,12.7647,-14.0,9.2951,2374,1424.64,1046
83471,Berchtesgaden,47.5821,13.0021,-14.0,9.2951,2374,1424.64,930
83483,Bischofswiesen,47.6611,12.943,-14.0,9.2951,2374,1424.64,783
83486,"Ramsau bei Berchtesgaden",47.5889,12.8777,-14.0,9.2951,2374,1424.64,1853
83487,Marktschellenberg,47.6823,13.0503,-14.0,9.2951,2374,1424.64,572
83512,"Wasserburg am Inn",48.0578,12.1939,-14.0,9.0792,2419,1451.58,490
83527,"Haag in Oberbayern",48.175,12.1777,-14.0,9.2707,2359,1415.28,571
83530,Schnaitsee,48.078,12.3939,-14.0,9.0792,2419,1451.58,548
83533,Edling,48.0681,12.1559,-14.0,9.0792,2419,1451.58,482
83536,"Gars am Inn",48.1466,12.2399,-14.0,9.0792,2419,1451.58,555
83539,Pfaffing,48.0507,12.1029,-14.0,9.2707,2359,1415.28,487
83543,"Rott am Inn",47.9868,12.1292,-14.0,9.6529,2268,1360.86,481
83544,Albaching,48.1057,12.1149,-14.0,9.2707,2359,1415.28,520
83546,"Gars am Inn",48.1809,12.3246,-14.0,9.3553,2368,1420.56,594
83547,Babensham,48.083,12.3014,-14.0,9.0792,2419,1451.58,516
83549,Eiselfing,48.0242,12.2408,-14.0,9.0792,2419,1451.58,478
83550,Emmering,47.9886,12.0537,-14.0,9.2707,2359,1415.28,487
83553,Frauenneuharting,48.0287,12.0461,-14.0,9.2707,2359,1415.28,523
83555,"Gars am Inn",48.1415,12.2991,-14.0,9.0792,2419,1451.58,478
83556,Griesstätt,47.9895,12.1866,-14.0,9.0792,2419,1451.58,478
83558,Maitenbeth,48.1456,12.0916,-14.0,9.2707,2359,1415.28,614
83559,"Gars am Inn",48.1495,12.3255,-14.0,9.0792,2419,1451.58,435
83561,Ramerberg,48.0159,12.1402,-14.0,9.0792,2419,1451.58,477
83562,Rechtmehring,48.1215,12.1676,-14.0,9.2707,2359,1415.28,485
83564,Soyen,48.1073,12.2139,-14.0,9.0792,2419,1451.58,496
83567,Unterreit,48.1263,12.3347,-14.0,9.0792,2419,1451.58,503
83569,Vogtareuth,47.9347,12.1756,-14.0,9.6529,2268,1360.86,485
83607,Holzkirchen,47.8633,11.6783,-14.0,8.871,2468,1480.74,737
83620,Feldkirchen-Westerham,47.9172,11.858,-14.0,8.871,2468,1480.74,637
83623,Dietramszell,47.867,11.5929,-14.0,8.871,2468,1480.74,698
83624,Otterfing,47.9138,11.6773,-14.0,8.871,2468,1480.74,666
83626,Valley,47.8867,11.76,-14.0,8.871,2468,1480.74,659
83627,Warngau,47.818,11.7389,-14.0,8.871,2468,1480.74,808
83629,Weyarn,47.8631,11.8183,-14.0,8.871,2468,1480.74,650
83646,"Bad Tölz",47.7729,11.5348,-14.0,8.871,2468,1480.74,682
83661,Lenggries,47.6538,11.5661,-14.0,8.871,2468,1480.74,764
83666,Waakirchen,47.7712,11.6792,-14.0,8.871,2468,1480.74,773
83670,"Bad Heilbrunn",47.7463,11.4548,-14.0,9.0784,2386,1431.66,683
83671,Benediktbeuern,47.6806,11.4503,-14.0,9.0784,2386,1431.66,852
83673,Bichl,47.7273,11.4086,-14.0,9.0784,2386,1431.66,612
83674,Gaißach,47.7245,11.5952,-14.0,8.871,2468,1480.74,877
83676,Jachenau,47.6072,11.4522,-14.0,7.3101,2853,1711.98,928
83677,Reichersbeuern,47.7623,11.6188,-14.0,8.871,2468,1480.74,701
83679,Sachsenkam,47.808,11.6295,-14.0,8.871,2468,1480.74,709
83684,Tegernsee,47.7118,11.7687,-14.0,2.9715,4390,2634.24,820
83700,Rottach-Egern,47.6494,11.825,-14.0,2.9715,4390,2634.24,1128
83703,"Gmund am Tegernsee",47.7506,11.7569,-14.0,8.871,2468,1480.74,781
83707,"Bad Wiessee",47.7011,11.6939,-14.0,8.871,2468,1480.74,980
83708,Kreuth,47.6319,11.7319,-14.0,2.9715,4390,2634.24,1183
83714,Miesbach,47.7936,11.8397,-14.0,8.871,2468,1480.74,712
83727,Schliersee,47.6878,11.8752,-14.0,2.9715,4390,2634.24,1205
83730,Fischbachau,47.743,11.9432,-14.0,2.9715,4390,2634.24,760
83734,Hausham,47.7508,11.8179,-14.0,2.9715,4390,2634.24,783
83735,Bayrischzell,47.6621,11.9856,-14.0,2.9715,4390,2634.24,1193
83737,Irschenberg,47.822,11.8907,-14.0,2.9715,4390,2634.24,672
84028,Landshut,48.5424,12.171,-14.0,9.8307,2244,1346.1,394
84030,Ergolding,48.5872,12.1414,-14.0,9.8307,2244,1346.1,442
84032,Altdorf,48.5619,12.0863,-14.0,9.8307,2244,1346.1,450
84034,Landshut,48.5289,12.0954,-14.0,9.8307,2244,1346.1,395
84036,Landshut,48.5035,12.1833,-14.0,9.8307,2244,1346.1,482
84048,Mainburg,48.635,11.7586,-14.0,9.5058,2310,1385.82,438
84051,Essenbach,48.6204,12.2231,-14.0,9.8307,2244,1346.1,397
84056,"Rottenburg an der Laaber",48.7138,12.0215,-14.0,9.5058,2310,1385.82,428
84061,Ergoldsbach,48.6932,12.222,-14.0,10.103,2169,1301.16,459
84066,Mallersdorf-Pfaffenberg,48.7628,12.2362,-14.0,10.103,2169,1301.16,388
84069,Schierling,48.8323,12.1532,-14.0,8.5348,2587,1552.38,373
84072,"Au in der Hallertau",48.5531,11.7065,-14.0,9.4047,2335,1400.76,475
84076,Pfeffenhausen,48.6582,11.9314,-14.0,9.5058,2310,1385.82,453
84079,Bruckberg,48.5418,11.9999,-14.0,9.8307,2244,1346.1,446
84082,Laberweinting,48.7702,12.3209,-14.0,10.103,2169,1301.16,420
84085,Langquaid,48.8457,12.0585,-14.0,8.5348,2587,1552.38,423
84088,"Neufahrn in Niederbayern",48.7373,12.1404,-14.0,8.5348,2587,1552.38,437
84089,Aiglsbach,48.691,11.7192,-14.0,9.5058,2310,1385.82,424
84091,Attenhofen,48.6555,11.8471,-14.0,9.5058,2310,1385.82,467
84092,"Bayerbach bei Ergoldsbach",48.7126,12.2932,-14.0,10.103,2169,1301.16,407
84094,Elsendorf,48.7019,11.8157,-14.0,9.5058,2310,1385.82,422
84095,Furth,48.5876,12.0187,-14.0,9.8307,2244,1346.1,432
84097,Herrngiersdorf,48.786,12.0751,-14.0,8.5348,2587,1552.38,407
84098,Hohenthann,48.6599,12.103,-14.0,8.5348,2587,1552.38,505
84100,Niederaichbach,48.5929,12.3236,-14.0,9.8307,2244,1346.1,458
84101,Obersüßbach,48.5994,11.9318,-14.0,9.5058,2310,1385.82,484
84103,Postau,48.6605,12.3109,-14.0,9.8307,2244,1346.1,422
84104,Rudelzhausen,48.5885,11.7919,-14.0,9.5058,2310,1385.82,439
84106,Volkenschwand,48.6093,11.8639,-14.0,9.5058,2310,1385.82,489
84107,Weihmichl,48.6178,12.0296,-14.0,9.5058,2310,1385.82,469
84109,"Wörth an der Isar",48.6248,12.3418,-14.0,9.8307,2244,1346.1,369
84130,Dingolfing,48.6293,12.4843,-14.0,9.6466,2292,1375.2,356
84137,Vilsbiburg,48.4387,12.3401,-14.0,9.8307,2244,1346.1,451
84140,Gangkofen,48.4483,12.5678,-14.0,9.6466,2289,1373.4,477
84144,Geisenhausen,48.468,12.2598,-14.0,9.8307,2244,1346.1,466
84149,Velden,48.3605,12.2558,-14.0,9.3553,2368,1420.56,476
84152,Mengkofen,48.7338,12.4205,-14.0,9.6466,2292,1375.2,449
84155,Bodenkirchen,48.4008,12.4011,-14.0,9.3553,2368,1420.56,480
84160,Frontenhausen,48.5255,12.5281,-14.0,9.6466,2292,1375.2,470
84163,Marklkofen,48.5634,12.5669,-14.0,9.6466,2292,1375.2,400
84164,Moosthenning,48.6761,12.4654,-14.0,9.6466,2292,1375.2,381
84166,Adlkofen,48.5377,12.2688,-14.0,9.8307,2244,1346.1,493
84168,Aham,48.5336,12.4612,-14.0,9.6466,2292,1375.2,441
84169,Altfraunhofen,48.4497,12.1814,-14.0,9.8307,2244,1346.1,466
84171,Baierbach,48.4103,12.2064,-14.0,9.8307,2244,1346.1,481
84172,"Buch am Erlbach",48.4401,12.0501,-14.0,9.5389,2304,1382.28,509
84174,Eching,48.4844,12.0455,-14.0,9.8307,2244,1346.1,444
84175,Gerzen,48.4869,12.421,-14.0,9.8307,2244,1346.1,441
84177,Gottfrieding,48.6296,12.5385,-14.0,9.6466,2292,1375.2,460
84178,Kröning,48.5477,12.3713,-14.0,9.8307,2244,1346.1,511
84180,Loiching,48.5866,12.4311,-14.0,9.6466,2292,1375.2,434
84181,Neufraunhofen,48.3835,12.2113,-14.0,9.8307,2244,1346.1,472
84183,Niederviehbach,48.6059,12.3893,-14.0,9.8307,2244,1346.1,441
84184,Tiefenbach,48.4899,12.1117,-14.0,9.8307,2244,1346.1,487
84186,Vilsheim,48.4478,12.124,-14.0,9.8307,2244,1346.1,468
84187,Weng,48.666,12.3652,-14.0,9.6466,2292,1375.2,423
84189,Wurmsham,48.3586,12.3257,-14.0,9.3553,2368,1420.56,469
84307,Eggenfelden,48.4072,12.7517,-14.0,9.6466,2289,1373.4,407
84323,Massing,48.3973,12.6209,-14.0,9.6466,2289,1373.4,439
84326,Falkenberg,48.4672,12.7014,-14.0,9.6466,2289,1373.4,432
84329,Wurmannsquick,48.3527,12.8014,-14.0,9.6466,2289,1373.4,494
84332,Hebertsfelden,48.4254,12.8186,-14.0,9.6466,2289,1373.4,426
84333,Malgersdorf,48.5227,12.7427,-14.0,9.6466,2289,1373.4,431
84335,Mitterskirchen,48.35,12.7221,-14.0,9.6466,2289,1373.4,426
84337,Schönau,48.4928,12.8411,-14.0,9.6466,2289,1373.4,429
84339,Unterdietfurt,48.3878,12.6774,-14.0,9.6466,2289,1373.4,420
84347,Pfarrkirchen,48.441,12.9576,-14.0,9.6466,2289,1373.4,462
84359,"Simbach am Inn",48.2851,13.017,-14.0,9.8545,2234,1340.64,419
84364,"Bad Birnbach",48.4505,13.0731,-14.0,9.7471,2268,1360.5,416
84367,Tann,48.3139,12.8999,-14.0,9.8545,2234,1340.64,462
84371,Triftern,48.3942,13.0203,-14.0,9.8545,2234,1340.64,431
84375,"Kirchdorf am Inn",48.2283,12.9586,-14.0,9.8545,2234,1340.64,348
84378,Dietersburg,48.4982,12.9163,-14.0,9.6466,2289,1373.4,414
84381,Johanniskirchen,48.5506,12.9675,-14.0,9.7471,2268,1360.5,371
84384,Wittibreut,48.3418,13.0045,-14.0,9.8545,2234,1340.64,513
84385,Egglham,48.5216,13.062,-14.0,9.7471,2268,1360.5,399
84387,Julbach,48.2554,12.9458,-14.0,9.8545,2234,1340.64,373
84389,Postmünster,48.4273,12.8893,-14.0,9.6466,2289,1373.4,396
84405,Dorfen,48.2903,12.1583,-14.0,9.2707,2359,1415.28,443
84416,"Taufkirchen (Vils)",48.3383,12.1277,-14.0,9.5389,2304,1382.28,468
84419,Schwindegg,48.253,12.2646,-14.0,9.3553,2368,1420.56,475
84424,Isen,48.1942,12.0595,-14.0,9.2707,2359,1415.28,548
84427,"Sankt Wolfgang",48.2184,12.1405,-14.0,9.2707,2359,1415.28,534
84428,Buchbach,48.305,12.32,-14.0,9.3553,2368,1420.56,488
84431,Heldenstein,48.2433,12.3341,-14.0,9.3553,2368,1420.56,484
84432,Hohenpolding,48.3941,12.1315,-14.0,9.8307,2244,1346.1,504
84434,Kirchberg,48.4072,12.0543,-14.0,9.5389,2304,1382.28,516
84435,Lengdorf,48.2598,12.0435,-14.0,9.2707,2359,1415.28,485
84437,Reichertsheim,48.1779,12.247,-14.0,9.0792,2419,1451.58,539
84439,Steinkirchen,48.3789,12.0904,-14.0,9.5389,2304,1382.28,495
84453,"Mühldorf am Inn",48.2503,12.5268,-14.0,9.3553,2368,1420.56,405
84478,Waldkraiburg,48.2048,12.4056,-14.0,9.3553,2368,1420.56,439
84489,Burghausen,48.1838,12.8367,-14.0,9.8545,2234,1340.64,417
84494,"Neumarkt-Sankt Veit",48.3513,12.5178,-14.0,9.3553,2368,1420.56,479
84503,Altötting,48.2235,12.672,-14.0,9.3553,2368,1420.56,399
84508,"Burgkirchen an der Alz",48.1502,12.7351,-14.0,9.4458,2319,1391.64,460
84513,"Töging am Inn",48.2624,12.5859,-14.0,9.3553,2368,1420.56,402
84518,"Garching an der Alz",48.1299,12.5869,-14.0,9.4458,2319,1391.64,446
84524,Neuötting,48.2384,12.734,-14.0,9.3553,2368,1420.56,429
84529,Tittmoning,48.0463,12.7392,-14.0,9.4458,2319,1391.64,449
84533,Marktl,48.2361,12.8528,-14.0,9.8545,2234,1340.64,387
84539,Ampfing,48.2502,12.4137,-14.0,9.3553,2368,1420.56,421
84543,Winhöring,48.2719,12.6568,-14.0,9.3553,2368,1420.56,435
84544,"Aschau am Inn",48.1956,12.3556,-14.0,9.3553,2368,1420.56,450
84546,Egglkofen,48.3923,12.4553,-14.0,9.3553,2368,1420.56,458
84547,Emmerting,48.2056,12.7599,-14.0,9.3553,2368,1420.56,413
84549,Engelsberg,48.1261,12.5182,-14.0,9.4458,2319,1391.64,473
84550,"Feichten an der Alz",48.0879,12.6005,-14.0,9.4458,2319,1391.64,501
84552,Geratskirchen,48.3489,12.656,-14.0,9.3553,2368,1420.56,474
84553,Halsbach,48.1191,12.6829,-14.0,9.4458,2319,1391.64,469
84555,Jettenbach,48.1644,12.3731,-14.0,9.3553,2368,1420.56,408
84556,Kastl,48.1883,12.6941,-14.0,9.3553,2368,1420.56,442
84558,Kirchweidach,48.0734,12.6553,-14.0,9.4458,2319,1391.64,517
84559,"Kraiburg am Inn",48.1844,12.4476,-14.0,9.3553,2368,1420.56,452
84561,Mehring,48.1818,12.7916,-14.0,9.8545,2234,1340.64,412
84562,Mettenheim,48.2759,12.4815,-14.0,9.3553,2368,1420.56,407
84564,Oberbergkirchen,48.3136,12.3861,-14.0,9.3553,2368,1420.56,456
84565,Oberneukirchen,48.1669,12.5157,-14.0,9.3553,2368,1420.56,449
84567,Erlbach,48.2994,12.7784,-14.0,9.8545,2234,1340.64,494
84568,Pleiskirchen,48.3146,12.6216,-14.0,9.3553,2368,1420.56,458
84570,Polling,48.2051,12.5503,-14.0,9.3553,2368,1420.56,440
84571,Reischach,48.2965,12.715,-14.0,9.3553,2368,1420.56,438
84573,Schönberg,48.3453,12.4252,-14.0,9.3553,2368,1420.56,480
84574,Taufkirchen,48.1373,12.445,-14.0,9.4458,2319,1391.64,478
84576,Teising,48.2291,12.6114,-14.0,9.3553,2368,1420.56,403
84577,Tüßling,48.2036,12.6103,-14.0,9.3553,2368,1420.56,444
84579,Unterneukirchen,48.1668,12.628,-14.0,9.3553,2368,1420.56,459
85049,Ingolstadt,48.7599,11.3365,-14.0,9.6463,2289,1373.4,371
85051,Ingolstadt,48.7198,11.3996,-14.0,9.9553,2216,1329.6,367
85053,Ingolstadt,48.7453,11.4641,-14.0,9.9553,2216,1329.6,363
85055,Ingolstadt,48.7796,11.4458,-14.0,9.7058,2261,1356.84,374
85057,Ingolstadt,48.7801,11.4045,-14.0,9.7058,2261,1356.84,379
85072,Eichstätt,48.8872,11.1764,-14.0,9.1548,2410,1446.12,432
85077,Manching,48.7131,11.5009,-14.0,9.9553,2216,1329.6,368
85080,Gaimersheim,48.8148,11.3669,-14.0,9.7058,2261,1356.84,393
85084,Reichertshofen,48.655,11.5166,-14.0,9.9553,2216,1329.6,389
85088,"Vohburg an der Donau",48.7713,11.6084,-14.0,9.9553,2216,1329.6,356
85092,Kösching,48.8349,11.5194,-14.0,9.7058,2261,1356.84,405
85095,Denkendorf,48.9263,11.4822,-14.0,9.2304,2392,1435.2,501
85098,Großmehring,48.7804,11.5443,-14.0,9.7058,2261,1356.84,388
85101,Lenting,48.8072,11.456,-14.0,9.7058,2261,1356.84,383
85104,Pförring,48.8125,11.6821,-14.0,9.7058,2261,1356.84,354
85107,Baar-Ebenhausen,48.6779,11.4794,-14.0,9.9553,2216,1329.6,371
85110,Kipfenberg,48.9417,11.3842,-14.0,9.2304,2392,1435.2,496
85111,Adelschlag,48.8454,11.226,-14.0,9.1548,2410,1446.12,452
85113,Böhmfeld,48.8688,11.3724,-14.0,9.7058,2261,1356.84,452
85114,Buxheim,48.8029,11.2933,-14.0,9.1548,2410,1446.12,389
85116,Egweil,48.7839,11.2287,-14.0,9.6463,2289,1373.4,399
85117,Eitensheim,48.8228,11.3237,-14.0,9.1548,2410,1446.12,403
85119,Ernsgaden,48.7213,11.5683,-14.0,9.9553,2216,1329.6,361
85120,Hepberg,48.8269,11.4608,-14.0,9.7058,2261,1356.84,436
85122,Hitzhofen,48.875,11.3167,-14.0,9.1548,2410,1446.12,456
85123,Karlskron,48.6655,11.4084,-14.0,9.9553,2216,1329.6,374
85125,Kinding,49.0072,11.4066,-14.0,9.2304,2392,1435.2,497
85126,Münchsmünster,48.7628,11.6615,-14.0,9.9553,2216,1329.6,353
85128,Nassenfels,48.8078,11.2057,-14.0,9.1548,2410,1446.12,439
85129,Oberdolling,48.8386,11.5912,-14.0,9.7058,2261,1356.84,406
85131,Pollenfeld,48.9378,11.2103,-14.0,9.1548,2410,1446.12,536
85132,Schernfeld,48.9328,11.1011,-14.0,9.1548,2410,1446.12,566
85134,Stammham,48.8636,11.4581,-14.0,9.7058,2261,1356.84,489
85135,Titting,49.0064,11.2267,-14.0,9.1548,2410,1446.12,523
85137,Walting,48.9267,11.2993,-14.0,9.1548,2410,1446.12,515
85139,Wettstetten,48.8291,11.4145,-14.0,9.7058,2261,1356.84,411
85221,Dachau,48.259,11.4389,-14.0,10.5038,2034,1220.64,482
85229,"Markt Indersdorf",48.3787,11.3489,-14.0,9.3715,2350,1409.76,493
85232,Bergkirchen,48.2651,11.3787,-14.0,9.2964,2352,1411.5,508
85235,Odelzhausen,48.3172,11.1884,-14.0,9.2964,2352,1411.5,496
85238,Petershausen,48.4093,11.476,-14.0,9.3715,2350,1409.76,455
85241,Hebertshausen,48.295,11.493,-14.0,10.5038,2034,1220.64,475
85244,Röhrmoos,48.333,11.4574,-14.0,9.3715,2350,1409.76,481
85247,Schwabhausen,48.3038,11.3435,-14.0,9.3715,2350,1409.76,490
85250,Altomünster,48.3911,11.2379,-14.0,9.3715,2350,1409.76,519
85253,Erdweg,48.3323,11.2841,-14.0,9.3715,2350,1409.76,476
85254,Sulzemoos,48.2825,11.26,-14.0,9.2964,2352,1411.5,504
85256,Vierkirchen,48.3664,11.461,-14.0,9.3715,2350,1409.76,488
85258,Weichs,48.3885,11.4113,-14.0,9.3715,2350,1409.76,495
85259,Sulzemoos,48.2978,11.2335,-14.0,9.2964,2352,1411.5,491
85276,"Pfaffenhofen an der Ilm",48.5497,11.5093,-14.0,9.9553,2216,1329.6,449
85283,Wolnzach,48.6025,11.6293,-14.0,9.9553,2216,1329.6,423
85290,Geisenfeld,48.7003,11.6186,-14.0,9.9553,2216,1329.6,369
85293,Reichertshausen,48.4553,11.4781,-14.0,9.3715,2350,1409.76,506
85296,Rohrbach,48.61,11.5449,-14.0,9.9553,2216,1329.6,450
85298,Scheyern,48.5007,11.4333,-14.0,9.3715,2350,1409.76,454
85301,Schweitenkirchen,48.5103,11.6129,-14.0,9.4047,2335,1400.76,490
85302,Gerolsbach,48.4919,11.3567,-14.0,9.3715,2350,1409.76,459
85304,Ilmmünster,48.4848,11.5188,-14.0,9.4047,2335,1400.76,479
85305,Jetzendorf,48.4372,11.4075,-14.0,9.3715,2350,1409.76,479
85307,Paunzhausen,48.4722,11.5634,-14.0,9.4047,2335,1400.76,497
85309,Pörnbach,48.6141,11.4709,-14.0,9.9553,2216,1329.6,428
85354,Freising,48.3914,11.7115,-14.0,9.4047,2335,1400.76,446
85356,Freising,48.368,11.7584,-14.0,9.5389,2304,1382.28,445
85368,"Moosburg an der Isar",48.4684,11.923,-14.0,9.5389,2304,1382.28,416
85375,"Neufahrn bei Freising",48.3222,11.6717,-14.0,9.4047,2335,1400.76,462
85376,"Neufahrn bei Freising",48.3568,11.6427,-14.0,9.4047,2335,1400.76,509
85386,Eching,48.2951,11.6212,-14.0,9.4047,2335,1400.76,471
85391,Allershausen,48.4372,11.5869,-14.0,9.4047,2335,1400.76,446
85395,Attenkirchen,48.499,11.7259,-14.0,9.4047,2335,1400.76,486
85399,Hallbergmoos,48.3165,11.7267,-14.0,9.5389,2304,1382.28,459
85402,Kranzberg,48.3984,11.6205,-14.0,9.4047,2335,1400.76,474
85405,Nandlstadt,48.535,11.8112,-14.0,9.4047,2335,1400.76,497
85406,Zolling,48.4635,11.7691,-14.0,9.4047,2335,1400.76,443
85408,Gammelsdorf,48.5515,11.9406,-14.0,9.5058,2310,1385.82,507
85410,"Haag an der Amper",48.4724,11.8308,-14.0,9.4047,2335,1400.76,464
85411,Hohenkammer,48.4251,11.5328,-14.0,9.4047,2335,1400.76,449
85413,Hörgertshausen,48.5529,11.8644,-14.0,9.5058,2310,1385.82,477
85414,"Kirchdorf an der Amper",48.4626,11.6568,-14.0,9.4047,2335,1400.76,451
85416,Langenbach,48.435,11.8559,-14.0,9.5389,2304,1382.28,447
85417,Marzling,48.4071,11.807,-14.0,9.5389,2304,1382.28,459
85419,Mauern,48.5183,11.9061,-14.0,9.5389,2304,1382.28,464
85435,Erding,48.3062,11.9141,-14.0,9.5389,2304,1382.28,466
85445,Oberding,48.3244,11.8375,-14.0,9.5389,2304,1382.28,454
85447,Fraunberg,48.3647,12.015,-14.0,9.5389,2304,1382.28,447
85452,Moosinning,48.2778,11.8002,-14.0,9.5389,2304,1382.28,470
85456,Wartenberg,48.3935,11.9733,-14.0,9.5389,2304,1382.28,431
85457,Wörth,48.2431,11.9172,-14.0,9.5389,2304,1382.28,494
85459,Berglern,48.3903,11.9217,-14.0,9.5389,2304,1382.28,432
85461,Bockhorn,48.3091,11.9962,-14.0,9.5389,2304,1382.28,456
85462,Eitting,48.3797,11.8739,-14.0,9.5389,2304,1382.28,434
85464,Finsing,48.233,11.7784,-14.0,9.5389,2304,1382.28,489
85465,Langenpreising,48.4303,11.9583,-14.0,9.5389,2304,1382.28,418
85467,Neuching,48.2479,11.8344,-14.0,9.5389,2304,1382.28,482
85469,Walpertskirchen,48.2582,11.9767,-14.0,9.5389,2304,1382.28,493
85521,Ottobrunn,48.0594,11.6758,-14.0,8.829,2486,1491.84,563
85540,Haar,48.1179,11.7328,-14.0,10.5038,2034,1220.64,538
85551,"Kirchheim bei München",48.1775,11.7491,-14.0,10.5038,2034,1220.64,511
85560,Ebersberg,48.0944,11.972,-14.0,9.2707,2359,1415.28,618
85567,"Grafing bei München",48.0352,11.9505,-14.0,9.2707,2359,1415.28,531
85570,"Markt Schwaben",48.199,11.8697,-14.0,9.2707,2359,1415.28,504
85579,Neubiberg,48.0788,11.6335,-14.0,8.829,2486,1491.84,550
85586,Poing,48.1684,11.7989,-14.0,9.2707,2359,1415.28,515
85591,Vaterstetten,48.1144,11.7717,-14.0,9.2707,2359,1415.28,543
85598,Zorneding,48.1133,11.7997,-14.0,9.2707,2359,1415.28,542
85599,Vaterstetten,48.1388,11.7948,-14.0,9.2707,2359,1415.28,528
85604,Zorneding,48.0796,11.8222,-14.0,9.2707,2359,1415.28,558
85609,Aschheim,48.1849,11.7148,-14.0,10.5038,2034,1220.64,505
85614,Kirchseeon,48.0863,11.8831,-14.0,9.2707,2359,1415.28,577
85617,Aßling,47.986,12.004,-14.0,9.2707,2359,1415.28,487
85622,Feldkirchen,48.1377,11.7633,-14.0,10.5038,2034,1220.64,530
85625,Glonn,47.9796,11.8846,-14.0,9.2707,2359,1415.28,601
85630,Grasbrunn,48.0755,11.7635,-14.0,9.2707,2359,1415.28,560
85635,Höhenkirchen-Siegertsbrunn,48.019,11.7385,-14.0,8.829,2486,1491.84,587
85640,Putzbrunn,48.0816,11.7061,-14.0,8.829,2486,1491.84,552
85643,Steinhöring,48.1051,12.0383,-14.0,9.2707,2359,1415.28,535
85646,Anzing,48.1549,11.8523,-14.0,9.2707,2359,1415.28,524
85649,Brunnthal,47.9959,11.6859,-14.0,8.829,2486,1491.84,597
85652,Pliening,48.2017,11.7831,-14.0,9.5389,2304,1382.28,501
85653,Aying,47.9666,11.7674,-14.0,8.871,2468,1480.74,602
85656,"Buch am Buchrain",48.2166,12.001,-14.0,9.2707,2359,1415.28,542
85658,Egmating,47.9982,11.7981,-14.0,8.871,2468,1480.74,626
85659,Forstern,48.1822,11.9834,-14.0,9.2707,2359,1415.28,524
85661,Forstinning,48.1721,11.9005,-14.0,9.2707,2359,1415.28,506
85662,Hohenbrunn,48.0508,11.7149,-14.0,8.829,2486,1491.84,567
85664,Hohenlinden,48.1445,11.987,-14.0,9.2707,2359,1415.28,568
85665,Moosach,48.0333,11.8695,-14.0,9.2707,2359,1415.28,528
85667,Oberpframmern,48.0337,11.814,-14.0,9.2707,2359,1415.28,588
85669,Pastetten,48.2063,11.9412,-14.0,9.2707,2359,1415.28,501
85716,Unterschleißheim,48.2793,11.5696,-14.0,10.5038,2034,1220.64,475
85737,Ismaning,48.2432,11.7056,-14.0,9.5389,2304,1382.28,485
85748,"Garching bei München",48.2457,11.6431,-14.0,10.5038,2034,1220.64,485
85757,Karlsfeld,48.2284,11.4622,-14.0,10.5038,2034,1220.64,488
85764,Oberschleißheim,48.2453,11.5613,-14.0,10.5038,2034,1220.64,489
85774,Unterföhring,48.1888,11.6509,-14.0,10.5038,2034,1220.64,513
85777,Fahrenzhausen,48.3609,11.5621,-14.0,9.4047,2335,1400.76,471
85778,Haimhausen,48.3202,11.5513,-14.0,9.4047,2335,1400.76,460
86150,Augsburg,48.3651,10.8945,-14.0,9.3126,2346,1407.9,494
86152,Augsburg,48.3735,10.8934,-14.0,9.3126,2346,1407.9,498
86153,Augsburg,48.3845,10.8932,-14.0,9.3126,2346,1407.9,471
86154,Augsburg,48.3951,10.8779,-14.0,9.3126,2346,1407.9,474
86156,Augsburg,48.3891,10.8574,-14.0,9.3126,2346,1407.9,484
86157,Augsburg,48.3616,10.8652,-14.0,9.3126,2346,1407.9,483
86159,Augsburg,48.3372,10.896,-14.0,9.3126,2346,1407.9,500
86161,Augsburg,48.3458,10.9209,-14.0,9.3126,2346,1407.9,506
86163,Augsburg,48.3481,10.9458,-14.0,9.3126,2346,1407.9,485
86165,Augsburg,48.3802,10.9428,-14.0,9.3126,2346,1407.9,474
86167,Augsburg,48.3946,10.9274,-14.0,9.3126,2346,1407.9,470
86169,Augsburg,48.4167,10.9054,-14.0,9.3126,2346,1407.9,460
86179,Augsburg,48.3029,10.9229,-14.0,9.3126,2346,1407.9,512
86199,Augsburg,48.3192,10.8306,-14.0,9.3126,2346,1407.9,497
86316,Friedberg,48.3461,11.0084,-14.0,9.3126,2346,1407.9,516
86343,Königsbrunn,48.2602,10.8849,-14.0,9.1214,2413,1447.98,521
86356,Neusäß,48.3896,10.8113,-14.0,9.3126,2346,1407.9,457
86368,Gersthofen,48.4273,10.8169,-14.0,9.3126,2346,1407.9,472
86381,"Krumbach (Schwaben)",48.244,10.3785,-14.0,9.3041,2353,1411.56,537
86391,Stadtbergen,48.3579,10.831,-14.0,9.3126,2346,1407.9,497
86399,Bobingen,48.2775,10.7639,-14.0,9.1214,2413,1447.98,591
86405,Meitingen,48.5368,10.8486,-14.0,9.3126,2346,1407.9,436
86415,Mering,48.2618,11.023,-14.0,9.2964,2352,1411.5,535
86420,Diedorf,48.3556,10.7672,-14.0,9.3126,2346,1407.9,468
86424,Dinkelscherben,48.3373,10.5824,-14.0,9.3041,2353,1411.56,476
86438,Kissing,48.3027,10.9762,-14.0,9.3126,2346,1407.9,501
86441,Zusmarshausen,48.4004,10.5883,-14.0,9.6537,2265,1359.0,446
86444,Affing,48.4522,10.963,-14.0,9.3126,2346,1407.9,462
86447,Aindling,48.5207,10.9588,-14.0,9.3126,2346,1407.9,478
86450,Altenmünster,48.4578,10.5725,-14.0,9.6537,2265,1359.0,451
86453,Dasing,48.382,11.073,-14.0,9.3126,2346,1407.9,499
86456,Gablingen,48.4544,10.8082,-14.0,9.3126,2346,1407.9,483
86459,Gessertshausen,48.3047,10.7178,-14.0,9.1214,2413,1447.98,497
86462,"Langweid am Lech",48.4841,10.8379,-14.0,9.3126,2346,1407.9,453
86465,Welden,48.4555,10.6563,-14.0,9.6537,2265,1359.0,467
86470,Thannhausen,48.2795,10.4782,-14.0,9.3041,2353,1411.56,556
86473,Ziemetshausen,48.2877,10.547,-14.0,9.3041,2353,1411.56,518
86476,"Neuburg an der Kammel",48.3121,10.3837,-14.0,9.3041,2353,1411.56,500
86477,Adelsried,48.4251,10.7237,-14.0,9.3126,2346,1407.9,503
86479,Aichen,48.2274,10.5446,-14.0,9.3041,2353,1411.56,531
86480,Aletshausen,48.1925,10.3753,-14.0,9.3041,2353,1411.56,598
86482,Aystetten,48.407,10.7666,-14.0,9.3126,2346,1407.9,505
86483,Balzhausen,48.235,10.4858,-14.0,9.3041,2353,1411.56,510
86485,Biberbach,48.512,10.7868,-14.0,9.3126,2346,1407.9,484
86486,Bonstetten,48.4414,10.7031,-14.0,9.6537,2265,1359.0,520
86488,Breitenthal,48.2358,10.295,-14.0,9.3041,2353,1411.56,529
86489,Deisenhausen,48.2563,10.3271,-14.0,9.3041,2353,1411.56,517
86491,Ebershausen,48.2098,10.3133,-14.0,9.3041,2353,1411.56,540
86492,"Egling an der Paar",48.189,10.982,-14.0,9.1214,2413,1447.98,539
86494,Emersacker,48.4812,10.6792,-14.0,9.6537,2265,1359.0,473
86495,Eurasburg,48.3251,11.1051,-14.0,9.2964,2352,1411.5,532
86497,Horgau,48.3956,10.6644,-14.0,9.6537,2265,1359.0,457
86498,Kettershausen,48.1839,10.2683,-14.0,9.3041,2353,1411.56,551
86500,Kutzenhausen,48.3579,10.6854,-14.0,9.3126,2346,1407.9,494
86502,Laugna,48.5089,10.7113,-14.0,9.6537,2265,1359.0,496
86504,Merching,48.2429,10.9903,-14.0,9.1214,2413,1447.98,530
86505,Münsterhausen,48.3106,10.4513,-14.0,9.3041,2353,1411.56,485
86507,Oberottmarshausen,48.2176,10.8631,-14.0,9.1214,2413,1447.98,536
86508,Rehling,48.4838,10.9125,-14.0,9.3126,2346,1407.9,444
86510,Ried,48.2872,11.0959,-14.0,9.2964,2352,1411.5,520
86511,Schmiechen,48.2122,10.9601,-14.0,9.1214,2413,1447.98,537
86513,Ursberg,48.255,10.4482,-14.0,9.3041,2353,1411.56,520
86514,Ustersbach,48.3215,10.6369,-14.0,9.3041,2353,1411.56,471
86517,Wehringen,48.2477,10.8048,-14.0,9.1214,2413,1447.98,529
86519,Wiesenbach,48.293,10.3104,-14.0,9.3041,2353,1411.56,516
86529,Schrobenhausen,48.5653,11.2655,-14.0,9.6463,2289,1373.4,409
86551,Aichach,48.4424,11.1236,-14.0,9.3126,2346,1407.9,452
86554,Pöttmes,48.5752,11.0663,-14.0,9.6463,2289,1373.4,447
86556,Kühbach,48.5094,11.175,-14.0,9.3715,2350,1409.76,433
86558,Hohenwart,48.6041,11.4015,-14.0,9.9553,2216,1329.6,392
86559,Adelzhausen,48.3561,11.1333,-14.0,9.3715,2350,1409.76,489
86561,Aresing,48.5234,11.2953,-14.0,9.3715,2350,1409.76,430
86562,"Berg im Gau",48.6348,11.2333,-14.0,9.6463,2289,1373.4,387
86564,Brunnen,48.6364,11.3355,-14.0,9.6463,2289,1373.4,424
86565,Gachenbach,48.5006,11.2454,-14.0,9.3715,2350,1409.76,453
86567,Hilgertshausen-Tandern,48.4326,11.3381,-14.0,9.3715,2350,1409.76,499
86568,Hollenbach,48.488,11.0603,-14.0,9.3126,2346,1407.9,470
86570,Inchenhofen,48.5213,11.1028,-14.0,9.3126,2346,1407.9,451
86571,Langenmosen,48.6044,11.2061,-14.0,9.6463,2289,1373.4,403
86573,Obergriesbach,48.4226,11.054,-14.0,9.3126,2346,1407.9,474
86574,Petersdorf,48.525,11.0128,-14.0,9.3126,2346,1407.9,512
86576,Schiltberg,48.4547,11.2274,-14.0,9.3715,2350,1409.76,489
86577,Sielenbach,48.3897,11.1642,-14.0,9.3715,2350,1409.76,491
86579,Waidhofen,48.5891,11.328,-14.0,9.6463,2289,1373.4,408
86609,Donauwörth,48.7211,10.7639,-14.0,9.5178,2296,1377.66,401
86633,"Neuburg an der Donau",48.7244,11.2032,-14.0,9.6463,2289,1373.4,382
86637,Wertingen,48.5425,10.6477,-14.0,9.6537,2265,1359.0,437
86641,Rain,48.6752,10.9537,-14.0,9.5178,2296,1377.66,410
86643,Rennertshofen,48.7661,11.0327,-14.0,9.6463,2289,1373.4,432
86647,Buttenwiesen,48.6129,10.7244,-14.0,9.6537,2265,1359.0,422
86650,Wemding,48.8764,10.7083,-14.0,9.4047,2338,1402.5,442
86653,Monheim,48.8358,10.8702,-14.0,9.4047,2338,1402.5,511
86655,"Harburg (Schwaben)",48.7719,10.6833,-14.0,9.4047,2338,1402.5,468
86657,Bissingen,48.7137,10.5796,-14.0,9.4047,2338,1402.5,524
86660,Tapfheim,48.6793,10.6886,-14.0,9.5178,2296,1377.66,421
86663,Asbach-Bäumenheim,48.6876,10.8221,-14.0,9.5178,2296,1377.66,401
86666,Burgheim,48.6938,11.0323,-14.0,9.6463,2289,1373.4,404
86668,Karlshuld,48.6789,11.2967,-14.0,9.6463,2289,1373.4,375
86669,Königsmoos,48.6506,11.1943,-14.0,9.6463,2289,1373.4,379
86672,Thierhaupten,48.5636,10.8978,-14.0,9.3126,2346,1407.9,426
86673,Bergheim,48.7622,11.2498,-14.0,9.6463,2289,1373.4,406
86674,Baar,48.5852,10.9705,-14.0,9.3126,2346,1407.9,452
86675,Buchdorf,48.7845,10.8449,-14.0,9.5178,2296,1377.66,523
86676,Ehekirchen,48.6334,11.084,-14.0,9.6463,2289,1373.4,443
86678,Ehingen,48.5922,10.7964,-14.0,9.5178,2296,1377.66,448
86679,Ellgau,48.6151,10.8623,-14.0,9.5178,2296,1377.66,417
86681,Fünfstetten,48.837,10.7721,-14.0,9.4047,2338,1402.5,506
86682,Genderkingen,48.7071,10.8749,-14.0,9.5178,2296,1377.66,399
86684,Holzheim,48.6205,10.9496,-14.0,9.5178,2296,1377.66,439
86685,Huisheim,48.8299,10.7076,-14.0,9.4047,2338,1402.5,444
86687,Kaisheim,48.7762,10.7803,-14.0,9.5178,2296,1377.66,515
86688,Marxheim,48.7575,10.9503,-14.0,9.5178,2296,1377.66,473
86690,Mertingen,48.6455,10.8085,-14.0,9.5178,2296,1377.66,423
86692,Münster,48.6246,10.9027,-14.0,9.5178,2296,1377.66,424
86694,Niederschönenfeld,48.7187,10.9153,-14.0,9.5178,2296,1377.66,397
86695,Nordendorf,48.61,10.8287,-14.0,9.5178,2296,1377.66,424
86697,Oberhausen,48.7101,11.1036,-14.0,9.6463,2289,1373.4,446
86698,"Oberndorf am Lech",48.6729,10.8613,-14.0,9.5178,2296,1377.66,405
86700,Otting,48.8753,10.7999,-14.0,9.4047,2338,1402.5,508
86701,Rohrenfels,48.6906,11.1614,-14.0,9.6463,2289,1373.4,398
86703,Rögling,48.8468,10.9456,-14.0,9.8633,2207,1324.14,528
86704,Tagmersheim,48.8252,10.9724,-14.0,9.5178,2296,1377.66,512
86706,Weichering,48.6992,11.3422,-14.0,9.6463,2289,1373.4,392
86707,Westendorf,48.5644,10.8225,-14.0,9.3126,2346,1407.9,428
86709,Wolferstadt,48.9204,10.7956,-14.0,9.8633,2207,1324.14,548
86720,Nördlingen,48.8428,10.4751,-14.0,9.6633,2252,1351.38,434
86732,"Oettingen in Bayern",48.9537,10.5936,-14.0,9.6633,2252,1351.38,417
86733,Alerheim,48.844,10.6375,-14.0,9.4047,2338,1402.5,419
86735,Amerdingen,48.7429,10.4871,-14.0,9.6633,2252,1351.38,510
86736,Auhausen,49.0143,10.5826,-14.0,9.6633,2252,1351.38,514
86738,Deiningen,48.8655,10.5744,-14.0,9.6633,2252,1351.38,423
86739,Ederheim,48.7971,10.465,-14.0,9.6633,2252,1351.38,555
86741,"Ehingen am Ries",48.958,10.5446,-14.0,9.6633,2252,1351.38,428
86742,Fremdingen,48.979,10.4798,-14.0,9.6633,2252,1351.38,473
86744,Hainsfarth,48.9616,10.6345,-14.0,9.6633,2252,1351.38,450
86745,Hohenaltheim,48.7819,10.522,-14.0,9.6633,2252,1351.38,468
86747,Maihingen,48.9245,10.5093,-14.0,9.6633,2252,1351.38,427
86748,Marktoffingen,48.9323,10.4669,-14.0,9.6633,2252,1351.38,484
86750,Megesheim,48.935,10.6618,-14.0,9.4047,2338,1402.5,427
86751,Mönchsdeggingen,48.7701,10.5816,-14.0,9.6633,2252,1351.38,524
86753,Möttingen,48.8169,10.5866,-14.0,9.6633,2252,1351.38,412
86754,Munningen,48.9203,10.6201,-14.0,9.6633,2252,1351.38,415
86756,Reimlingen,48.8277,10.5227,-14.0,9.6633,2252,1351.38,427
86757,Wallerstein,48.8846,10.4698,-14.0,9.6633,2252,1351.38,433
86759,Wechingen,48.8817,10.6217,-14.0,9.6633,2252,1351.38,409
86807,Buchloe,48.0306,10.7347,-14.0,8.9359,2456,1473.9,631
86825,"Bad Wörishofen",48.0007,10.594,-14.0,9.0704,2386,1431.54,632
86830,Schwabmünchen,48.1954,10.7224,-14.0,9.1214,2413,1447.98,553
86833,Ettringen,48.1215,10.6588,-14.0,9.1214,2413,1447.98,574
86836,Untermeitingen,48.1706,10.8343,-14.0,9.1214,2413,1447.98,555
86842,Türkheim,48.062,10.6365,-14.0,9.1214,2413,1447.98,599
86845,Großaitingen,48.2353,10.7482,-14.0,9.1214,2413,1447.98,528
86850,Fischach,48.2852,10.6517,-14.0,9.1214,2413,1447.98,495
86853,Langerringen,48.1336,10.7593,-14.0,9.1214,2413,1447.98,564
86854,Amberg,48.0687,10.6922,-14.0,8.9359,2456,1473.9,598
86856,Hiltenfingen,48.1519,10.7158,-14.0,9.1214,2413,1447.98,559
86857,Hurlach,48.1206,10.8259,-14.0,9.1214,2413,1447.98,574
86859,Igling,48.0641,10.8035,-14.0,8.9359,2456,1473.9,646
86860,Jengen,47.9948,10.7031,-14.0,9.0704,2386,1431.54,633
86862,Lamerdingen,48.0771,10.7447,-14.0,8.9359,2456,1473.9,610
86863,Langenneufnach,48.2587,10.6054,-14.0,9.3041,2353,1411.56,514
86865,"Markt Wald",48.1456,10.5932,-14.0,9.1214,2413,1447.98,579
86866,Mickhausen,48.2237,10.6275,-14.0,9.1214,2413,1447.98,551
86868,Mittelneufnach,48.1786,10.5975,-14.0,9.1214,2413,1447.98,550
86869,Oberostendorf,47.9482,10.7455,-14.0,7.9342,2699,1619.64,672
86871,Rammingen,48.0647,10.5856,-14.0,9.0704,2386,1431.54,596
86872,Scherstetten,48.1905,10.6451,-14.0,9.1214,2413,1447.98,546
86874,Tussenhausen,48.1098,10.5506,-14.0,9.3041,2353,1411.56,575
86875,Waal,47.9865,10.7869,-14.0,8.9359,2456,1473.9,641
86877,Walkertshofen,48.2291,10.5873,-14.0,9.3041,2353,1411.56,553
86879,Wiedergeltingen,48.0359,10.6715,-14.0,9.0704,2386,1431.54,615
86899,"Landsberg am Lech",48.0314,10.8622,-14.0,8.9359,2456,1473.9,611
86911,"Dießen am Ammersee",47.953,11.0572,-14.0,9.1375,2401,1440.72,674
86916,Kaufering,48.0975,10.874,-14.0,8.9359,2456,1473.9,579
86919,"Utting am Ammersee",48.0202,11.0782,-14.0,8.9359,2456,1473.9,564
86920,Denklingen,47.8943,10.8478,-14.0,8.2866,2623,1573.68,764
86922,Eresing,48.0886,11.0189,-14.0,8.9359,2456,1473.9,597
86923,Finning,48.0207,11.0168,-14.0,8.9359,2456,1473.9,608
86925,Fuchstal,47.9381,10.8219,-14.0,8.2866,2623,1573.68,672
86926,Greifenberg,48.0798,11.0759,-14.0,8.9359,2456,1473.9,585
86928,Hofstetten,48.0038,10.9669,-14.0,8.9359,2456,1473.9,662
86929,Penzing,48.0791,10.9397,-14.0,8.9359,2456,1473.9,600
86931,Prittriching,48.2062,10.9221,-14.0,9.1214,2413,1447.98,534
86932,Pürgen,48.0044,10.9133,-14.0,8.9359,2456,1473.9,664
86934,Reichling,47.9255,10.9276,-14.0,8.2866,2623,1573.68,725
86935,Rott,47.909,10.9787,-14.0,8.2866,2623,1573.68,702
86937,Scheuring,48.1657,10.8918,-14.0,9.1214,2413,1447.98,559
86938,"Schondorf am Ammersee",48.0516,11.1003,-14.0,8.9359,2456,1473.9,533
86940,Schwifting,48.0435,10.936,-14.0,8.9359,2456,1473.9,624
86941,Eresing,48.0987,11.0449,-14.0,8.9359,2456,1473.9,599
86943,Thaining,47.9717,10.9632,-14.0,8.9359,2456,1473.9,688
86944,Unterdießen,47.9775,10.8412,-14.0,8.9359,2456,1473.9,638
86946,Vilgertshofen,47.9631,10.916,-14.0,8.9359,2456,1473.9,682
86947,Weil,48.1303,10.923,-14.0,8.9359,2456,1473.9,580
86949,Windach,48.0569,11.0362,-14.0,8.9359,2456,1473.9,593
86956,Schongau,47.813,10.9003,-14.0,8.2866,2623,1573.68,688
86971,Peiting,47.7961,10.9491,-14.0,8.2277,2583,1549.98,722
86972,Altenstadt,47.8275,10.8709,-14.0,8.2866,2623,1573.68,722
86974,Apfeldorf,47.8949,10.9402,-14.0,8.2866,2623,1573.68,705
86975,Bernbeuren,47.7304,10.7639,-14.0,8.2866,2623,1573.68,841
86977,Burggen,47.7749,10.8162,-14.0,8.2866,2623,1573.68,749
86978,Hohenfurch,47.8514,10.8945,-14.0,8.2866,2623,1573.68,709
86980,Ingenried,47.8117,10.7811,-14.0,8.2866,2623,1573.68,804
86981,Kinsau,47.8784,10.9072,-14.0,8.2866,2623,1573.68,702
86983,Lechbruck,47.6849,10.7761,-14.0,8.2866,2623,1573.68,792
86984,Prem,47.6766,10.8131,-14.0,8.2866,2623,1573.68,780
86986,Schwabbruck,47.8209,10.8327,-14.0,8.2866,2623,1573.68,733
86987,Schwabsoien,47.8414,10.8104,-14.0,8.2866,2623,1573.68,806
86989,Steingaden,47.7093,10.8665,-14.0,8.2866,2623,1573.68,759
87435,"Kempten (Allgäu)",47.7102,10.3087,-14.0,8.6704,2516,1509.9,738
87437,"Kempten (Allgäu)",47.7432,10.3398,-14.0,8.6704,2516,1509.9,721
87439,"Kempten (Allgäu)",47.7384,10.2857,-14.0,8.6704,2516,1509.9,718
87448,Waltenhofen,47.6451,10.2716,-14.0,7.8619,2723,1633.62,717
87452,Altusried,47.7909,10.1663,-14.0,8.2868,2629,1577.34,803
87459,Pfronten,47.5744,10.5412,-14.0,7.8619,2723,1633.62,1117
87463,Dietmannsried,47.8255,10.2912,-14.0,8.6704,2516,1509.9,718
87466,Oy-Mittelberg,47.6513,10.4467,-14.0,7.8619,2723,1633.62,921
87471,Durach,47.7011,10.3584,-14.0,8.6704,2516,1509.9,757
87474,Buchenberg,47.7037,10.1965,-14.0,8.6704,2516,1509.9,1022
87477,Sulzberg,47.6603,10.3565,-14.0,7.8619,2723,1633.62,754
87480,Weitnau,47.6526,10.1497,-14.0,8.6704,2516,1509.9,912
87484,Nesselwang,47.6208,10.5098,-14.0,7.8619,2723,1633.62,872
87487,Wiggensbach,47.7476,10.2135,-14.0,8.6704,2516,1509.9,892
87488,Betzigau,47.7261,10.4219,-14.0,8.6704,2516,1509.9,905
87490,Haldenwang,47.7892,10.3582,-14.0,8.6704,2516,1509.9,783
87493,Lauben,47.7801,10.3087,-14.0,8.6704,2516,1509.9,675
87494,Rückholz,47.6608,10.5465,-14.0,7.8619,2723,1633.62,865
87496,Untrasried,47.8436,10.3679,-14.0,8.6704,2516,1509.9,845
87497,Wertach,47.5834,10.4029,-14.0,7.8619,2723,1633.62,1057
87499,Wildpoldsried,47.7746,10.4178,-14.0,8.6704,2516,1509.9,778
87509,"Immenstadt im Allgäu",47.5722,10.1952,-14.0,7.8619,2723,1633.62,734
87527,Sonthofen,47.4987,10.2927,-14.0,7.4784,2856,1713.9,813
87534,Oberstaufen,47.5237,10.0683,-14.0,7.4784,2856,1713.9,1204
87538,"Fischen im Allgäu",47.4394,10.1929,-14.0,7.4784,2856,1713.9,1421
87541,Hindelang,47.4645,10.4029,-14.0,7.4784,2856,1713.9,1281
87544,Blaichach,47.4871,10.1723,-14.0,7.4784,2856,1713.9,1356
87545,"Burgberg im Allgäu",47.539,10.2798,-14.0,7.8619,2723,1633.62,731
87547,Missen-Wilhams,47.6012,10.1178,-14.0,8.6704,2516,1509.9,891
87549,Rettenberg,47.5868,10.3191,-14.0,7.8619,2723,1633.62,842
87561,Oberstdorf,47.3629,10.2959,-14.0,7.4784,2856,1713.9,1072
87600,Kaufbeuren,47.8836,10.6248,-14.0,7.9342,2699,1619.64,672
87616,Marktoberdorf,47.7547,10.6181,-14.0,7.9342,2699,1619.64,749
87629,Füssen,47.584,10.6867,-14.0,7.8619,2723,1633.62,788
87634,Obergünzburg,47.8486,10.4375,-14.0,9.0704,2386,1431.54,778
87637,Seeg,47.6598,10.6239,-14.0,7.8619,2723,1633.62,798
87640,Biessenhofen,47.8217,10.6417,-14.0,7.9342,2699,1619.64,697
87642,Halblech,47.6138,10.8457,-14.0,8.3597,2569,1541.16,1385
87645,Schwangau,47.5718,10.762,-14.0,-3.4515,6735,4040.88,831
87647,Unterthingau,47.7617,10.497,-14.0,7.9342,2699,1619.64,785
87648,Aitrang,47.8253,10.5219,-14.0,9.0704,2386,1431.54,767
87650,Baisweil,47.9528,10.5447,-14.0,9.0704,2386,1431.54,671
87651,Bidingen,47.8193,10.7208,-14.0,7.9342,2699,1619.64,771
87653,Eggenthal,47.9136,10.4915,-14.0,9.0704,2386,1431.54,774
87654,Friesenried,47.8707,10.5346,-14.0,9.0704,2386,1431.54,739
87656,Germaringen,47.9355,10.6736,-14.0,9.0704,2386,1431.54,661
87657,Görisried,47.7001,10.509,-14.0,7.8619,2723,1633.62,824
87659,Hopferau,47.6138,10.642,-14.0,7.8619,2723,1633.62,790
87660,Irsee,47.9043,10.5598,-14.0,9.0704,2386,1431.54,749
87662,Kaltental,47.9086,10.7552,-14.0,8.2866,2623,1573.68,731
87663,Lengenwang,47.7043,10.5982,-14.0,7.8619,2723,1633.62,799
87665,Mauerstetten,47.8734,10.6691,-14.0,7.9342,2699,1619.64,735
87666,Pforzen,47.9366,10.6045,-14.0,9.0704,2386,1431.54,668
87668,Rieden,47.9526,10.6462,-14.0,9.0704,2386,1431.54,657
87669,"Rieden am Forggensee",47.6198,10.7188,-14.0,8.2866,2623,1573.68,818
87671,Ronsberg,47.8898,10.4094,-14.0,9.0704,2386,1431.54,765
87672,Roßhaupten,47.6632,10.7015,-14.0,8.2866,2623,1573.68,851
87674,Ruderatshofen,47.8219,10.5807,-14.0,7.9342,2699,1619.64,738
87675,"Stötten am Au",47.7331,10.7013,-14.0,7.9342,2699,1619.64,816
87677,Stöttwang,47.8822,10.7107,-14.0,7.9342,2699,1619.64,722
87679,Westendorf,47.9234,10.705,-14.0,7.9342,2699,1619.64,690
87700,Memmingen,47.9781,10.1744,-14.0,8.7874,2477,1486.08,607
87719,Mindelheim,48.0586,10.4944,-14.0,9.0704,2386,1431.54,596
87724,Ottobeuren,47.9288,10.3217,-14.0,8.7874,2477,1486.08,737
87727,Babenhausen,48.1461,10.2468,-14.0,8.7874,2477,1486.08,543
87730,Grönenbach,47.8726,10.2233,-14.0,8.7874,2477,1486.08,718
87733,"Markt Rettenbach",47.9531,10.4054,-14.0,9.0704,2386,1431.54,677
87734,Benningen,47.9685,10.2193,-14.0,8.7874,2477,1486.08,610
87736,Böhen,47.8809,10.3173,-14.0,8.7874,2477,1486.08,743
87737,Boos,48.0879,10.2073,-14.0,8.7874,2477,1486.08,658
87739,Breitenbrunn,48.1317,10.3865,-14.0,9.3041,2353,1411.56,570
87740,Buxheim,48.0004,10.1348,-14.0,8.7874,2477,1486.08,588
87742,Apfeltrach,48.0009,10.4933,-14.0,9.0704,2386,1431.54,625
87743,"Egg an der Günz",48.0883,10.2719,-14.0,8.7874,2477,1486.08,586
87745,Eppishausen,48.1885,10.529,-14.0,9.3041,2353,1411.56,552
87746,Erkheim,48.0445,10.3424,-14.0,8.7874,2477,1486.08,593
87748,Fellheim,48.0717,10.1538,-14.0,8.7874,2477,1486.08,568
87749,Hawangen,47.9748,10.2618,-14.0,8.7874,2477,1486.08,633
87751,Heimertingen,48.0421,10.1549,-14.0,8.7874,2477,1486.08,577
87752,Holzgünz,48.0259,10.2465,-14.0,8.7874,2477,1486.08,639
87754,Kammlach,48.0491,10.4122,-14.0,9.0704,2386,1431.54,609
87755,Kirchhaslach,48.1543,10.321,-14.0,9.3041,2353,1411.56,598
87757,"Kirchheim im Schwarzwald",48.1819,10.4678,-14.0,9.3041,2353,1411.56,535
87758,Kronburg,47.902,10.1551,-14.0,8.7874,2477,1486.08,693
87760,Lachen,47.9401,10.2461,-14.0,8.7874,2477,1486.08,682
87761,Lauben,48.058,10.2817,-14.0,8.7874,2477,1486.08,597
87763,Lautrach,47.8895,10.1131,-14.0,8.7874,2477,1486.08,642
87764,Legau,47.8537,10.1392,-14.0,8.2868,2629,1577.34,671
87766,Memmingerberg,47.9909,10.2255,-14.0,8.7874,2477,1486.08,628
87767,Niederrieden,48.0544,10.1948,-14.0,8.7874,2477,1486.08,606
87769,Oberrieden,48.0902,10.4143,-14.0,9.3041,2353,1411.56,583
87770,Oberschönegg,48.1246,10.2899,-14.0,8.7874,2477,1486.08,631
87772,Pfaffenhausen,48.125,10.4471,-14.0,9.3041,2353,1411.56,556
87773,Pleß,48.1003,10.1632,-14.0,8.7874,2477,1486.08,554
87775,Salgen,48.1216,10.4889,-14.0,9.3041,2353,1411.56,562
87776,Sontheim,48.0048,10.3735,-14.0,8.7874,2477,1486.08,630
87778,Stetten,48.0106,10.4405,-14.0,9.0704,2386,1431.54,631
87779,Trunkelsberg,48.0033,10.2176,-14.0,8.7874,2477,1486.08,624
87781,Ungerhausen,48.0026,10.2695,-14.0,8.7874,2477,1486.08,620
87782,Dirlewang,47.9558,10.4678,-14.0,9.0704,2386,1431.54,714
87784,Westerheim,48.027,10.2985,-14.0,8.7874,2477,1486.08,596
87785,Winterrieden,48.1214,10.218,-14.0,8.7874,2477,1486.08,553
87787,Wolfertschwenden,47.9047,10.253,-14.0,8.7874,2477,1486.08,658
87789,Woringen,47.9271,10.2037,-14.0,8.7874,2477,1486.08,627
88045,Friedrichshafen,47.6663,9.4596,-14.0,10.3285,2074,1244.28,432
88046,Friedrichshafen,47.6633,9.5016,-14.0,10.3285,2074,1244.28,404
88048,Friedrichshafen,47.6977,9.5018,-14.0,10.3285,2074,1244.28,472
88069,Tettnang,47.6616,9.6255,-14.0,9.846,2207,1324.14,524
88074,Meckenbeuren,47.708,9.5706,-14.0,10.3285,2074,1244.28,437
88079,"Kressbronn am Bodensee",47.6032,9.6065,-14.0,9.846,2207,1324.14,453
88085,Langenargen,47.6172,9.5655,-14.0,10.3285,2074,1244.28,416
88090,"Immenstaad am Bodensee",47.6704,9.3608,-14.0,10.3285,2074,1244.28,423
88094,Oberteuringen,47.7413,9.4732,-14.0,10.3285,2074,1244.28,465
88097,Eriskirch,47.6376,9.5351,-14.0,10.3285,2074,1244.28,404
88099,Neukirch,47.6597,9.7024,-14.0,9.846,2207,1324.14,561
88131,"Lindau (Bodensee)",47.5811,9.6815,-14.0,9.846,2207,1324.14,466
88138,Sigmarszell,47.6096,9.7825,-14.0,9.846,2207,1324.14,514
88142,"Wasserburg (Bodensee)",47.5816,9.6359,-14.0,9.846,2207,1324.14,453
88145,Hergatz,47.6477,9.8434,-14.0,9.846,2207,1324.14,556
88147,Achberg,47.6194,9.7113,-14.0,9.846,2207,1324.14,533
88149,Nonnenhorn,47.5749,9.6147,-14.0,9.846,2207,1324.14,410
88161,"Lindenberg im Allgäu",47.6043,9.8821,-14.0,9.846,2207,1324.14,761
88167,"Röthenbach (Allgäu)",47.6287,10.0149,-14.0,8.2868,2629,1577.34,727
88171,Weiler-Simmerberg,47.5711,9.9069,-14.0,9.846,2207,1324.14,643
88175,Scheidegg,47.5748,9.849,-14.0,9.846,2207,1324.14,843
88178,Heimenkirch,47.634,9.9034,-14.0,9.846,2207,1324.14,695
88179,Oberreute,47.5536,9.9454,-14.0,9.846,2207,1324.14,925
88212,Ravensburg,47.7758,9.6316,-14.0,9.8455,2207,1324.26,559
88213,Ravensburg,47.766,9.5477,-14.0,9.8455,2207,1324.26,507
88214,Ravensburg,47.7415,9.6094,-14.0,9.8455,2207,1324.26,497
88239,"Wangen im Allgäu",47.7067,9.8427,-14.0,9.846,2207,1324.14,594
88250,Weingarten,47.8105,9.6373,-14.0,9.8455,2207,1324.26,459
88255,Baienfurt,47.8461,9.6643,-14.0,9.8455,2207,1324.26,492
88260,Argenbühl,47.7013,9.9404,-14.0,8.2868,2629,1577.34,646
88263,Horgenzell,47.8241,9.486,-14.0,9.8455,2207,1324.26,663
88267,Vogt,47.7849,9.7674,-14.0,9.8455,2207,1324.26,709
88271,Wilhelmsdorf,47.8692,9.424,-14.0,8.2784,2607,1564.44,620
88273,Fronreute,47.8748,9.5425,-14.0,9.8455,2207,1324.26,577
88276,Berg,47.8306,9.5804,-14.0,9.8455,2207,1324.26,519
88279,Amtzell,47.7167,9.7604,-14.0,9.8455,2207,1324.26,607
88281,Schlier,47.7954,9.6993,-14.0,9.8455,2207,1324.26,623
88284,Wolpertswende,47.894,9.6272,-14.0,9.8455,2207,1324.26,512
88285,Bodnegg,47.7081,9.6909,-14.0,9.8455,2207,1324.26,592
88287,Grünkraut,47.7414,9.6603,-14.0,9.8455,2207,1324.26,605
88289,Waldburg,47.7561,9.722,-14.0,9.8455,2207,1324.26,705
88299,"Leutkirch im Allgäu",47.8189,10.0209,-14.0,8.2868,2629,1577.34,660
88316,"Isny im Allgäu",47.7067,10.0785,-14.0,8.2868,2629,1577.34,723
88317,Aichstetten,47.8956,10.0706,-14.0,8.7874,2477,1486.08,667
88319,Aitrach,47.9402,10.067,-14.0,8.7874,2477,1486.08,705
88326,Aulendorf,47.9439,9.6502,-14.0,9.8455,2207,1324.26,554
88339,"Bad Waldsee",47.92,9.7667,-14.0,9.8455,2207,1324.26,600
88348,Saulgau,48.0221,9.5065,-14.0,8.8293,2477,1486.14,581
88353,Kißlegg,47.7875,9.88,-14.0,8.2868,2629,1577.34,648
88356,Ostrach,47.9445,9.3608,-14.0,8.2784,2607,1564.44,646
88361,Altshausen,47.9426,9.526,-14.0,9.8455,2207,1324.26,589
88364,Wolfegg,47.8242,9.7918,-14.0,9.8455,2207,1324.26,655
88367,Hohentengen,48.0285,9.3813,-14.0,8.2784,2607,1564.44,592
88368,Bergatreute,47.8557,9.7503,-14.0,9.8455,2207,1324.26,617
88370,Ebenweiler,47.9024,9.5143,-14.0,9.8455,2207,1324.26,599
88371,Ebersbach-Musbach,47.976,9.5848,-14.0,9.8455,2207,1324.26,624
88373,Fleischwangen,47.8815,9.4809,-14.0,9.8455,2207,1324.26,630
88374,Hoßkirch,47.9435,9.4598,-14.0,8.2784,2607,1564.44,634
88376,Königseggwald,47.9291,9.4226,-14.0,8.2784,2607,1564.44,649
88377,Riedhausen,47.9077,9.4261,-14.0,8.2784,2607,1564.44,628
88379,Unterwaldhausen,47.9058,9.4693,-14.0,8.2784,2607,1564.44,656
88400,"Biberach an der Riß",48.0877,9.796,-14.0,9.2877,2368,1420.74,536
88410,"Bad Wurzach",47.9177,9.8969,-14.0,8.2868,2629,1577.34,649
88416,Ochsenhausen,48.0623,9.9535,-14.0,8.7874,2477,1486.08,599
88422,"Bad Buchau",48.0812,9.6105,-14.0,8.8293,2477,1486.14,580
88427,"Bad Schussenried",48.0096,9.6499,-14.0,8.8293,2477,1486.14,592
88430,"Rot an der Rot",48.0002,10.0172,-14.0,8.7874,2477,1486.08,645
88433,Schemmerhofen,48.1839,9.7764,-14.0,9.2877,2368,1420.74,530
88436,Eberhardzell,47.9896,9.8351,-14.0,9.8455,2207,1324.26,616
88437,Maselheim,48.1341,9.874,-14.0,9.2877,2368,1420.74,566
88441,"Biberach an der Riß",48.0746,9.7447,-14.0,9.2877,2368,1420.74,563
88444,Ummendorf,48.0578,9.846,-14.0,9.2877,2368,1420.74,637
88447,Warthausen,48.1356,9.7838,-14.0,9.2877,2368,1420.74,579
88448,Attenweiler,48.1541,9.69,-14.0,8.8293,2477,1486.14,553
88450,Berkheim,48.049,10.0748,-14.0,8.7874,2477,1486.08,597
88451,"Dettingen an der Iller",48.1073,10.1091,-14.0,8.7874,2477,1486.08,543
88453,Erolzheim,48.0926,10.0687,-14.0,8.7874,2477,1486.08,572
88454,Hochdorf,48.0183,9.7885,-14.0,9.2877,2368,1420.74,597
88456,Ingoldingen,48.0065,9.7313,-14.0,9.8455,2207,1324.26,589
88457,"Kirchdorf an der Iller",48.0615,10.1214,-14.0,8.7874,2477,1486.08,560
88459,Tannheim,48.0007,10.0868,-14.0,8.7874,2477,1486.08,585
88471,Laupheim,48.2264,9.863,-14.0,9.2877,2368,1420.74,501
88477,Schwendi,48.2003,9.968,-14.0,9.2877,2368,1420.74,532
88480,Achstetten,48.2634,9.9027,-14.0,9.2877,2368,1420.74,491
88481,Balzheim,48.1683,10.0635,-14.0,9.2877,2368,1420.74,569
88483,Burgrieden,48.2312,9.9427,-14.0,9.2877,2368,1420.74,507
88484,Gutenzell-Hürbel,48.1265,10.0073,-14.0,9.2877,2368,1420.74,583
88486,"Kirchberg an der Iller",48.1338,10.0749,-14.0,9.2877,2368,1420.74,558
88487,Mietingen,48.1776,9.8957,-14.0,9.2877,2368,1420.74,546
88489,Wain,48.1802,10.0233,-14.0,9.2877,2368,1420.74,540
88499,Riedlingen,48.1675,9.4594,-14.0,8.8293,2477,1486.14,550
88512,Mengen,48.0391,9.3199,-14.0,8.4871,2574,1544.52,564
88515,Langenenslingen,48.1576,9.349,-14.0,8.8293,2477,1486.14,643
88518,Herbertingen,48.0618,9.4363,-14.0,8.8293,2477,1486.14,557
88521,Ertingen,48.0966,9.4919,-14.0,8.8293,2477,1486.14,593
88524,Uttenweiler,48.1539,9.6229,-14.0,8.8293,2477,1486.14,566
88525,Dürmentingen,48.1158,9.5314,-14.0,8.8293,2477,1486.14,565
88527,Unlingen,48.1738,9.5275,-14.0,8.8293,2477,1486.14,548
88529,Zwiefalten,48.2301,9.4481,-14.0,8.8293,2477,1486.14,613
88605,Meßkirch,47.9818,9.0972,-14.0,8.4871,2574,1544.52,632
88630,Pfullendorf,47.9392,9.2493,-14.0,8.2784,2607,1564.44,659
88631,Beuron,48.0832,9.0149,-14.0,7.5937,2768,1661.04,810
88633,Heiligenberg,47.8385,9.3236,-14.0,8.2784,2607,1564.44,733
88634,Herdwangen-Schönach,47.8655,9.1727,-14.0,8.2784,2607,1564.44,641
88636,Illmensee,47.8602,9.3659,-14.0,8.2784,2607,1564.44,702
88637,Leibertingen,48.0307,9.0202,-14.0,8.4871,2574,1544.52,815
88639,Wald,47.9312,9.171,-14.0,8.2784,2607,1564.44,667
88662,Überlingen,47.7775,9.2002,-14.0,10.729,1989,1193.16,475
88677,Markdorf,47.7208,9.3854,-14.0,10.3285,2074,1244.28,442
88682,Salem,47.7681,9.298,-14.0,10.729,1989,1193.16,437
88690,Uhldingen-Mühlhofen,47.7349,9.247,-14.0,10.729,1989,1193.16,413
88693,Deggenhausertal,47.781,9.3963,-14.0,10.3285,2074,1244.28,496
88696,Owingen,47.8184,9.17,-14.0,8.2784,2607,1564.44,594
88697,Bermatingen,47.7274,9.3412,-14.0,10.3285,2074,1244.28,424
88699,Frickingen,47.824,9.2641,-14.0,8.2784,2607,1564.44,494
88709,Meersburg,47.7139,9.2957,-14.0,10.729,1989,1193.16,491
88718,Daisendorf,47.7119,9.2716,-14.0,10.729,1989,1193.16,519
88719,Stetten,47.6965,9.3025,-14.0,10.729,1989,1193.16,476
89073,Ulm,48.4011,9.9924,-14.0,8.8567,2473,1483.8,482
89075,Ulm,48.4188,10.0064,-14.0,8.8567,2473,1483.8,525
89077,Ulm,48.3927,9.9691,-14.0,8.8567,2473,1483.8,489
89079,Ulm,48.3441,9.952,-14.0,8.8567,2473,1483.8,485
89081,Ulm,48.4335,9.9793,-14.0,9.0838,2415,1448.88,580
89129,Langenau,48.5112,10.1219,-14.0,9.7227,2252,1351.08,491
89134,Blaustein,48.4384,9.8728,-14.0,9.0838,2415,1448.88,624
89143,Blaubeuren,48.4053,9.795,-14.0,9.0838,2415,1448.88,527
89150,Laichingen,48.4946,9.6812,-14.0,8.103,2656,1593.72,748
89155,Erbach,48.319,9.8781,-14.0,8.8567,2473,1483.8,519
89160,Dornstadt,48.4824,9.8987,-14.0,9.0838,2415,1448.88,628
89165,Dietenheim,48.2214,10.0538,-14.0,9.2877,2368,1420.74,558
89168,Niederstotzingen,48.5502,10.2254,-14.0,9.0951,2414,1448.28,502
89171,Illerkirchberg,48.3304,10.0012,-14.0,8.8567,2473,1483.8,490
89173,Lonsee,48.5434,9.9105,-14.0,9.0838,2415,1448.88,620
89174,"Altheim (Alb)",48.5797,10.0317,-14.0,8.5123,2547,1528.08,590
89176,Asselfingen,48.5253,10.2046,-14.0,9.7227,2252,1351.08,492
89177,Ballendorf,48.56,10.0759,-14.0,9.0951,2414,1448.28,556
89179,Beimerstetten,48.484,9.9818,-14.0,9.0838,2415,1448.88,583
89180,Berghülen,48.4626,9.7667,-14.0,8.103,2656,1593.72,682
89182,Bernstadt,48.5061,10.03,-14.0,9.0838,2415,1448.88,542
89183,Breitingen,48.5249,9.9915,-14.0,9.0838,2415,1448.88,574
89185,Hüttisheim,48.2826,9.9443,-14.0,9.2877,2368,1420.74,536
89186,Illerrieden,48.2718,10.0364,-14.0,9.2877,2368,1420.74,548
89188,Merklingen,48.5129,9.7588,-14.0,8.103,2656,1593.72,706
89189,Neenstetten,48.5461,10.0206,-14.0,9.0838,2415,1448.88,581
89191,Nellingen,48.5371,9.7864,-14.0,8.103,2656,1593.72,690
89192,Rammingen,48.5183,10.1739,-14.0,9.7227,2252,1351.08,506
89194,Schnürpflingen,48.2624,9.9989,-14.0,9.2877,2368,1420.74,523
89195,Staig,48.3015,9.9864,-14.0,8.8567,2473,1483.8,523
89197,Weidenstetten,48.5557,9.9801,-14.0,9.0838,2415,1448.88,630
89198,Westerstetten,48.5149,9.9489,-14.0,9.0838,2415,1448.88,574
89231,Neu-Ulm,48.3796,10.0104,-14.0,8.8567,2473,1483.8,475
89233,Neu-Ulm,48.373,10.0625,-14.0,8.8567,2473,1483.8,475
89250,Senden,48.3226,10.07,-14.0,8.8567,2473,1483.8,520
89257,Illertissen,48.2213,10.1096,-14.0,9.2877,2368,1420.74,515
89264,Weißenhorn,48.3077,10.1661,-14.0,9.3041,2353,1411.56,507
89269,Vöhringen,48.2858,10.091,-14.0,8.8567,2473,1483.8,497
89275,Elchingen,48.4478,10.0881,-14.0,8.8567,2473,1483.8,459
89278,Nersingen,48.423,10.1425,-14.0,9.7227,2252,1351.08,460
89281,Altenstadt,48.1681,10.1295,-14.0,9.2877,2368,1420.74,575
89284,"Pfaffenhofen an der Roth",48.3638,10.1554,-14.0,8.8567,2473,1483.8,482
89287,Bellenberg,48.2579,10.0968,-14.0,9.2877,2368,1420.74,530
89290,Buch,48.2298,10.2002,-14.0,9.3041,2353,1411.56,564
89291,Holzheim,48.3786,10.1135,-14.0,8.8567,2473,1483.8,476
89293,"Kellmünz an der Iller",48.1258,10.1347,-14.0,8.7874,2477,1486.08,608
89294,Oberroth,48.1671,10.1988,-14.0,9.3041,2353,1411.56,546
89296,Osterberg,48.1405,10.1781,-14.0,8.7874,2477,1486.08,544
89297,Roggenburg,48.2811,10.2547,-14.0,9.3041,2353,1411.56,547
89299,Unterroth,48.2006,10.1784,-14.0,9.3041,2353,1411.56,531
89312,Günzburg,48.4662,10.2792,-14.0,9.7227,2252,1351.08,456
89331,Burgau,48.4296,10.3925,-14.0,9.7227,2252,1351.08,479
89335,Ichenhausen,48.3807,10.3128,-14.0,9.3041,2353,1411.56,492
89340,Leipheim,48.4572,10.2089,-14.0,9.7227,2252,1351.08,448
89343,Jettingen-Scheppach,48.3945,10.4611,-14.0,9.3041,2353,1411.56,474
89344,Aislingen,48.5084,10.4473,-14.0,9.6537,2265,1359.0,432
89346,Bibertal,48.3872,10.2077,-14.0,9.7227,2252,1351.08,510
89347,Bubesheim,48.4276,10.2473,-14.0,9.7227,2252,1351.08,472
89349,Burtenbach,48.3481,10.4652,-14.0,9.3041,2353,1411.56,511
89350,Dürrlauingen,48.4706,10.4272,-14.0,9.7227,2252,1351.08,506
89352,Ellzee,48.3231,10.2982,-14.0,9.3041,2353,1411.56,502
89353,Glött,48.4963,10.488,-14.0,9.6537,2265,1359.0,440
89355,Gundremmingen,48.499,10.4103,-14.0,9.7227,2252,1351.08,485
89356,Haldenwang,48.4492,10.4583,-14.0,9.6537,2265,1359.0,503
89358,Kammeltal,48.3732,10.3681,-14.0,9.3041,2353,1411.56,482
89359,Kötz,48.4042,10.2807,-14.0,9.7227,2252,1351.08,482
89361,Landensberg,48.435,10.5211,-14.0,9.6537,2265,1359.0,514
89362,Offingen,48.479,10.3561,-14.0,9.7227,2252,1351.08,469
89364,Rettenbach,48.4538,10.3512,-14.0,9.7227,2252,1351.08,476
89365,Röfingen,48.4271,10.4564,-14.0,9.3041,2353,1411.56,489
89367,Waldstetten,48.3493,10.2895,-14.0,9.3041,2353,1411.56,498
89368,Winterbach,48.4629,10.4963,-14.0,9.6537,2265,1359.0,496
89407,"Dillingen an der Donau",48.5734,10.5299,-14.0,9.6537,2265,1359.0,428
89415,"Lauingen (Donau)",48.5653,10.4277,-14.0,9.6537,2265,1359.0,441
89420,"Höchstädt an der Donau",48.6162,10.5786,-14.0,9.6537,2265,1359.0,413
89423,"Gundelfingen an der Donau",48.5241,10.3652,-14.0,9.7227,2252,1351.08,437
89426,Wittislingen,48.6318,10.4458,-14.0,9.6537,2265,1359.0,440
89428,Syrgenstein,48.6512,10.2944,-14.0,9.0951,2414,1448.28,491
89429,Bachhagel,48.6421,10.3356,-14.0,9.0951,2414,1448.28,461
89431,"Bächingen an der Brenz",48.5376,10.323,-14.0,9.7227,2252,1351.08,441
89434,Blindheim,48.657,10.6054,-14.0,9.6537,2265,1359.0,425
89435,Finningen,48.6633,10.4954,-14.0,9.6537,2265,1359.0,462
89437,Haunsheim,48.6119,10.3654,-14.0,9.0951,2414,1448.28,469
89438,Holzheim,48.509,10.5363,-14.0,9.6537,2265,1359.0,445
89440,Lutzingen,48.675,10.5419,-14.0,9.6537,2265,1359.0,456
89441,Medlingen,48.5734,10.3257,-14.0,9.0951,2414,1448.28,450
89443,Schwenningen,48.6388,10.6617,-14.0,9.6537,2265,1359.0,407
89446,Ziertheim,48.65,10.3926,-14.0,9.0951,2414,1448.28,462
89447,Zöschingen,48.6737,10.3115,-14.0,9.0951,2414,1448.28,561
89518,"Heidenheim an der Brenz",48.6858,10.137,-14.0,9.0951,2414,1448.28,544
89520,"Heidenheim an der Brenz",48.714,10.1783,-14.0,9.0951,2414,1448.28,527
89522,"Heidenheim an der Brenz",48.6663,10.1726,-14.0,9.0951,2414,1448.28,526
89537,"Giengen an der Brenz",48.6311,10.2368,-14.0,9.0951,2414,1448.28,470
89542,Herbrechtingen,48.6245,10.1802,-14.0,9.0951,2414,1448.28,475
89547,Gerstetten,48.6324,10.0344,-14.0,8.5123,2547,1528.08,613
89551,Königsbronn,48.7313,10.0921,-14.0,10.111,2098,1258.86,689
89555,"Steinheim am Albuch",48.692,10.0235,-14.0,8.5123,2547,1528.08,629
89558,Böhmenkirch,48.6777,9.911,-14.0,8.5123,2547,1528.08,674
89561,Dischingen,48.7131,10.3855,-14.0,9.0951,2414,1448.28,544
89564,Nattheim,48.7239,10.2785,-14.0,9.0951,2414,1448.28,651
89567,"Sontheim an der Brenz",48.5572,10.2806,-14.0,9.0951,2414,1448.28,479
89568,Hermaringen,48.5998,10.2618,-14.0,9.0951,2414,1448.28,458
89584,"Ehingen (Donau)",48.2918,9.6468,-14.0,8.0521,2656,1593.84,723
89597,Munderkingen,48.2392,9.6409,-14.0,8.8293,2477,1486.14,527
89601,Schelklingen,48.3925,9.6728,-14.0,8.0521,2656,1593.84,719
89604,Allmendingen,48.3427,9.681,-14.0,8.0521,2656,1593.84,598
89605,Altheim,48.332,9.7732,-14.0,9.2877,2368,1420.74,627
89607,Emerkingen,48.211,9.6581,-14.0,8.8293,2477,1486.14,533
89608,Griesingen,48.264,9.7883,-14.0,9.2877,2368,1420.74,503
89610,Oberdischingen,48.3065,9.8299,-14.0,9.2877,2368,1420.74,506
89611,Obermarchtal,48.218,9.5627,-14.0,8.8293,2477,1486.14,570
89613,Oberstadion,48.1871,9.6931,-14.0,9.2877,2368,1420.74,517
89614,Öpfingen,48.2875,9.8068,-14.0,9.2877,2368,1420.74,519
89616,Rottenacker,48.2325,9.6872,-14.0,9.2877,2368,1420.74,528
89617,Untermarchtal,48.2418,9.6111,-14.0,8.8293,2477,1486.14,536
89619,Unterstadion,48.2075,9.7,-14.0,9.2877,2368,1420.74,506
90402,Nürnberg,49.4491,11.0881,-14.0,10.1715,2125,1275.0,308
90403,Nürnberg,49.4556,11.0793,-14.0,10.1715,2125,1275.0,310
90408,Nürnberg,49.4657,11.076,-14.0,10.1715,2125,1275.0,322
90409,Nürnberg,49.4668,11.0901,-14.0,10.1715,2125,1275.0,324
90411,Nürnberg,49.4897,11.1074,-14.0,10.1715,2125,1275.0,319
90419,Nürnberg,49.461,11.0573,-14.0,10.1715,2125,1275.0,312
90425,Nürnberg,49.4754,11.0597,-14.0,10.1715,2125,1275.0,313
90427,Nürnberg,49.5134,11.0424,-14.0,10.1715,2125,1275.0,302
90429,Nürnberg,49.4541,11.0454,-14.0,10.1715,2125,1275.0,308
90431,Nürnberg,49.4453,11.02,-14.0,10.1715,2125,1275.0,306
90439,Nürnberg,49.4397,11.0457,-14.0,10.1715,2125,1275.0,309
90441,Nürnberg,49.4276,11.0531,-14.0,10.1715,2125,1275.0,316
90443,Nürnberg,49.4416,11.0686,-14.0,10.1715,2125,1275.0,308
90449,Nürnberg,49.4252,11.0124,-14.0,10.1715,2125,1275.0,315
90451,Nürnberg,49.4049,11.0491,-14.0,10.1715,2125,1275.0,316
90453,Nürnberg,49.3824,11.0338,-14.0,10.1715,2125,1275.0,313
90455,Nürnberg,49.3677,11.0802,-14.0,9.0707,2407,1444.26,331
90459,Nürnberg,49.4382,11.0826,-14.0,10.1715,2125,1275.0,318
90461,Nürnberg,49.4253,11.0949,-14.0,10.1715,2125,1275.0,329
90469,Nürnberg,49.4062,11.0862,-14.0,10.1715,2125,1275.0,326
90471,Nürnberg,49.418,11.1235,-14.0,9.0707,2407,1444.26,323
90473,Nürnberg,49.4021,11.1392,-14.0,9.0707,2407,1444.26,343
90475,Nürnberg,49.4289,11.1891,-14.0,9.0707,2407,1444.26,359
90478,Nürnberg,49.4374,11.1087,-14.0,10.1715,2125,1275.0,317
90480,Nürnberg,49.4471,11.1249,-14.0,10.1715,2125,1275.0,316
90482,Nürnberg,49.4644,11.1527,-14.0,10.1715,2125,1275.0,318
90489,Nürnberg,49.4579,11.0985,-14.0,10.1715,2125,1275.0,320
90491,Nürnberg,49.4677,11.1187,-14.0,10.1715,2125,1275.0,342
90513,Zirndorf,49.4329,10.9244,-14.0,10.1715,2125,1275.0,300
90518,"Altdorf bei Nürnberg",49.3923,11.3802,-14.0,9.0707,2407,1444.26,447
90522,Oberasbach,49.4233,10.9683,-14.0,10.1715,2125,1275.0,309
90530,Wendelstein,49.3535,11.1639,-14.0,9.0707,2407,1444.26,348
90537,Feucht,49.383,11.2343,-14.0,9.0707,2407,1444.26,377
90542,Eckental,49.5854,11.2192,-14.0,9.263,2371,1422.48,336
90547,Stein,49.398,10.9836,-14.0,10.1715,2125,1275.0,356
90552,"Röthenbach an der Pegnitz",49.4744,11.2605,-14.0,9.0707,2407,1444.26,359
90556,Cadolzburg,49.4612,10.8543,-14.0,10.1715,2125,1275.0,353
90559,Burgthann,49.3431,11.3384,-14.0,9.0707,2407,1444.26,449
90562,Heroldsberg,49.5502,11.1174,-14.0,10.1715,2125,1275.0,387
90571,"Schwaig bei Nürnberg",49.4913,11.2016,-14.0,9.0707,2407,1444.26,354
90574,Roßtal,49.3843,10.8772,-14.0,10.1715,2125,1275.0,423
90579,Langenzenn,49.4843,10.7781,-14.0,9.2485,2364,1418.4,352
90584,Allersberg,49.2417,11.2387,-14.0,9.2082,2382,1429.14,420
90587,Veitsbronn,49.5184,10.8832,-14.0,10.1715,2125,1275.0,337
90592,Schwarzenbruck,49.3452,11.2532,-14.0,9.0707,2407,1444.26,389
90596,Schwanstetten,49.308,11.1325,-14.0,9.7052,2265,1358.76,362
90599,Dietenhofen,49.3977,10.6911,-14.0,9.2485,2364,1418.4,346
90602,Pyrbaum,49.2932,11.2761,-14.0,9.2082,2382,1429.14,425
90607,Rückersdorf,49.5064,11.2417,-14.0,9.0707,2407,1444.26,406
90610,Winkelhaid,49.4122,11.3007,-14.0,9.0707,2407,1444.26,395
90613,Großhabersdorf,49.4145,10.7713,-14.0,9.2485,2364,1418.4,367
90614,Ammerndorf,49.4241,10.8634,-14.0,10.1715,2125,1275.0,338
90616,"Neuhof an der Zenn",49.4471,10.6542,-14.0,9.2485,2364,1418.4,377
90617,Puschendorf,49.528,10.8252,-14.0,9.2485,2364,1418.4,375
90619,Trautskirchen,49.4576,10.5788,-14.0,9.2485,2364,1418.4,338
90762,Fürth,49.4777,10.9865,-14.0,10.1715,2125,1275.0,302
90763,Fürth,49.4594,10.9921,-14.0,10.1715,2125,1275.0,301
90765,Fürth,49.4973,10.9991,-14.0,10.1715,2125,1275.0,303
90766,Fürth,49.4847,10.9655,-14.0,10.1715,2125,1275.0,309
90768,Fürth,49.4878,10.9256,-14.0,10.1715,2125,1275.0,315
91052,Erlangen,49.5852,11.0073,-14.0,10.2803,2104,1262.22,283
91054,Erlangen,49.6063,11.0267,-14.0,10.2803,2104,1262.22,309
91056,Erlangen,49.5891,10.954,-14.0,10.2803,2104,1262.22,291
91058,Erlangen,49.5575,11.0071,-14.0,10.1715,2125,1275.0,293
91074,Herzogenaurach,49.5723,10.8902,-14.0,10.2803,2104,1262.22,323
91077,"Neunkirchen am Brand",49.62,11.1348,-14.0,9.263,2371,1422.48,325
91080,Uttenreuth,49.6167,11.0612,-14.0,10.2803,2104,1262.22,341
91083,Baiersdorf,49.6553,11.0323,-14.0,10.2803,2104,1262.22,272
91085,Weisendorf,49.626,10.8203,-14.0,10.2803,2104,1262.22,317
91086,Aurachtal,49.5729,10.8217,-14.0,9.2485,2364,1418.4,305
91088,Bubenreuth,49.6264,11.0154,-14.0,10.2803,2104,1262.22,280
91090,Effeltrich,49.66,11.1086,-14.0,10.2803,2104,1262.22,333
91091,Großenseebach,49.6244,10.8758,-14.0,10.2803,2104,1262.22,301
91093,Heßdorf,49.6494,10.8986,-14.0,10.2803,2104,1262.22,292
91094,Langensendelbach,49.6386,11.078,-14.0,10.2803,2104,1262.22,301
91096,Möhrendorf,49.6527,10.9674,-14.0,10.2803,2104,1262.22,321
91097,Oberreichenbach,49.5934,10.7696,-14.0,9.2485,2364,1418.4,347
91099,Poxdorf,49.6673,11.0678,-14.0,10.2803,2104,1262.22,277
91126,Schwabach,49.3235,11.0191,-14.0,9.7052,2265,1358.76,338
91154,Roth,49.2312,11.1162,-14.0,9.7052,2265,1358.76,357
91161,Hilpoltstein,49.1835,11.213,-14.0,9.2082,2382,1429.14,439
91166,Georgensgmünd,49.2022,11.0145,-14.0,9.7052,2265,1358.76,371
91171,Greding,49.0583,11.3296,-14.0,9.2304,2392,1435.2,388
91174,Spalt,49.1691,10.9185,-14.0,9.7052,2265,1358.76,379
91177,Thalmässing,49.0941,11.2183,-14.0,9.2082,2382,1429.14,415
91180,Heideck,49.1322,11.1204,-14.0,9.7052,2265,1358.76,409
91183,Abenberg,49.2355,10.9364,-14.0,9.7052,2265,1358.76,403
91186,Büchenbach,49.2693,11.0258,-14.0,9.7052,2265,1358.76,375
91187,Röttenbach,49.1542,11.0329,-14.0,9.7052,2265,1358.76,377
91189,Rohr,49.3307,10.9062,-14.0,9.7052,2265,1358.76,403
91207,"Lauf an der Pegnitz",49.5374,11.2719,-14.0,9.0707,2407,1444.26,395
91217,Hersbruck,49.5133,11.4344,-14.0,8.92,2450,1470.0,365
91220,Schnaittach,49.5758,11.3655,-14.0,9.263,2371,1422.48,516
91224,Pommelsbrunn,49.5215,11.5071,-14.0,8.92,2450,1470.0,487
91227,Leinburg,49.451,11.3318,-14.0,9.0707,2407,1444.26,394
91230,Happurg,49.466,11.4923,-14.0,8.92,2450,1470.0,512
91233,"Neunkirchen am Sand",49.5337,11.3426,-14.0,9.0707,2407,1444.26,355
91235,Velden,49.6112,11.4936,-14.0,8.92,2450,1470.0,470
91236,Alfeld,49.4274,11.5354,-14.0,8.92,2450,1470.0,502
91238,Offenhausen,49.4512,11.4116,-14.0,8.92,2450,1470.0,388
91239,Henfenfeld,49.497,11.3924,-14.0,8.92,2450,1470.0,348
91241,Kirchensittenbach,49.5671,11.4235,-14.0,8.92,2450,1470.0,487
91242,Ottensoos,49.508,11.3454,-14.0,9.0707,2407,1444.26,329
91244,Reichenschwand,49.5193,11.3742,-14.0,8.92,2450,1470.0,356
91245,Simmelsdorf,49.6183,11.3479,-14.0,9.263,2371,1422.48,535
91247,Vorra,49.566,11.4931,-14.0,8.92,2450,1470.0,468
91249,Weigendorf,49.4993,11.5873,-14.0,8.92,2450,1470.0,476
91257,Pegnitz,49.7565,11.5154,-14.0,9.1874,2380,1427.94,551
91275,"Auerbach in der Oberpfalz",49.6946,11.6089,-14.0,8.7553,2519,1511.58,447
91278,Pottenstein,49.7724,11.4236,-14.0,9.263,2371,1422.48,463
91281,Kirchenthumbach,49.7689,11.6824,-14.0,8.7553,2519,1511.58,573
91282,Betzenstein,49.6781,11.4063,-14.0,9.263,2371,1422.48,565
91284,"Neuhaus an der Pegnitz",49.6293,11.5643,-14.0,8.92,2450,1470.0,413
91286,Obertrubach,49.7038,11.3309,-14.0,9.263,2371,1422.48,520
91287,Plech,49.6612,11.4627,-14.0,9.263,2371,1422.48,476
91289,Schnabelwaid,49.8114,11.5848,-14.0,9.1874,2380,1427.94,451
91301,Forchheim,49.7225,11.0643,-14.0,10.2803,2104,1262.22,268
91315,"Höchstadt an der Aisch",49.7209,10.8256,-14.0,10.2803,2104,1262.22,327
91320,Ebermannstadt,49.7883,11.1872,-14.0,9.263,2371,1422.48,369
91322,Gräfenberg,49.6612,11.2455,-14.0,9.263,2371,1422.48,478
91325,Adelsdorf,49.7103,10.8964,-14.0,10.2803,2104,1262.22,267
91327,Gößweinstein,49.7528,11.3347,-14.0,9.263,2371,1422.48,499
91330,Eggolsheim,49.7691,11.0826,-14.0,10.2803,2104,1262.22,316
91332,"Heiligenstadt in Oberfranken",49.8778,11.1526,-14.0,9.8959,2186,1311.42,468
91334,Hemhofen,49.689,10.9359,-14.0,10.2803,2104,1262.22,328
91336,Heroldsbach,49.704,10.9706,-14.0,10.2803,2104,1262.22,341
91338,Igensdorf,49.625,11.2155,-14.0,9.263,2371,1422.48,376
91341,Röttenbach,49.6688,10.9205,-14.0,10.2803,2104,1262.22,310
91344,Waischenfeld,49.8459,11.3286,-14.0,9.1874,2380,1427.94,445
91346,Wiesenttal,49.815,11.2484,-14.0,9.263,2371,1422.48,472
91347,Aufseß,49.8941,11.2241,-14.0,9.8959,2186,1311.42,397
91349,Egloffstein,49.7104,11.2748,-14.0,9.263,2371,1422.48,454
91350,Gremsdorf,49.6845,10.8489,-14.0,10.2803,2104,1262.22,292
91352,Hallerndorf,49.7483,10.9763,-14.0,10.2803,2104,1262.22,272
91353,Hausen,49.6856,11.0334,-14.0,10.2803,2104,1262.22,269
91355,Hiltpoltstein,49.6604,11.3125,-14.0,9.263,2371,1422.48,499
91356,Kirchehrenbach,49.7321,11.1535,-14.0,9.263,2371,1422.48,288
91358,Kunreuth,49.6697,11.1565,-14.0,9.263,2371,1422.48,340
91359,Leutenbach,49.6964,11.1896,-14.0,9.263,2371,1422.48,505
91361,Pinzberg,49.6926,11.1055,-14.0,10.2803,2104,1262.22,314
91362,Pretzfeld,49.7378,11.2007,-14.0,9.263,2371,1422.48,352
91364,Unterleinleiter,49.8248,11.1667,-14.0,9.263,2371,1422.48,485
91365,Weilersbach,49.7494,11.1297,-14.0,9.263,2371,1422.48,308
91367,Weißenohe,49.6253,11.2703,-14.0,9.263,2371,1422.48,410
91369,Wiesenthau,49.7095,11.1405,-14.0,9.263,2371,1422.48,329
91413,"Neustadt an der Aisch",49.5759,10.5845,-14.0,9.2485,2364,1418.4,310
91438,"Bad Windsheim",49.5258,10.407,-14.0,9.9811,2161,1296.54,332
91443,Scheinfeld,49.6692,10.4761,-14.0,9.2485,2364,1418.4,376
91448,Emskirchen,49.5476,10.7001,-14.0,9.2485,2364,1418.4,368
91452,Wilhermsdorf,49.4573,10.7186,-14.0,9.2485,2364,1418.4,363
91456,Diespeck,49.5968,10.6331,-14.0,9.2485,2364,1418.4,308
91459,"Markt Erlbach",49.5046,10.6346,-14.0,9.2485,2364,1418.4,394
91460,Baudenbach,49.6362,10.5407,-14.0,9.2485,2364,1418.4,351
91462,Dachsbach,49.644,10.7098,-14.0,9.2485,2364,1418.4,277
91463,Dietersheim,49.547,10.5446,-14.0,9.2485,2364,1418.4,327
91465,Ergersheim,49.5235,10.3137,-14.0,9.9811,2161,1296.54,358
91466,Gerhardshofen,49.6147,10.7014,-14.0,9.2485,2364,1418.4,329
91468,Gutenstetten,49.6288,10.6368,-14.0,9.2485,2364,1418.4,357
91469,Hagenbüchach,49.5304,10.766,-14.0,9.2485,2364,1418.4,388
91471,Illesheim,49.4586,10.4055,-14.0,9.771,2216,1329.72,349
91472,Ipsheim,49.5274,10.476,-14.0,9.2485,2364,1418.4,300
91474,Langenfeld,49.6107,10.5145,-14.0,9.2485,2364,1418.4,314
91475,Lonnerstadt,49.7049,10.7489,-14.0,10.2803,2104,1262.22,315
91477,"Markt Bibart",49.652,10.4072,-14.0,9.9811,2161,1296.54,318
91478,"Markt Nordheim",49.5678,10.3374,-14.0,9.9811,2161,1296.54,346
91480,"Markt Taschendorf",49.6965,10.549,-14.0,9.0616,2389,1433.4,374
91481,Münchsteinach,49.6592,10.6015,-14.0,9.2485,2364,1418.4,383
91483,Oberscheinfeld,49.708,10.4069,-14.0,10.7545,1976,1185.84,403
91484,Sugenheim,49.6041,10.4139,-14.0,9.9811,2161,1296.54,334
91486,Uehlfeld,49.6742,10.7003,-14.0,9.2485,2364,1418.4,323
91487,Vestenbergsgreuth,49.7012,10.6543,-14.0,9.2485,2364,1418.4,348
91489,Wilhelmsdorf,49.5776,10.7381,-14.0,9.2485,2364,1418.4,356
91522,Ansbach,49.2973,10.572,-14.0,9.0956,2398,1438.86,409
91541,"Rothenburg ob der Tauber",49.3697,10.1574,-14.0,9.771,2216,1329.72,434
91550,Dinkelsbühl,49.0687,10.3009,-14.0,9.0701,2411,1446.42,462
91555,Feuchtwangen,49.1812,10.3128,-14.0,9.0701,2411,1446.42,462
91560,Heilsbronn,49.3507,10.7925,-14.0,9.0956,2398,1438.86,414
91564,Neuendettelsau,49.2877,10.8047,-14.0,9.0956,2398,1438.86,434
91567,Herrieden,49.2325,10.4968,-14.0,9.0956,2398,1438.86,426
91572,Bechhofen,49.1696,10.5553,-14.0,9.0956,2398,1438.86,466
91575,Windsbach,49.2486,10.8518,-14.0,9.0956,2398,1438.86,396
91578,Leutershausen,49.2967,10.3831,-14.0,9.0701,2411,1446.42,482
91580,Petersaurach,49.3246,10.7246,-14.0,9.0956,2398,1438.86,439
91583,Schillingsfürst,49.2966,10.2275,-14.0,9.771,2216,1329.72,408
91586,Lichtenau,49.2676,10.6993,-14.0,9.0956,2398,1438.86,446
91587,Adelshofen,49.4517,10.154,-14.0,9.771,2216,1329.72,419
91589,Aurach,49.2472,10.4166,-14.0,9.0701,2411,1446.42,438
91590,Bruckberg,49.3513,10.6916,-14.0,9.0956,2398,1438.86,353
91592,"Buch am Wald",49.3166,10.3059,-14.0,9.771,2216,1329.72,440
91593,Burgbernheim,49.4606,10.3153,-14.0,9.771,2216,1329.72,333
91595,Burgoberbach,49.2288,10.5839,-14.0,9.0956,2398,1438.86,466
91596,Burk,49.1359,10.4818,-14.0,9.0701,2411,1446.42,450
91598,Colmberg,49.3766,10.3903,-14.0,9.771,2216,1329.72,435
91599,"Dentlein am Forst",49.1475,10.4248,-14.0,9.0701,2411,1446.42,483
91601,Dombühl,49.2549,10.297,-14.0,9.0701,2411,1446.42,472
91602,Dürrwangen,49.0977,10.3834,-14.0,9.0701,2411,1446.42,459
91604,Flachslanden,49.4036,10.5154,-14.0,9.2485,2364,1418.4,488
91605,Gallmersgarten,49.45,10.271,-14.0,9.771,2216,1329.72,373
91607,Gebsattel,49.3445,10.2065,-14.0,9.771,2216,1329.72,386
91608,Geslau,49.3608,10.3051,-14.0,9.771,2216,1329.72,452
91610,Insingen,49.3036,10.1572,-14.0,9.771,2216,1329.72,407
91611,Lehrberg,49.3503,10.4906,-14.0,9.0956,2398,1438.86,430
91613,Marktbergel,49.4422,10.3668,-14.0,9.771,2216,1329.72,368
91614,Mönchsroth,49.0238,10.3631,-14.0,9.0701,2411,1446.42,445
91616,Neusitz,49.3739,10.2245,-14.0,9.771,2216,1329.72,416
91617,Oberdachstetten,49.4098,10.4274,-14.0,9.771,2216,1329.72,446
91619,Obernzenn,49.4505,10.484,-14.0,9.2485,2364,1418.4,367
91620,Ohrenbach,49.4743,10.2137,-14.0,9.771,2216,1329.72,398
91622,Rügland,49.4209,10.5713,-14.0,9.2485,2364,1418.4,398
91623,"Sachsen bei Ansbach",49.2897,10.6572,-14.0,9.0956,2398,1438.86,437
91625,Schnelldorf,49.2091,10.1809,-14.0,9.0701,2411,1446.42,475
91626,Schopfloch,49.1147,10.3089,-14.0,9.0701,2411,1446.42,487
91628,Steinsfeld,49.4263,10.2151,-14.0,9.771,2216,1329.72,410
91629,Weihenzell,49.3571,10.6257,-14.0,9.0956,2398,1438.86,395
91631,Wettringen,49.2616,10.1655,-14.0,9.771,2216,1329.72,418
91632,Wieseth,49.1677,10.4774,-14.0,9.0701,2411,1446.42,458
91634,Wilburgstetten,49.0063,10.4017,-14.0,9.0701,2411,1446.42,491
91635,Windelsbach,49.4014,10.2665,-14.0,9.771,2216,1329.72,492
91637,Wörnitz,49.2449,10.2306,-14.0,9.0701,2411,1446.42,473
91639,Wolframs-Eschenbach,49.2331,10.7298,-14.0,9.0956,2398,1438.86,441
91710,Gunzenhausen,49.1057,10.7354,-14.0,9.0956,2398,1438.86,422
91717,Wassertrüdingen,49.0443,10.6258,-14.0,9.0956,2398,1438.86,507
91719,Heidenheim,48.9975,10.7433,-14.0,9.8633,2207,1324.14,523
91720,Absberg,49.1749,10.843,-14.0,9.0956,2398,1438.86,477
91722,Arberg,49.1349,10.6302,-14.0,9.0956,2398,1438.86,515
91723,Dittenheim,49.0612,10.7781,-14.0,9.8633,2207,1324.14,446
91725,Ehingen,49.0965,10.5429,-14.0,9.0701,2411,1446.42,491
91726,Gerolfingen,49.0513,10.5111,-14.0,9.0701,2411,1446.42,425
91728,Gnotzheim,49.0568,10.7094,-14.0,9.8633,2207,1324.14,455
91729,Haundorf,49.1719,10.7878,-14.0,9.0956,2398,1438.86,480
91731,Langfurth,49.1026,10.4508,-14.0,9.0701,2411,1446.42,440
91732,Merkendorf,49.1956,10.6905,-14.0,9.0956,2398,1438.86,427
91734,Mitteleschenbach,49.2133,10.8031,-14.0,9.0956,2398,1438.86,406
91735,"Muhr am See",49.1568,10.7196,-14.0,9.0956,2398,1438.86,428
91737,Ornbau,49.1752,10.6522,-14.0,9.0956,2398,1438.86,419
91738,Pfofeld,49.1087,10.8427,-14.0,9.8633,2207,1324.14,446
91740,Röckingen,49.0522,10.5546,-14.0,9.0701,2411,1446.42,451
91741,Theilenhofen,49.0747,10.8323,-14.0,9.8633,2207,1324.14,443
91743,Unterschwaningen,49.0862,10.6234,-14.0,9.0956,2398,1438.86,448
91744,Weiltingen,49.0334,10.454,-14.0,9.0701,2411,1446.42,444
91746,Weidenbach,49.2112,10.6296,-14.0,9.0956,2398,1438.86,456
91747,Westheim,49.0004,10.6682,-14.0,9.6633,2252,1351.38,451
91749,Wittelshofen,49.0695,10.4779,-14.0,9.0701,2411,1446.42,433
91757,Treuchtlingen,48.964,10.8816,-14.0,9.8633,2207,1324.14,593
91781,"Weißenburg in Bayern",49.013,10.9854,-14.0,9.8633,2207,1324.14,578
91785,Pleinfeld,49.1205,10.9746,-14.0,9.8633,2207,1324.14,407
91788,Pappenheim,48.9443,11.0024,-14.0,9.8633,2207,1324.14,507
91790,Nennslingen,49.027,11.1199,-14.0,9.8633,2207,1324.14,556
91792,Ellingen,49.0694,10.9522,-14.0,9.8633,2207,1324.14,415
91793,Alesheim,49.0429,10.8693,-14.0,9.8633,2207,1324.14,425
91795,Dollnstein,48.8662,11.0811,-14.0,9.1548,2410,1446.12,452
91796,Ettenstatt,49.078,11.0516,-14.0,9.8633,2207,1324.14,438
91798,Höttingen,49.0677,11.0124,-14.0,9.8633,2207,1324.14,437
91799,Langenaltheim,48.8978,10.9161,-14.0,9.8633,2207,1324.14,530
91801,"Markt Berolzheim",49.0069,10.836,-14.0,9.8633,2207,1324.14,439
91802,Meinheim,49.0196,10.7966,-14.0,9.8633,2207,1324.14,463
91804,Mörnsheim,48.8569,11.0206,-14.0,9.1548,2410,1446.12,536
91805,Polsingen,48.9308,10.7178,-14.0,9.4047,2338,1402.5,476
91807,Solnhofen,48.898,11.0014,-14.0,9.8633,2207,1324.14,472
91809,Wellheim,48.8227,11.089,-14.0,9.1548,2410,1446.12,395
92224,Amberg,49.4463,11.8523,-14.0,9.4811,2346,1407.78,389
92237,Sulzbach-Rosenberg,49.5146,11.7314,-14.0,9.4811,2346,1407.78,412
92242,Hirschau,49.5572,11.9465,-14.0,9.4811,2346,1407.78,432
92245,Kümmersbruck,49.4034,11.8908,-14.0,9.2726,2401,1440.6,427
92249,Vilseck,49.6118,11.7854,-14.0,9.4811,2346,1407.78,409
92253,Schnaittenbach,49.5386,12.0424,-14.0,9.4811,2346,1407.78,429
92256,Hahnbach,49.5371,11.8035,-14.0,9.4811,2346,1407.78,385
92259,"Neukirchen bei Sulzbach-Rosen",49.5409,11.654,-14.0,8.92,2450,1470.0,504
92260,Ammerthal,49.4513,11.7695,-14.0,9.4811,2346,1407.78,440
92262,Birgland,49.4329,11.612,-14.0,8.92,2450,1470.0,564
92263,Ebermannsdorf,49.3925,11.9773,-14.0,9.2726,2401,1440.6,389
92265,Edelsfeld,49.5826,11.7074,-14.0,9.4811,2346,1407.78,548
92266,Ensdorf,49.3563,11.9362,-14.0,9.2726,2401,1440.6,434
92268,Etzelwang,49.533,11.5811,-14.0,8.92,2450,1470.0,515
92269,Fensterbach,49.4135,12.023,-14.0,9.2726,2401,1440.6,387
92271,Freihung,49.6199,11.9034,-14.0,9.4811,2346,1407.78,413
92272,Freudenberg,49.4712,11.9927,-14.0,9.2726,2401,1440.6,602
92274,Gebenbach,49.5486,11.8646,-14.0,9.4811,2346,1407.78,458
92275,Hirschbach,49.5769,11.5928,-14.0,8.92,2450,1470.0,444
92277,Hohenburg,49.3088,11.8244,-14.0,9.2726,2401,1440.6,452
92278,Illschwang,49.4513,11.692,-14.0,8.92,2450,1470.0,491
92280,Kastl,49.3633,11.6842,-14.0,8.92,2450,1470.0,492
92281,Königstein,49.6078,11.6466,-14.0,8.92,2450,1470.0,535
92283,Lauterhofen,49.3621,11.5834,-14.0,8.92,2450,1470.0,503
92284,Poppenricht,49.4796,11.8186,-14.0,9.4811,2346,1407.78,398
92286,Rieden,49.305,11.939,-14.0,9.6729,2307,1384.14,439
92287,Schmidmühlen,49.2549,11.9419,-14.0,9.6729,2307,1384.14,451
92289,Ursensollen,49.3667,11.7865,-14.0,9.2726,2401,1440.6,534
92318,"Neumarkt in der Oberpfalz",49.2785,11.4746,-14.0,9.2082,2382,1429.14,451
92331,Parsberg,49.1645,11.7349,-14.0,8.8715,2483,1489.8,551
92334,Berching,49.1219,11.4871,-14.0,9.2082,2382,1429.14,532
92339,Beilngries,48.9982,11.5063,-14.0,9.2304,2392,1435.2,508
92342,Freystadt,49.1802,11.3452,-14.0,9.2082,2382,1429.14,427
92345,"Dietfurt an der Altmühl",49.0213,11.584,-14.0,9.2304,2392,1435.2,390
92348,"Berg bei Neumarkt in der Oberpfalz",49.351,11.4474,-14.0,8.92,2450,1470.0,511
92353,Postbauer-Heng,49.2976,11.3582,-14.0,9.2082,2382,1429.14,457
92355,Velburg,49.2579,11.6645,-14.0,8.8715,2483,1489.8,547
92358,"Seubersdorf in der Oberpfalz",49.1604,11.6189,-14.0,8.8715,2483,1489.8,568
92360,Mühlhausen,49.1768,11.4193,-14.0,9.2082,2382,1429.14,539
92361,Berngau,49.2503,11.3847,-14.0,9.2082,2382,1429.14,432
92363,Breitenbrunn,49.0887,11.6455,-14.0,8.8715,2483,1489.8,477
92364,Deining,49.2145,11.5403,-14.0,8.8715,2483,1489.8,479
92366,Hohenfels,49.2253,11.8443,-14.0,8.8715,2483,1489.8,466
92367,Pilsach,49.3385,11.5137,-14.0,8.92,2450,1470.0,559
92369,Sengenthal,49.2249,11.4516,-14.0,9.2082,2382,1429.14,418
92421,Schwandorf,49.3101,12.0852,-14.0,9.6729,2307,1384.14,358
92431,"Neunburg vorm Wald",49.3455,12.3847,-14.0,8.5055,2592,1555.26,390
92436,"Bruck in der Oberpfalz",49.2423,12.3226,-14.0,9.6729,2307,1384.14,469
92439,Bodenwöhr,49.2976,12.2957,-14.0,9.6729,2307,1384.14,383
92442,Wackersdorf,49.3102,12.1903,-14.0,9.6729,2307,1384.14,422
92444,Rötz,49.3446,12.5244,-14.0,8.5205,2580,1548.18,457
92445,Neukirchen-Balbini,49.2867,12.4027,-14.0,8.5055,2592,1555.26,472
92447,Schwarzhofen,49.3894,12.3306,-14.0,8.5055,2592,1555.26,374
92449,Steinberg,49.2703,12.1714,-14.0,9.6729,2307,1384.14,384
92507,Nabburg,49.4464,12.1931,-14.0,9.6729,2307,1384.14,369
92521,Schwarzenfeld,49.3834,12.1267,-14.0,9.6729,2307,1384.14,363
92526,Oberviechtach,49.4908,12.4533,-14.0,8.5055,2592,1555.26,569
92533,Wernberg-Köblitz,49.544,12.1531,-14.0,9.2052,2404,1442.46,374
92536,Pfreimd,49.5015,12.2038,-14.0,8.5055,2592,1555.26,406
92539,Schönsee,49.5199,12.5564,-14.0,8.5055,2592,1555.26,678
92540,Altendorf,49.4197,12.2968,-14.0,8.5055,2592,1555.26,461
92542,Dieterskirchen,49.4093,12.4174,-14.0,8.5055,2592,1555.26,463
92543,Guteneck,49.4572,12.2844,-14.0,8.5055,2592,1555.26,477
92545,Niedermurach,49.4444,12.3576,-14.0,8.5055,2592,1555.26,482
92546,Schmidgaden,49.4474,12.0687,-14.0,9.2726,2401,1440.6,415
92548,"Schwarzach bei Nabburg",49.3966,12.2063,-14.0,9.6729,2307,1384.14,386
92549,Stadlern,49.5041,12.6254,-14.0,8.5205,2580,1548.18,660
92551,Stulln,49.4231,12.1347,-14.0,9.6729,2307,1384.14,374
92552,Teunz,49.4968,12.3932,-14.0,8.5055,2592,1555.26,502
92554,Thanstein,49.3885,12.4646,-14.0,8.5055,2592,1555.26,499
92555,Trausnitz,49.5251,12.2686,-14.0,8.5055,2592,1555.26,417
92557,Weiding,49.4818,12.5729,-14.0,8.5055,2592,1555.26,646
92559,Winklarn,49.4338,12.5054,-14.0,8.5055,2592,1555.26,533
92637,"Weiden in der Oberpfalz",49.6682,12.1316,-14.0,9.2052,2404,1442.46,418
92648,Vohenstrauß,49.6241,12.3337,-14.0,9.2052,2404,1442.46,541
92655,Grafenwöhr,49.684,11.8366,-14.0,8.7553,2519,1511.58,425
92660,"Neustadt an der Waldnaab",49.732,12.1759,-14.0,9.2052,2404,1442.46,430
92665,"Altenstadt an der Waldnaab",49.7562,12.115,-14.0,9.2052,2404,1442.46,506
92670,Windischeschenbach,49.811,12.1569,-14.0,8.3389,2631,1578.84,443
92676,"Eschenbach in der Oberpfalz",49.7657,11.8264,-14.0,8.7553,2519,1511.58,424
92681,Erbendorf,49.8349,12.0313,-14.0,8.7553,2519,1511.58,531
92685,Floß,49.7228,12.2829,-14.0,9.2052,2404,1442.46,486
92690,Pressath,49.7739,11.9731,-14.0,8.7553,2519,1511.58,511
92693,Eslarn,49.5748,12.5261,-14.0,8.5055,2592,1555.26,538
92694,Etzenricht,49.6224,12.1005,-14.0,9.2052,2404,1442.46,385
92696,Flossenbürg,49.7437,12.3574,-14.0,8.3389,2631,1578.84,668
92697,Georgenberg,49.7087,12.4016,-14.0,9.2052,2404,1442.46,622
92699,Bechtsried,49.6417,12.2187,-14.0,9.2052,2404,1442.46,465
92700,Weiherhammer,49.6589,11.9364,-14.0,8.7553,2519,1511.58,448
92702,Kohlberg,49.5989,12.0224,-14.0,9.2052,2404,1442.46,467
92703,Krummennaab,49.8417,12.1023,-14.0,8.7553,2519,1511.58,494
92705,Leuchtenberg,49.5871,12.2692,-14.0,9.2052,2404,1442.46,532
92706,Luhe-Wildenau,49.5844,12.1221,-14.0,9.2052,2404,1442.46,436
92708,Mantel,49.6726,12.0361,-14.0,9.2052,2404,1442.46,425
92709,Moosbach,49.5727,12.4257,-14.0,8.5055,2592,1555.26,573
92711,Parkstein,49.7383,12.061,-14.0,9.2052,2404,1442.46,485
92712,Pirk,49.6213,12.1799,-14.0,9.2052,2404,1442.46,457
92714,Pleystein,49.6496,12.4213,-14.0,9.2052,2404,1442.46,541
92715,Püchersreuth,49.7733,12.2117,-14.0,9.2052,2404,1442.46,474
92717,"Reuth bei Erbendorf",49.8574,12.1393,-14.0,8.3389,2631,1578.84,476
92718,Schirmitz,49.6513,12.1748,-14.0,9.2052,2404,1442.46,411
92720,Schwarzenbach,49.7232,12.0001,-14.0,8.7553,2519,1511.58,417
92721,Störnstein,49.7406,12.2083,-14.0,9.2052,2404,1442.46,461
92723,Tännesberg,49.5401,12.3299,-14.0,8.5055,2592,1555.26,589
92724,Trabitz,49.786,11.8944,-14.0,8.7553,2519,1511.58,453
92726,Waidhaus,49.6573,12.4917,-14.0,9.2052,2404,1442.46,684
92727,Waldthurn,49.6811,12.3283,-14.0,9.2052,2404,1442.46,548
92729,Weiherhammer,49.6233,12.0551,-14.0,9.2052,2404,1442.46,408
93047,Regensburg,49.017,12.0959,-14.0,9.8805,2243,1346.04,347
93049,Regensburg,49.0217,12.0625,-14.0,9.8805,2243,1346.04,338
93051,Regensburg,49.0013,12.0738,-14.0,9.8805,2243,1346.04,381
93053,Regensburg,48.9923,12.1048,-14.0,9.8805,2243,1346.04,378
93055,Regensburg,49.0018,12.1583,-14.0,9.8805,2243,1346.04,334
93057,Regensburg,49.0497,12.1168,-14.0,9.8805,2243,1346.04,378
93059,Regensburg,49.0297,12.102,-14.0,9.8805,2243,1346.04,332
93073,Neutraubling,48.9815,12.2093,-14.0,9.8805,2243,1346.04,333
93077,"Bad Abbach",48.9196,12.0579,-14.0,9.8805,2243,1346.04,369
93080,Pentling,48.9636,12.0543,-14.0,9.8805,2243,1346.04,397
93083,Obertraubling,48.9624,12.153,-14.0,9.8805,2243,1346.04,363
93086,"Wörth an der Donau",49.0142,12.4301,-14.0,8.8964,2477,1486.14,494
93087,Alteglofsheim,48.9142,12.1987,-14.0,8.5348,2587,1552.38,375
93089,Aufhausen,48.8727,12.2871,-14.0,10.103,2169,1301.16,395
93090,"Bach an der Donau",49.0262,12.3062,-14.0,9.8805,2243,1346.04,350
93092,Barbing,48.9966,12.2884,-14.0,9.8805,2243,1346.04,328
93093,Donaustauf,49.029,12.2267,-14.0,9.8805,2243,1346.04,337
93095,Hagelstadt,48.8953,12.2259,-14.0,10.103,2169,1301.16,380
93096,Köfering,48.9371,12.1872,-14.0,9.8805,2243,1346.04,349
93098,Mintraching,48.9503,12.2618,-14.0,9.8805,2243,1346.04,331
93099,Mötzing,48.9041,12.4008,-14.0,9.6553,2298,1378.8,333
93101,Pfakofen,48.8597,12.223,-14.0,10.103,2169,1301.16,379
93102,Pfatter,48.9566,12.3941,-14.0,9.6553,2298,1378.8,325
93104,Sünching,48.9139,12.3322,-14.0,10.103,2169,1301.16,330
93105,Tegernheim,49.0253,12.1782,-14.0,9.8805,2243,1346.04,332
93107,Thalmassing,48.9017,12.1411,-14.0,8.5348,2587,1552.38,389
93109,Wiesent,49.0242,12.3746,-14.0,9.8805,2243,1346.04,454
93128,Regenstauf,49.1457,12.1555,-14.0,9.8805,2243,1346.04,347
93133,Burglengenfeld,49.2238,12.0047,-14.0,9.6729,2307,1384.14,421
93138,Lappersdorf,49.0708,12.0596,-14.0,9.8805,2243,1346.04,412
93142,Maxhütte-Haidhof,49.1807,12.096,-14.0,9.8805,2243,1346.04,383
93149,Nittenau,49.2078,12.2431,-14.0,9.6729,2307,1384.14,412
93152,Nittendorf,49.019,11.9433,-14.0,9.8805,2243,1346.04,478
93155,Hemau,49.0419,11.7524,-14.0,8.8715,2483,1489.8,535
93158,Teublitz,49.2332,12.0994,-14.0,9.6729,2307,1384.14,351
93161,Sinzing,48.9911,11.9965,-14.0,9.8805,2243,1346.04,472
93164,Laaber,49.0752,11.8978,-14.0,9.8805,2243,1346.04,469
93167,Falkenstein,49.1074,12.4798,-14.0,8.8964,2477,1486.14,501
93170,Bernhardswald,49.1179,12.2458,-14.0,9.8805,2243,1346.04,453
93173,Wenzenbach,49.0732,12.1722,-14.0,9.8805,2243,1346.04,347
93176,Beratzhausen,49.1175,11.8213,-14.0,8.8715,2483,1489.8,518
93177,Altenthann,49.0673,12.3038,-14.0,9.8805,2243,1346.04,493
93179,Brennberg,49.072,12.3889,-14.0,8.8964,2477,1486.14,560
93180,Deuerling,49.0296,11.907,-14.0,9.8805,2243,1346.04,445
93182,Duggendorf,49.1221,11.9254,-14.0,9.8805,2243,1346.04,451
93183,Kallmünz,49.1465,11.9806,-14.0,9.8805,2243,1346.04,422
93185,Michelsneukirchen,49.1138,12.5571,-14.0,8.8964,2477,1486.14,604
93186,Pettendorf,49.0476,12.0137,-14.0,9.8805,2243,1346.04,410
93188,Pielenhofen,49.0724,11.9655,-14.0,9.8805,2243,1346.04,426
93189,Reichenbach,49.1745,12.3496,-14.0,8.8964,2477,1486.14,424
93191,Rettenbach,49.0587,12.4617,-14.0,8.8964,2477,1486.14,613
93192,Wald,49.1319,12.3482,-14.0,8.8964,2477,1486.14,542
93194,Walderbach,49.2015,12.3919,-14.0,8.8964,2477,1486.14,375
93195,Wolfsegg,49.1063,11.9861,-14.0,9.8805,2243,1346.04,410
93197,Zeitlarn,49.0872,12.1198,-14.0,9.8805,2243,1346.04,339
93199,Zell,49.1429,12.4083,-14.0,8.8964,2477,1486.14,489
93309,Kelheim,48.8984,11.8796,-14.0,9.5058,2310,1385.82,476
93326,Abensberg,48.8376,11.8485,-14.0,9.5058,2310,1385.82,410
93333,"Neustadt an der Donau",48.7946,11.7756,-14.0,9.5058,2310,1385.82,356
93336,Altmannstein,48.9125,11.5998,-14.0,9.7058,2261,1356.84,404
93339,Riedenburg,48.9727,11.6923,-14.0,9.2304,2392,1435.2,454
93342,"Saal an der Donau",48.8626,11.9297,-14.0,9.5058,2310,1385.82,397
93343,Essing,48.9365,11.8045,-14.0,9.8805,2243,1346.04,423
93345,Hausen,48.8491,11.9921,-14.0,8.5348,2587,1552.38,398
93346,Ihrlerstein,48.9544,11.859,-14.0,9.8805,2243,1346.04,506
93348,Kirchdorf,48.768,11.9108,-14.0,9.5058,2310,1385.82,411
93349,Mindelstetten,48.8526,11.6366,-14.0,9.7058,2261,1356.84,396
93351,Painten,48.9997,11.8356,-14.0,8.8715,2483,1489.8,523
93352,"Rohr in Niederbayern",48.771,11.9729,-14.0,9.5058,2310,1385.82,425
93354,Siegenburg,48.765,11.8508,-14.0,9.5058,2310,1385.82,390
93356,Teugn,48.8899,12.0154,-14.0,8.5348,2587,1552.38,369
93358,Train,48.7289,11.8279,-14.0,9.5058,2310,1385.82,415
93359,Wildenberg,48.7271,11.9083,-14.0,9.5058,2310,1385.82,424
93413,Cham,49.2132,12.6588,-14.0,8.8964,2477,1486.14,367
93426,Roding,49.1946,12.4903,-14.0,8.8964,2477,1486.14,435
93437,"Furth im Wald",49.3086,12.855,-14.0,8.5205,2580,1548.18,396
93444,Kötzting,49.1627,12.8847,-14.0,8.554,2562,1537.2,445
93449,Waldmünchen,49.3809,12.6887,-14.0,8.5205,2580,1548.18,475
93453,"Neukirchen bei Heilig Blut",49.2556,13.0011,-14.0,4.3033,3904,2342.58,548
93455,Traitsching,49.1315,12.6599,-14.0,8.8964,2477,1486.14,537
93458,Eschlkam,49.313,12.9432,-14.0,8.5205,2580,1548.18,420
93462,Lam,49.2095,13.0453,-14.0,4.3033,3904,2342.58,691
93464,Tiefenbach,49.4389,12.5746,-14.0,8.5205,2580,1548.18,549
93466,Chamerau,49.1904,12.7457,-14.0,8.8964,2477,1486.14,460
93468,Miltach,49.1483,12.7753,-14.0,8.554,2562,1537.2,399
93470,Lohberg,49.1583,13.1092,-14.0,4.3033,3904,2342.58,661
93471,Arnbruck,49.1326,12.9811,-14.0,4.3033,3904,2342.58,533
93473,Arnschwang,49.2636,12.8171,-14.0,8.5205,2580,1548.18,418
93474,Arrach,49.188,12.9932,-14.0,4.3033,3904,2342.58,602
93476,Blaibach,49.1676,12.8147,-14.0,8.554,2562,1537.2,443
93477,Gleißenberg,49.3292,12.7399,-14.0,8.5205,2580,1548.18,483
93479,Grafenwiesen,49.2113,12.8728,-14.0,8.554,2562,1537.2,440
93480,Hohenwarth,49.2012,12.935,-14.0,8.554,2562,1537.2,548
93482,Pemfling,49.2763,12.6034,-14.0,8.8964,2477,1486.14,393
93483,Pösing,49.2334,12.5579,-14.0,8.8964,2477,1486.14,385
93485,Rimbach,49.2379,12.8814,-14.0,8.554,2562,1537.2,646
93486,Runding,49.2243,12.7561,-14.0,8.8964,2477,1486.14,465
93488,Schönthal,49.3478,12.611,-14.0,8.5205,2580,1548.18,456
93489,Schorndorf,49.167,12.5953,-14.0,8.8964,2477,1486.14,423
93491,Stamsried,49.2738,12.5245,-14.0,8.8964,2477,1486.14,432
93492,Treffelstein,49.4136,12.6201,-14.0,8.5205,2580,1548.18,476
93494,Waffenbrunn,49.2878,12.6699,-14.0,8.5205,2580,1548.18,475
93495,Weiding,49.2787,12.7418,-14.0,8.5205,2580,1548.18,447
93497,Willmering,49.2515,12.685,-14.0,8.8964,2477,1486.14,423
93499,Zandt,49.1429,12.7162,-14.0,8.8964,2477,1486.14,545
94032,Passau,48.5653,13.4647,-14.0,9.3545,2380,1428.12,334
94034,Passau,48.5912,13.4383,-14.0,9.3545,2380,1428.12,419
94036,Passau,48.5747,13.3801,-14.0,9.3545,2380,1428.12,387
94051,Hauzenberg,48.6498,13.6272,-14.0,8.4718,2595,1557.06,530
94060,Pocking,48.3926,13.3132,-14.0,9.3545,2380,1428.12,323
94065,Waldkirchen,48.7327,13.5986,-14.0,8.4718,2595,1557.06,515
94072,"Bad Füssing",48.3442,13.3177,-14.0,9.3545,2380,1428.12,323
94078,Freyung,48.8136,13.5446,-14.0,8.4718,2595,1557.06,609
94081,Fürstenzell,48.5211,13.3157,-14.0,9.3545,2380,1428.12,370
94086,"Griesbach im Rottal",48.4425,13.1901,-14.0,9.3545,2380,1428.12,416
94089,Neureichenau,48.7558,13.7607,-14.0,8.4718,2595,1557.06,757
94094,Rotthalmünster,48.3769,13.1927,-14.0,9.8545,2234,1340.64,437
94099,"Ruhstorf an der Rott",48.4652,13.303,-14.0,9.3545,2380,1428.12,336
94104,Tittling,48.7296,13.3965,-14.0,8.8641,2513,1507.92,450
94107,Untergriesbach,48.5799,13.6803,-14.0,8.4718,2595,1557.06,532
94110,Wegscheid,48.6223,13.768,-14.0,8.4718,2595,1557.06,732
94113,Tiefenbach,48.636,13.3646,-14.0,9.3545,2380,1428.12,367
94116,Hutthurm,48.6957,13.4762,-14.0,8.4718,2595,1557.06,449
94118,Jandelsbrunn,48.7303,13.6884,-14.0,8.4718,2595,1557.06,639
94121,Salzweg,48.6261,13.4794,-14.0,9.3545,2380,1428.12,428
94124,Büchlberg,48.6677,13.5212,-14.0,8.4718,2595,1557.06,476
94127,"Neuburg am Inn",48.5172,13.398,-14.0,9.3545,2380,1428.12,411
94130,Obernzell,48.5743,13.6195,-14.0,9.3545,2380,1428.12,573
94133,Röhrnbach,48.7556,13.5175,-14.0,8.4718,2595,1557.06,499
94136,Thyrnau,48.603,13.5517,-14.0,9.3545,2380,1428.12,395
94137,Bayerbach,48.4117,13.1129,-14.0,9.8545,2234,1340.64,410
94139,Breitenberg,48.6983,13.7784,-14.0,8.4718,2595,1557.06,673
94140,Ering,48.311,13.1274,-14.0,9.8545,2234,1340.64,433
94142,Fürsteneck,48.733,13.4551,-14.0,8.8641,2513,1507.92,436
94143,Grainet,48.7962,13.6649,-14.0,8.4718,2595,1557.06,746
94145,Haidmühle,48.8113,13.7546,-14.0,8.4718,2595,1557.06,837
94146,Hinterschmiding,48.848,13.6339,-14.0,8.4718,2595,1557.06,844
94148,Kirchham,48.3469,13.2526,-14.0,9.8545,2234,1340.64,338
94149,Kößlarn,48.3766,13.1254,-14.0,9.8545,2234,1340.64,464
94151,Mauth,48.9146,13.5946,-14.0,8.4718,2595,1557.06,816
94152,"Neuhaus am Inn",48.4385,13.4108,-14.0,9.3545,2380,1428.12,307
94154,"Neukirchen vorm Wald",48.6883,13.4111,-14.0,8.8641,2513,1507.92,451
94157,Perlesreut,48.7769,13.4249,-14.0,8.8641,2513,1507.92,508
94158,Philippsreut,48.8687,13.674,-14.0,8.4718,2595,1557.06,1016
94160,Ringelai,48.8117,13.4563,-14.0,8.8641,2513,1507.92,490
94161,Ruderting,48.6579,13.4081,-14.0,9.3545,2380,1428.12,443
94163,Saldenburg,48.7767,13.356,-14.0,8.8641,2513,1507.92,537
94164,Sonnen,48.672,13.7171,-14.0,8.4718,2595,1557.06,885
94166,Stubenberg,48.3228,13.067,-14.0,9.8545,2234,1340.64,484
94167,Tettenweis,48.4352,13.2683,-14.0,9.3545,2380,1428.12,372
94169,Thurmansbang,48.7623,13.3035,-14.0,8.8641,2513,1507.92,516
94209,Regen,48.9685,13.1211,-14.0,7.9123,2753,1651.92,548
94227,Zwiesel,49.0663,13.2793,-14.0,7.9123,2753,1651.92,826
94234,Viechtach,49.0926,12.9167,-14.0,8.554,2562,1537.2,505
94239,Zachenberg,48.9752,13.0048,-14.0,9.4551,2340,1404.18,539
94244,Teisnach,49.0442,12.9765,-14.0,8.554,2562,1537.2,494
94249,Bodenmais,49.0759,13.1126,-14.0,4.3033,3904,2342.58,796
94250,Achslach,48.9707,12.9115,-14.0,9.4551,2340,1404.18,678
94252,"Bayerisch Eisenstein",49.1045,13.1834,-14.0,4.3033,3904,2342.58,765
94253,Bischofsmais,48.9098,13.0798,-14.0,9.4551,2340,1404.18,671
94255,Böbrach,49.0547,13.0353,-14.0,4.3033,3904,2342.58,561
94256,Drachselsried,49.1029,13.0396,-14.0,4.3033,3904,2342.58,628
94258,Frauenau,48.984,13.3238,-14.0,7.9123,2753,1651.92,782
94259,Kirchberg,48.8995,13.1846,-14.0,7.9123,2753,1651.92,666
94261,"Kirchdorf im Wald",48.9147,13.2589,-14.0,7.9123,2753,1651.92,674
94262,Kollnburg,49.0264,12.8878,-14.0,8.554,2562,1537.2,509
94264,Langdorf,49.0278,13.1492,-14.0,7.9123,2753,1651.92,585
94265,Patersdorf,49.0037,12.9758,-14.0,8.554,2562,1537.2,519
94267,Prackenbach,49.0989,12.8176,-14.0,8.554,2562,1537.2,548
94269,Rinchnach,48.9502,13.2116,-14.0,7.9123,2753,1651.92,584
94315,Straubing,48.882,12.565,-14.0,9.6553,2298,1378.8,326
94327,Bogen,48.9036,12.7525,-14.0,9.4551,2340,1404.18,353
94330,Aiterhofen,48.829,12.6022,-14.0,9.6553,2298,1378.8,338
94333,Geiselhöring,48.8161,12.405,-14.0,9.6553,2298,1378.8,370
94336,Hunderdorf,48.9469,12.7257,-14.0,9.4551,2340,1404.18,328
94339,Leiblfing,48.7791,12.533,-14.0,9.6553,2298,1378.8,373
94342,Straßkirchen,48.8348,12.7188,-14.0,9.6553,2298,1378.8,326
94344,Wiesenfelden,49.0255,12.5379,-14.0,8.8964,2477,1486.14,673
94345,Aholfing,48.9364,12.4774,-14.0,9.6553,2298,1378.8,322
94347,Ascha,48.9925,12.629,-14.0,9.6553,2298,1378.8,352
94348,Atting,48.8897,12.4978,-14.0,9.6553,2298,1378.8,333
94350,Falkenfels,49.0105,12.5948,-14.0,8.8964,2477,1486.14,507
94351,Feldkirchen,48.8263,12.5223,-14.0,9.6553,2298,1378.8,353
94353,Haibach,49.0288,12.7371,-14.0,8.554,2562,1537.2,527
94354,Haselbach,49.0003,12.6835,-14.0,8.554,2562,1537.2,419
94356,Kirchroth,48.9667,12.5174,-14.0,9.6553,2298,1378.8,331
94357,Konzell,49.0762,12.7147,-14.0,8.554,2562,1537.2,541
94359,Loitzendorf,49.0942,12.6598,-14.0,8.8964,2477,1486.14,422
94360,Mitterfels,48.9694,12.6689,-14.0,9.6553,2298,1378.8,429
94362,Neukirchen,48.9843,12.7619,-14.0,8.554,2562,1537.2,440
94363,Oberschneiding,48.7907,12.6544,-14.0,9.6553,2298,1378.8,364
94365,Parkstetten,48.9195,12.6043,-14.0,9.6553,2298,1378.8,319
94366,Perasdorf,48.9588,12.8142,-14.0,9.4551,2340,1404.18,560
94368,Perkam,48.8654,12.4435,-14.0,9.6553,2298,1378.8,337
94369,Rain,48.9014,12.4545,-14.0,9.6553,2298,1378.8,334
94371,Rattenberg,49.081,12.7644,-14.0,8.554,2562,1537.2,539
94372,Rattiszell,49.0369,12.6278,-14.0,8.8964,2477,1486.14,417
94374,Schwarzach,48.9188,12.834,-14.0,9.4551,2340,1404.18,399
94375,Stallwang,49.0631,12.658,-14.0,8.8964,2477,1486.14,421
94377,Steinach,48.9514,12.5984,-14.0,9.6553,2298,1378.8,341
94379,"Sankt Englmar",49.012,12.8069,-14.0,8.554,2562,1537.2,850
94405,"Landau an der Isar",48.656,12.7144,-14.0,9.6466,2292,1375.2,413
94419,Reisbach,48.5746,12.6421,-14.0,9.6466,2289,1373.4,406
94424,Arnstorf,48.5574,12.8131,-14.0,9.6466,2289,1373.4,379
94428,Eichendorf,48.6397,12.8244,-14.0,9.7471,2268,1360.5,355
94431,Pilsting,48.6995,12.6407,-14.0,9.6466,2292,1375.2,342
94436,Simbach,48.5707,12.7361,-14.0,9.6466,2289,1373.4,414
94437,Mamming,48.6503,12.5974,-14.0,9.6466,2292,1375.2,352
94439,Roßbach,48.5811,12.922,-14.0,9.7471,2268,1360.5,447
94447,Plattling,48.7844,12.9061,-14.0,9.4551,2340,1404.18,321
94469,Deggendorf,48.8369,12.9739,-14.0,9.4551,2340,1404.18,368
94474,Vilshofen,48.6238,13.1726,-14.0,9.7471,2268,1360.5,351
94481,Grafenau,48.8494,13.3995,-14.0,8.8641,2513,1507.92,593
94486,Osterhofen,48.6885,12.9967,-14.0,9.7471,2268,1360.5,330
94491,Hengersberg,48.7668,13.0709,-14.0,9.4551,2340,1404.18,319
94496,Ortenburg,48.5586,13.2171,-14.0,9.3545,2380,1428.12,341
94501,Aldersbach,48.5878,13.0605,-14.0,9.7471,2268,1360.5,337
94505,Bernried,48.9149,12.9066,-14.0,9.4551,2340,1404.18,515
94508,Schöllnach,48.7758,13.2024,-14.0,8.8641,2513,1507.92,484
94513,Schönberg,48.8366,13.331,-14.0,8.8641,2513,1507.92,520
94518,Spiegelau,48.926,13.3462,-14.0,7.9123,2753,1651.92,780
94522,Wallersdorf,48.7402,12.7444,-14.0,9.6553,2298,1378.8,337
94526,Metten,48.8547,12.9155,-14.0,9.4551,2340,1404.18,318
94527,Aholming,48.7371,12.9001,-14.0,9.4551,2340,1404.18,320
94529,"Aicha vorm Wald",48.68,13.3106,-14.0,8.8641,2513,1507.92,414
94530,Auerbach,48.8092,13.0957,-14.0,9.4551,2340,1404.18,322
94532,Außernzell,48.7339,13.2222,-14.0,8.8641,2513,1507.92,388
94533,Buchhofen,48.6992,12.9309,-14.0,9.7471,2268,1360.5,332
94535,"Eging am See",48.7136,13.2683,-14.0,8.8641,2513,1507.92,406
94536,Eppenschlag,48.8939,13.3058,-14.0,8.8641,2513,1507.92,647
94538,Fürstenstein,48.7149,13.3225,-14.0,8.8641,2513,1507.92,512
94539,Grafling,48.9027,12.9807,-14.0,9.4551,2340,1404.18,517
94541,Grattersdorf,48.8058,13.1545,-14.0,8.8641,2513,1507.92,477
94542,Haarbach,48.5027,13.1437,-14.0,9.7471,2268,1360.5,386
94544,Hofkirchen,48.6765,13.1622,-14.0,9.7471,2268,1360.5,420
94545,Hohenau,48.8569,13.5131,-14.0,8.4718,2595,1557.06,745
94547,Iggensbach,48.7237,13.1679,-14.0,8.8641,2513,1507.92,403
94548,Innernzell,48.8499,13.2721,-14.0,8.8641,2513,1507.92,619
94550,Künzing,48.6552,13.0649,-14.0,9.7471,2268,1360.5,330
94551,Lalling,48.8573,13.1253,-14.0,9.4551,2340,1404.18,446
94553,Mariaposching,48.846,12.822,-14.0,9.4551,2340,1404.18,313
94554,Moos,48.7548,12.9596,-14.0,9.4551,2340,1404.18,316
94556,Neuschönau,48.9114,13.4773,-14.0,8.4718,2595,1557.06,829
94557,Niederalteich,48.7679,13.0261,-14.0,9.4551,2340,1404.18,312
94559,Niederwinkling,48.8696,12.781,-14.0,9.4551,2340,1404.18,315
94560,Offenberg,48.8712,12.8715,-14.0,9.4551,2340,1404.18,336
94562,Oberpöring,48.7101,12.8338,-14.0,9.4551,2340,1404.18,327
94563,Otzing,48.7593,12.8158,-14.0,9.4551,2340,1404.18,325
94566,"Sankt Oswald-Riedlhütte",48.9062,13.3838,-14.0,8.8641,2513,1507.92,733
94568,"Sankt Oswald-Riedlhütte",48.9367,13.4148,-14.0,7.9123,2753,1651.92,784
94569,Stephansposching,48.8024,12.815,-14.0,9.4551,2340,1404.18,326
94571,Schaufling,48.8519,13.0577,-14.0,9.4551,2340,1404.18,490
94572,Schöfweg,48.8392,13.2239,-14.0,8.8641,2513,1507.92,786
94574,Wallerfing,48.6873,12.8775,-14.0,9.7471,2268,1360.5,350
94575,Windorf,48.6455,13.2531,-14.0,9.3545,2380,1428.12,422
94577,Winzer,48.7239,13.0967,-14.0,9.7471,2268,1360.5,393
94579,Zenting,48.7851,13.2595,-14.0,8.8641,2513,1507.92,480
95028,Hof,50.323,11.9359,-14.0,8.2732,2637,1582.32,516
95030,Hof,50.3045,11.8609,-14.0,8.2732,2637,1582.32,569
95032,Hof,50.2861,11.8998,-14.0,8.2732,2637,1582.32,543
95100,Selb,50.1629,12.1329,-14.0,7.6967,2786,1671.78,566
95111,Rehau,50.2469,12.0652,-14.0,7.6967,2786,1671.78,565
95119,Naila,50.3248,11.6905,-14.0,8.2732,2637,1582.32,546
95126,"Schwarzenbach an der Saale",50.2106,11.9108,-14.0,8.2732,2637,1582.32,511
95131,"Schwarzenbach am Wald",50.2928,11.6068,-14.0,8.1712,2640,1584.3,635
95138,"Bad Steben",50.3587,11.6356,-14.0,8.1712,2640,1584.3,577
95145,Oberkotzau,50.2572,11.93,-14.0,8.2732,2637,1582.32,504
95152,Selbitz,50.322,11.7555,-14.0,8.2732,2637,1582.32,548
95158,Kirchenlamitz,50.1492,11.9547,-14.0,8.0047,2708,1624.56,600
95163,Weißenstadt,50.1034,11.8915,-14.0,8.0047,2708,1624.56,627
95168,Marktleuthen,50.1192,12.0168,-14.0,8.0047,2708,1624.56,570
95173,Schönwald,50.2031,12.0797,-14.0,7.6967,2786,1671.78,694
95176,Konradsreuth,50.2559,11.8389,-14.0,8.2732,2637,1582.32,556
95179,Geroldsgrün,50.336,11.5719,-14.0,8.1712,2640,1584.3,656
95180,Berg,50.3809,11.7792,-14.0,8.2732,2637,1582.32,603
95182,Döhlau,50.2875,11.9639,-14.0,8.2732,2637,1582.32,498
95183,Feilitzsch,50.3847,11.9054,-14.0,8.2732,2637,1582.32,561
95185,Gattendorf,50.3271,11.9917,-14.0,8.2732,2637,1582.32,575
95186,"Höchstädt im Fichtelgebirge",50.0996,12.0801,-14.0,8.0047,2708,1624.56,581
95188,Issigau,50.3764,11.7185,-14.0,8.1712,2640,1584.3,528
95189,Köditz,50.3404,11.8463,-14.0,8.2732,2637,1582.32,563
95191,Leupoldsgrün,50.2979,11.7991,-14.0,8.2732,2637,1582.32,617
95192,Lichtenberg,50.3788,11.6677,-14.0,8.1712,2640,1584.3,565
95194,Regnitzlosau,50.3056,12.0566,-14.0,7.6967,2786,1671.78,573
95195,Röslau,50.0846,11.9722,-14.0,8.0047,2708,1624.56,578
95197,Schauenstein,50.2752,11.7308,-14.0,8.2732,2637,1582.32,543
95199,Thierstein,50.1168,12.1098,-14.0,7.6967,2786,1671.78,535
95213,Münchberg,50.1957,11.7715,-14.0,8.2732,2637,1582.32,566
95233,Helmbrechts,50.2362,11.6924,-14.0,8.2732,2637,1582.32,653
95234,Sparneck,50.1537,11.8491,-14.0,8.0047,2708,1624.56,598
95236,Stammbach,50.1436,11.7213,-14.0,7.4967,2834,1700.7,562
95237,Weißdorf,50.1842,11.8604,-14.0,8.2732,2637,1582.32,548
95239,Zell,50.1351,11.8004,-14.0,8.0047,2708,1624.56,596
95326,Kulmbach,50.1122,11.4457,-14.0,9.1874,2380,1427.94,305
95336,Mainleus,50.1,11.359,-14.0,9.1049,2398,1438.62,287
95339,Neuenmarkt,50.1106,11.6088,-14.0,9.1874,2380,1427.94,486
95346,Stadtsteinach,50.1768,11.5161,-14.0,9.1049,2398,1438.62,403
95349,Thurnau,50.0073,11.4005,-14.0,9.1874,2380,1427.94,411
95352,Marktleugast,50.1709,11.6309,-14.0,9.1874,2380,1427.94,563
95355,Presseck,50.2352,11.5491,-14.0,9.1049,2398,1438.62,630
95356,Grafengehaig,50.2108,11.6252,-14.0,8.2732,2637,1582.32,620
95358,Guttenberg,50.1625,11.5775,-14.0,9.1049,2398,1438.62,505
95359,Kasendorf,50.0384,11.3444,-14.0,9.1874,2380,1427.94,439
95361,Ködnitz,50.0955,11.5098,-14.0,9.1874,2380,1427.94,417
95362,Kupferberg,50.1412,11.5849,-14.0,9.1874,2380,1427.94,523
95364,Ludwigschorgast,50.1252,11.5654,-14.0,9.1874,2380,1427.94,368
95365,Rugendorf,50.2002,11.4551,-14.0,9.1049,2398,1438.62,395
95367,Trebgast,50.0714,11.5458,-14.0,9.1874,2380,1427.94,404
95369,Untersteinach,50.1354,11.5185,-14.0,9.1874,2380,1427.94,382
95444,Bayreuth,49.9442,11.5767,-14.0,9.1874,2380,1427.94,340
95445,Bayreuth,49.9558,11.5596,-14.0,9.1874,2380,1427.94,329
95447,Bayreuth,49.9249,11.5582,-14.0,9.1874,2380,1427.94,381
95448,Bayreuth,49.9427,11.6144,-14.0,9.1874,2380,1427.94,383
95460,"Bad Berneck im Fichtelgebirg",50.0489,11.6729,-14.0,7.4967,2834,1700.7,453
95463,Bindlach,49.9954,11.6134,-14.0,9.1874,2380,1427.94,451
95466,Weidenberg,49.9492,11.7344,-14.0,7.4967,2834,1700.7,497
95469,Speichersdorf,49.8651,11.78,-14.0,8.7553,2519,1511.58,458
95473,Creußen,49.8364,11.6516,-14.0,8.7553,2519,1511.58,488
95478,Kemnath,49.8648,11.9297,-14.0,8.7553,2519,1511.58,480
95482,Gefrees,50.094,11.7316,-14.0,7.4967,2834,1700.7,499
95485,Warmensteinach,50.0056,11.7773,-14.0,7.4967,2834,1700.7,640
95488,Eckersdorf,49.956,11.4692,-14.0,9.1874,2380,1427.94,422
95490,Mistelgau,49.9063,11.4207,-14.0,9.1874,2380,1427.94,408
95491,Ahorntal,49.8498,11.4306,-14.0,9.1874,2380,1427.94,424
95493,Bischofsgrün,50.0575,11.8078,-14.0,7.4967,2834,1700.7,670
95494,Gesees,49.9012,11.5399,-14.0,9.1874,2380,1427.94,414
95496,Glashütten,49.8912,11.4437,-14.0,9.1874,2380,1427.94,439
95497,Goldkronach,50.0013,11.6988,-14.0,7.4967,2834,1700.7,565
95499,Harsdorf,50.0357,11.5659,-14.0,9.1874,2380,1427.94,453
95500,Heinersreuth,49.9806,11.5228,-14.0,9.1874,2380,1427.94,330
95502,Himmelkron,50.058,11.6088,-14.0,9.1874,2380,1427.94,376
95503,Hummeltal,49.8862,11.5017,-14.0,9.1874,2380,1427.94,415
95505,Immenreuth,49.9197,11.8569,-14.0,7.4967,2834,1700.7,569
95506,Kastl,49.8265,11.912,-14.0,8.7553,2519,1511.58,460
95508,Kulmain,49.9118,11.9089,-14.0,7.4967,2834,1700.7,549
95509,Marktschorgast,50.0977,11.659,-14.0,9.1874,2380,1427.94,482
95511,Mistelbach,49.9114,11.5076,-14.0,9.1874,2380,1427.94,412
95512,Neudrossenfeld,50.0264,11.4853,-14.0,9.1874,2380,1427.94,336
95514,"Neustadt am Kulm",49.8293,11.8402,-14.0,8.7553,2519,1511.58,500
95515,Plankenfels,49.8909,11.34,-14.0,9.1874,2380,1427.94,388
95517,Emtmannsberg,49.8825,11.6933,-14.0,8.7553,2519,1511.58,403
95519,Vorbach,49.8005,11.7436,-14.0,8.7553,2519,1511.58,444
95615,Marktredwitz,50.0105,12.1028,-14.0,8.0047,2708,1624.56,529
95632,Wunsiedel,50.0336,11.9856,-14.0,8.0047,2708,1624.56,602
95643,Tirschenreuth,49.8885,12.3576,-14.0,8.3389,2631,1578.84,514
95652,Waldsassen,50.0191,12.2931,-14.0,8.3389,2631,1578.84,569
95659,Arzberg,50.0462,12.1752,-14.0,8.0047,2708,1624.56,478
95666,Mitterteich,49.9413,12.2685,-14.0,8.3389,2631,1578.84,505
95671,Bärnau,49.8055,12.4105,-14.0,8.3389,2631,1578.84,597
95676,Wiesau,49.9066,12.1845,-14.0,8.3389,2631,1578.84,509
95679,Waldershof,49.948,12.0794,-14.0,8.0047,2708,1624.56,607
95680,"Bad Alexandersbad",50.0097,12.026,-14.0,8.0047,2708,1624.56,614
95682,Brand,49.9581,11.8996,-14.0,7.4967,2834,1700.7,590
95683,Ebnath,49.9479,11.9363,-14.0,7.4967,2834,1700.7,550
95685,Falkenberg,49.8559,12.2239,-14.0,8.3389,2631,1578.84,471
95686,Fichtelberg,50.0088,11.8451,-14.0,7.4967,2834,1700.7,746
95688,Friedenfels,49.891,12.1058,-14.0,8.3389,2631,1578.84,588
95689,Fuchsmühl,49.9214,12.1323,-14.0,8.0047,2708,1624.56,675
95691,"Hohenberg an der Eger",50.1067,12.1843,-14.0,7.6967,2786,1671.78,492
95692,Konnersreuth,50.0017,12.2231,-14.0,8.0047,2708,1624.56,536
95694,Mehlmeisel,49.9793,11.8636,-14.0,7.4967,2834,1700.7,600
95695,Mähring,49.8908,12.4832,-14.0,8.3389,2631,1578.84,649
95697,Nagel,49.9812,11.9355,-14.0,8.0047,2708,1624.56,634
95698,Neualbenreuth,49.9592,12.425,-14.0,8.3389,2631,1578.84,584
95700,Neusorg,49.9405,11.9707,-14.0,8.0047,2708,1624.56,612
95701,Pechbrunn,49.9724,12.1693,-14.0,8.0047,2708,1624.56,535
95703,Plößberg,49.7959,12.3165,-14.0,8.3389,2631,1578.84,558
95704,Pullenreuth,49.9191,12.0069,-14.0,8.0047,2708,1624.56,616
95706,Schirnding,50.0776,12.2403,-14.0,7.6967,2786,1671.78,499
95707,Thiersheim,50.0801,12.1291,-14.0,8.0047,2708,1624.56,540
95709,Tröstau,50.0275,11.9066,-14.0,8.0047,2708,1624.56,675
96047,Bamberg,49.89,10.8935,-14.0,9.8959,2186,1311.42,245
96049,Bamberg,49.8778,10.8805,-14.0,9.8959,2186,1311.42,308
96050,Bamberg,49.8836,10.9257,-14.0,9.8959,2186,1311.42,247
96052,Bamberg,49.9104,10.8966,-14.0,9.8959,2186,1311.42,239
96103,Hallstadt,49.9288,10.874,-14.0,9.8959,2186,1311.42,237
96106,Ebern,50.0882,10.7398,-14.0,9.8959,2186,1311.42,346
96110,Scheßlitz,49.9794,11.0518,-14.0,9.8959,2186,1311.42,322
96114,Hirschaid,49.7974,10.948,-14.0,9.8959,2186,1311.42,268
96117,Memmelsdorf,49.94,10.9665,-14.0,9.8959,2186,1311.42,260
96120,Bischberg,49.9024,10.8058,-14.0,9.8959,2186,1311.42,304
96123,Litzendorf,49.9098,11.0272,-14.0,9.8959,2186,1311.42,342
96126,Maroldsweisach,50.1947,10.6516,-14.0,9.2874,2334,1400.64,341
96129,Strullendorf,49.8707,10.9833,-14.0,9.8959,2186,1311.42,322
96132,Schlüsselfeld,49.7669,10.6359,-14.0,9.0616,2389,1433.4,325
96135,Stegaurach,49.8589,10.8473,-14.0,9.8959,2186,1311.42,257
96138,Burgebrach,49.8237,10.7406,-14.0,9.8959,2186,1311.42,281
96142,Hollfeld,49.9303,11.2985,-14.0,9.1874,2380,1427.94,389
96145,Seßlach,50.1908,10.8114,-14.0,9.4134,2313,1387.74,350
96146,Altendorf,49.7968,11.007,-14.0,9.8959,2186,1311.42,250
96148,Baunach,49.9909,10.8255,-14.0,9.8959,2186,1311.42,317
96149,Breitengüßbach,49.9681,10.9104,-14.0,9.8959,2186,1311.42,279
96151,Breitbrunn,50.0181,10.7108,-14.0,9.8959,2186,1311.42,319
96152,Burghaslach,49.7324,10.5383,-14.0,9.0616,2389,1433.4,385
96154,Burgwindheim,49.8265,10.5951,-14.0,9.0616,2389,1433.4,287
96155,Buttenheim,49.8237,11.073,-14.0,9.8959,2186,1311.42,403
96157,Ebrach,49.8388,10.4985,-14.0,9.0616,2389,1433.4,391
96158,Frensdorf,49.8106,10.8712,-14.0,9.8959,2186,1311.42,290
96160,Geiselwind,49.765,10.4795,-14.0,9.0616,2389,1433.4,380
96161,Gerach,50.0324,10.7893,-14.0,9.8959,2186,1311.42,307
96163,Gundelsheim,49.9365,10.921,-14.0,9.8959,2186,1311.42,250
96164,Kemmern,49.9569,10.8647,-14.0,9.8959,2186,1311.42,236
96166,Kirchlauter,50.0453,10.7006,-14.0,9.8959,2186,1311.42,366
96167,Königsfeld,49.9411,11.1674,-14.0,9.8959,2186,1311.42,487
96169,Lauter,49.9763,10.7725,-14.0,9.8959,2186,1311.42,300
96170,Lisberg,49.8964,10.7199,-14.0,9.8959,2186,1311.42,279
96172,Mühlhausen,49.7592,10.7557,-14.0,9.8959,2186,1311.42,322
96173,Oberhaid,49.9424,10.8166,-14.0,9.8959,2186,1311.42,302
96175,Pettstadt,49.8327,10.9258,-14.0,9.8959,2186,1311.42,244
96176,Pfarrweisach,50.1459,10.7297,-14.0,9.4134,2313,1387.74,292
96178,Pommersfelden,49.7728,10.8154,-14.0,9.8959,2186,1311.42,265
96179,Rattelsdorf,50.0279,10.8767,-14.0,9.8959,2186,1311.42,270
96181,Rauhenebrach,49.907,10.5511,-14.0,9.0616,2389,1433.4,392
96182,Reckendorf,50.0277,10.8363,-14.0,9.8959,2186,1311.42,248
96184,Rentweinsdorf,50.0565,10.8117,-14.0,9.8959,2186,1311.42,252
96185,"Schönbrunn im Steigerwald",49.8647,10.6721,-14.0,9.0616,2389,1433.4,305
96187,Stadelhofen,49.9909,11.1635,-14.0,9.8959,2186,1311.42,489
96188,Stettfeld,49.9759,10.7298,-14.0,9.8959,2186,1311.42,273
96190,Untermerzbach,50.1255,10.8426,-14.0,9.4134,2313,1387.74,292
96191,Viereth-Trunstadt,49.923,10.7523,-14.0,9.8959,2186,1311.42,292
96193,Wachenroth,49.7625,10.7055,-14.0,9.0616,2389,1433.4,354
96194,Walsdorf,49.8718,10.7752,-14.0,9.8959,2186,1311.42,283
96196,Wattendorf,50.0281,11.1237,-14.0,9.8959,2186,1311.42,538
96197,Wonsees,49.9867,11.3086,-14.0,9.1874,2380,1427.94,460
96199,Zapfendorf,50.0146,10.9516,-14.0,9.8959,2186,1311.42,266
96215,Lichtenfels,50.1691,11.0473,-14.0,9.4134,2313,1387.74,347
96224,Burgkunstadt,50.1399,11.2873,-14.0,9.1049,2398,1438.62,350
96231,Staffelstein,50.1208,10.9791,-14.0,9.4134,2313,1387.74,295
96237,"Ebersdorf bei Coburg",50.238,11.0738,-14.0,9.4134,2313,1387.74,367
96242,Sonnefeld,50.2358,11.1496,-14.0,9.1049,2398,1438.62,390
96247,"Michelau in Oberfranken",50.1758,11.1264,-14.0,9.1049,2398,1438.62,274
96250,Ebensfeld,50.0631,10.9769,-14.0,9.8959,2186,1311.42,285
96253,Untersiemau,50.2066,10.9598,-14.0,9.4134,2313,1387.74,312
96257,"Redwitz an der Rodach",50.1784,11.2091,-14.0,9.1049,2398,1438.62,280
96260,Weismain,50.0583,11.2417,-14.0,9.1049,2398,1438.62,454
96264,Altenkunstadt,50.1222,11.2119,-14.0,9.1049,2398,1438.62,322
96268,Mitwitz,50.2476,11.227,-14.0,9.1049,2398,1438.62,313
96269,Großheirath,50.1857,10.9012,-14.0,9.4134,2313,1387.74,317
96271,"Grub am Forst",50.2344,11.0262,-14.0,9.4134,2313,1387.74,342
96272,"Hochstadt am Main",50.1418,11.1719,-14.0,9.1049,2398,1438.62,313
96274,Itzgrund,50.134,10.8973,-14.0,9.4134,2313,1387.74,264
96275,Marktzeuln,50.1696,11.1718,-14.0,9.1049,2398,1438.62,291
96277,Schneckenlohe,50.2157,11.1949,-14.0,9.1049,2398,1438.62,301
96279,"Weidhausen bei Coburg",50.2046,11.143,-14.0,9.1049,2398,1438.62,315
96317,Kronach,50.2533,11.3147,-14.0,9.1049,2398,1438.62,356
96328,Küps,50.203,11.2656,-14.0,9.1049,2398,1438.62,321
96332,Pressig,50.3636,11.3235,-14.0,7.7389,2777,1666.14,435
96337,Ludwigsstadt,50.4825,11.374,-14.0,7.7389,2777,1666.14,522
96342,Stockheim,50.3098,11.2909,-14.0,9.1049,2398,1438.62,342
96346,Wallenfels,50.2795,11.5052,-14.0,9.1049,2398,1438.62,534
96349,Steinwiesen,50.3237,11.4534,-14.0,7.7389,2777,1666.14,549
96352,Wilhelmsthal,50.3041,11.3703,-14.0,9.1049,2398,1438.62,390
96355,Tettau,50.458,11.2769,-14.0,7.7389,2777,1666.14,720
96358,Teuschnitz,50.4034,11.3992,-14.0,7.7389,2777,1666.14,614
96361,"Steinbach am Wald",50.426,11.3288,-14.0,7.7389,2777,1666.14,618
96364,Marktrodach,50.2477,11.4135,-14.0,9.1049,2398,1438.62,404
96365,Nordhalben,50.3767,11.5016,-14.0,7.7389,2777,1666.14,572
96367,Tschirn,50.4022,11.4507,-14.0,7.7389,2777,1666.14,668
96369,Weißenbrunn,50.1878,11.3415,-14.0,9.1049,2398,1438.62,461
96450,Coburg,50.2705,10.9508,-14.0,9.4134,2313,1387.74,317
96465,"Neustadt bei Coburg",50.3238,11.1102,-14.0,9.4134,2313,1387.74,332
96472,Rödental,50.3002,11.0407,-14.0,9.4134,2313,1387.74,362
96476,"Rodach bei Coburg",50.3353,10.7826,-14.0,8.829,2486,1491.66,306
96479,Weitramsdorf,50.2477,10.872,-14.0,9.4134,2313,1387.74,324
96482,Ahorn,50.2236,10.9251,-14.0,9.4134,2313,1387.74,325
96484,Meeder,50.3267,10.896,-14.0,9.4134,2313,1387.74,341
96486,Lautertal,50.3437,10.9677,-14.0,9.4134,2313,1387.74,365
96487,Dörfles-Esbach,50.2887,11.0018,-14.0,9.4134,2313,1387.74,332
96489,Niederfüllbach,50.2194,10.9906,-14.0,9.4134,2313,1387.74,289
96515,Sonneberg,50.3651,11.1732,-14.0,6.5548,3107,1864.38,417
96523,Steinach,50.4333,11.1617,-14.0,6.5548,3107,1864.38,528
96524,Neuhaus-Schierschnitz,50.3154,11.2254,-14.0,9.1049,2398,1438.62,386
96528,Effelder-Rauenstein,50.3937,11.053,-14.0,9.4134,2313,1387.74,489
97070,Würzburg,49.7944,9.9348,-14.0,10.6123,2007,1204.14,183
97072,Würzburg,49.781,9.9359,-14.0,10.6123,2007,1204.14,177
97074,Würzburg,49.7836,9.9633,-14.0,10.6123,2007,1204.14,252
97076,Würzburg,49.808,9.9913,-14.0,10.6123,2007,1204.14,232
97078,Würzburg,49.8244,9.9657,-14.0,10.6123,2007,1204.14,241
97080,Würzburg,49.8182,9.9219,-14.0,10.6123,2007,1204.14,215
97082,Würzburg,49.7599,9.9118,-14.0,10.6123,2007,1204.14,346
97084,Würzburg,49.7414,9.9552,-14.0,10.6123,2007,1204.14,284
97199,Ochsenfurt,49.6591,10.0479,-14.0,10.7545,1976,1185.84,265
97204,Höchberg,49.7752,9.8647,-14.0,10.6123,2007,1204.14,290
97209,Veitshöchheim,49.8405,9.8874,-14.0,10.6123,2007,1204.14,234
97215,Uffenheim,49.5228,10.2062,-14.0,9.9811,2161,1296.54,354
97218,Gerbrunn,49.781,10.0002,-14.0,10.6123,2007,1204.14,285
97222,Rimpar,49.9089,9.9571,-14.0,9.8537,2180,1307.88,367
97225,Zellingen,49.8946,9.7811,-14.0,9.8537,2180,1307.88,246
97228,Rottendorf,49.7924,10.0391,-14.0,10.6123,2007,1204.14,250
97230,Estenfeld,49.8219,10.0199,-14.0,10.6123,2007,1204.14,254
97232,Giebelstadt,49.647,9.9352,-14.0,10.6123,2007,1204.14,297
97234,Reichenberg,49.7184,9.9074,-14.0,10.6123,2007,1204.14,279
97236,Randersacker,49.7597,9.9922,-14.0,10.6123,2007,1204.14,254
97237,Altertheim,49.7272,9.7442,-14.0,10.6123,2007,1204.14,322
97239,Aub,49.5476,10.0407,-14.0,9.9811,2161,1296.54,314
97241,Bergtheim,49.8944,10.0877,-14.0,9.8537,2180,1307.88,260
97243,Bieberehren,49.5078,10.0134,-14.0,9.5956,2265,1358.94,251
97244,Bütthard,49.6029,9.8889,-14.0,10.2551,2098,1258.62,282
97246,Eibelstadt,49.7241,10.0121,-14.0,10.6123,2007,1204.14,244
97247,Eisenheim,49.886,10.1546,-14.0,10.7545,1976,1185.84,241
97249,Eisingen,49.7592,9.8238,-14.0,10.6123,2007,1204.14,306
97250,Erlabrunn,49.857,9.8401,-14.0,10.6123,2007,1204.14,214
97252,"Frickenhausen am Main",49.6767,10.1026,-14.0,10.7545,1976,1185.84,268
97253,Gaukönigshofen,49.6267,9.9952,-14.0,9.9811,2161,1296.54,260
97255,Gelchsheim,49.5794,10.0162,-14.0,9.9811,2161,1296.54,298
97256,Geroldshausen,49.6817,9.8809,-14.0,10.6123,2007,1204.14,306
97258,Ippesheim,49.5794,10.1295,-14.0,9.9811,2161,1296.54,315
97259,Greußenheim,49.8215,9.762,-14.0,10.6123,2007,1204.14,329
97261,Güntersleben,49.8728,9.8988,-14.0,9.8537,2180,1307.88,273
97262,"Hausen bei Würzburg",49.9205,10.0216,-14.0,9.8537,2180,1307.88,304
97264,Helmstadt,49.7566,9.7061,-14.0,10.6123,2007,1204.14,288
97265,Hettstadt,49.8059,9.8138,-14.0,10.6123,2007,1204.14,314
97267,Himmelstadt,49.9245,9.7866,-14.0,9.8537,2180,1307.88,208
97268,Kirchheim,49.6613,9.8524,-14.0,10.6123,2007,1204.14,304
97270,Kist,49.73,9.8203,-14.0,10.6123,2007,1204.14,358
97271,Kleinrinderfeld,49.7021,9.8448,-14.0,10.6123,2007,1204.14,320
97273,Kürnach,49.8388,10.0574,-14.0,10.6123,2007,1204.14,298
97274,Leinach,49.8539,9.8003,-14.0,10.6123,2007,1204.14,306
97276,Margetshöchheim,49.8375,9.8555,-14.0,10.6123,2007,1204.14,223
97277,Neubrunn,49.7265,9.6614,-14.0,10.3775,2022,1213.38,287
97279,Prosselsheim,49.8648,10.1218,-14.0,10.7545,1976,1185.84,277
97280,Remlingen,49.8156,9.6992,-14.0,10.6123,2007,1204.14,272
97282,Retzstadt,49.9088,9.8881,-14.0,9.8537,2180,1307.88,252
97283,Riedenheim,49.56,9.9536,-14.0,10.2551,2098,1258.62,322
97285,Röttingen,49.5121,9.9544,-14.0,9.5956,2265,1358.94,345
97286,Sommerhausen,49.7033,10.0058,-14.0,10.6123,2007,1204.14,222
97288,Theilheim,49.7597,10.0327,-14.0,10.6123,2007,1204.14,285
97289,Thüngen,49.939,9.8635,-14.0,9.8537,2180,1307.88,225
97291,Thüngersheim,49.8793,9.8528,-14.0,9.8537,2180,1307.88,208
97292,Uettingen,49.7909,9.7312,-14.0,10.6123,2007,1204.14,231
97294,Unterpleichfeld,49.8807,10.028,-14.0,9.8537,2180,1307.88,266
97295,Waldbrunn,49.759,9.7865,-14.0,10.6123,2007,1204.14,259
97297,Waldbüttelbrunn,49.7819,9.8239,-14.0,10.6123,2007,1204.14,305
97299,"Zell am Main",49.8078,9.8636,-14.0,10.6123,2007,1204.14,260
97318,Kitzingen,49.7344,10.1712,-14.0,10.7545,1976,1185.84,185
97320,Albertshofen,49.7681,10.1333,-14.0,10.7545,1976,1185.84,253
97332,Volkach,49.8556,10.261,-14.0,10.7545,1976,1185.84,225
97334,Sommerach,49.8501,10.1858,-14.0,10.7545,1976,1185.84,248
97337,Dettelbach,49.8161,10.1448,-14.0,10.7545,1976,1185.84,253
97340,Marktbreit,49.6403,10.1275,-14.0,9.9811,2161,1296.54,276
97342,Obernbreit,49.6545,10.1941,-14.0,9.9811,2161,1296.54,223
97346,Iphofen,49.6559,10.3329,-14.0,9.9811,2161,1296.54,320
97348,Rödelsee,49.6676,10.241,-14.0,10.7545,1976,1185.84,256
97350,Mainbernheim,49.7103,10.2147,-14.0,10.7545,1976,1185.84,214
97353,Wiesentheid,49.7969,10.3328,-14.0,10.7545,1976,1185.84,243
97355,Kleinlangheim,49.7532,10.3636,-14.0,10.7545,1976,1185.84,284
97357,Prichsenstadt,49.8379,10.349,-14.0,9.0616,2389,1433.4,234
97359,"Schwarzach am Main",49.8093,10.2293,-14.0,10.7545,1976,1185.84,195
97421,Schweinfurt,50.0443,10.224,-14.0,10.1112,2120,1271.76,227
97422,Schweinfurt,50.0621,10.2428,-14.0,10.1112,2120,1271.76,275
97424,Schweinfurt,50.0283,10.2056,-14.0,10.1112,2120,1271.76,215
97437,Haßfurt,50.0471,10.5058,-14.0,10.1112,2120,1271.76,247
97440,Werneck,50.003,10.0824,-14.0,9.8537,2180,1307.88,296
97447,Gerolzhofen,49.9006,10.3247,-14.0,9.0616,2389,1433.4,230
97450,Arnstein,49.9893,9.9595,-14.0,9.8537,2180,1307.88,297
97453,Schonungen,50.0717,10.3502,-14.0,10.1112,2120,1271.76,298
97456,Dittelbrunn,50.1211,10.2036,-14.0,10.1112,2120,1271.76,363
97461,"Hofheim in Unterfranken",50.139,10.535,-14.0,9.2874,2334,1400.64,252
97464,Niederwerrn,50.0696,10.1709,-14.0,10.1112,2120,1271.76,256
97469,Gochsheim,50.0178,10.2885,-14.0,10.1112,2120,1271.76,241
97475,"Zeil am Main",50.0265,10.5977,-14.0,9.0616,2389,1433.4,343
97478,Knetzgau,49.9631,10.5213,-14.0,9.0616,2389,1433.4,384
97483,Eltmann,49.9629,10.6639,-14.0,9.0616,2389,1433.4,273
97486,"Königsberg in Bayern",50.0897,10.5619,-14.0,10.1112,2120,1271.76,264
97488,Stadtlauringen,50.1834,10.386,-14.0,9.2874,2334,1400.64,305
97490,Poppenhausen,50.0996,10.1517,-14.0,10.1112,2120,1271.76,259
97491,Aidhausen,50.157,10.4573,-14.0,9.2874,2334,1400.64,296
97493,Bergrheinfeld,50.0072,10.1643,-14.0,10.1112,2120,1271.76,220
97494,Bundorf,50.2068,10.5243,-14.0,9.2874,2334,1400.64,326
97496,Burgpreppach,50.1367,10.6244,-14.0,9.2874,2334,1400.64,329
97497,Dingolshausen,49.9093,10.3958,-14.0,9.0616,2389,1433.4,285
97499,Donnersdorf,49.9631,10.4101,-14.0,10.1112,2120,1271.76,260
97500,Ebelsbach,49.9904,10.6852,-14.0,9.0616,2389,1433.4,239
97502,Euerbach,50.068,10.0911,-14.0,10.1112,2120,1271.76,317
97503,Gädheim,50.0228,10.3772,-14.0,10.1112,2120,1271.76,264
97505,Geldersheim,50.0441,10.1547,-14.0,10.1112,2120,1271.76,226
97506,Grafenrheinfeld,49.9981,10.2087,-14.0,10.1112,2120,1271.76,204
97508,Grettstadt,49.987,10.3409,-14.0,10.1112,2120,1271.76,257
97509,Kolitzheim,49.9275,10.2593,-14.0,10.1112,2120,1271.76,223
97511,Lülsfeld,49.8734,10.3517,-14.0,9.0616,2389,1433.4,265
97513,"Michelau im Steigerwald",49.923,10.4443,-14.0,9.0616,2389,1433.4,383
97514,Oberaurach,49.9181,10.6598,-14.0,9.0616,2389,1433.4,350
97516,Oberschwarzach,49.8618,10.4209,-14.0,9.0616,2389,1433.4,283
97517,Rannungen,50.1684,10.1974,-14.0,9.7874,2204,1322.4,361
97519,Riedbach,50.1065,10.4386,-14.0,10.1112,2120,1271.76,331
97520,Röthlein,49.9674,10.221,-14.0,10.1112,2120,1271.76,222
97522,"Sand am Main",49.9774,10.5899,-14.0,9.0616,2389,1433.4,342
97523,Schwanfeld,49.923,10.1307,-14.0,9.8537,2180,1307.88,256
97525,Schwebheim,49.9904,10.2562,-14.0,10.1112,2120,1271.76,211
97526,Sennfeld,50.0425,10.2665,-14.0,10.1112,2120,1271.76,212
97528,"Sulzdorf an der Lederhecke",50.2461,10.5656,-14.0,9.2874,2334,1400.64,332
97529,Sulzheim,49.9438,10.3397,-14.0,10.1112,2120,1271.76,225
97531,Theres,50.0286,10.4284,-14.0,10.1112,2120,1271.76,293
97532,Üchtelhausen,50.1188,10.2828,-14.0,10.1112,2120,1271.76,401
97534,Waigolshausen,49.9556,10.1422,-14.0,10.1112,2120,1271.76,255
97535,Wasserlosen,50.0734,10.0254,-14.0,9.8537,2180,1307.88,303
97537,Wipfeld,49.9215,10.1705,-14.0,10.1112,2120,1271.76,217
97539,Wonfurt,50.0033,10.4693,-14.0,10.1112,2120,1271.76,232
97616,"Bad Neustadt an der Saale",50.3202,10.2171,-14.0,9.7874,2204,1322.4,232
97618,Hohenroth,50.3385,10.3038,-14.0,9.2874,2334,1400.64,287
97631,"Bad Königshofen im Grabfeld",50.2781,10.4818,-14.0,9.2874,2334,1400.64,291
97633,Sulzfeld,50.3451,10.4441,-14.0,9.2874,2334,1400.64,329
97638,Mellrichstadt,50.438,10.332,-14.0,9.1367,2386,1431.78,344
97640,Oberstreu,50.3972,10.3464,-14.0,9.1367,2386,1431.78,312
97645,"Ostheim vor der Rhön",50.4569,10.2266,-14.0,9.1367,2386,1431.78,298
97647,"Nordheim vor der Rhön",50.4903,10.1312,-14.0,7.5362,2802,1681.08,444
97650,Fladungen,50.522,10.1662,-14.0,7.5362,2802,1681.08,510
97653,"Bischofsheim an der Rhön",50.4027,9.9999,-14.0,9.171,2368,1420.62,492
97654,Bastheim,50.4034,10.1823,-14.0,9.1367,2386,1431.78,381
97656,Oberelsbach,50.4383,10.0717,-14.0,7.5362,2802,1681.08,495
97657,Sandberg,50.3369,10.0344,-14.0,9.171,2368,1420.62,404
97659,"Schönau an der Brend",50.3608,10.1005,-14.0,9.171,2368,1420.62,410
97688,"Bad Kissingen",50.2092,10.0604,-14.0,9.7874,2204,1322.4,312
97702,Münnerstadt,50.2559,10.2781,-14.0,9.2874,2334,1400.64,319
97705,Burkardroth,50.2781,9.9722,-14.0,9.171,2368,1420.62,380
97708,"Bad Bocklet",50.2682,10.0685,-14.0,9.7874,2204,1322.4,212
97711,Maßbach,50.1919,10.2785,-14.0,9.7874,2204,1322.4,302
97714,Oerlenbach,50.1521,10.1321,-14.0,9.7874,2204,1322.4,327
97717,Euerdorf,50.1546,10.0334,-14.0,9.7874,2204,1322.4,192
97720,Nüdlingen,50.2192,10.1315,-14.0,9.7874,2204,1322.4,257
97723,Oberthulba,50.1993,9.9394,-14.0,9.7874,2204,1322.4,333
97724,Burglauer,50.2754,10.1742,-14.0,9.7874,2204,1322.4,251
97725,Elfershausen,50.1228,9.9752,-14.0,9.7874,2204,1322.4,268
97727,Fuchsstadt,50.0923,9.937,-14.0,9.8537,2180,1307.88,350
97729,Ramsthal,50.1314,10.0774,-14.0,9.7874,2204,1322.4,369
97737,"Gemünden am Main",50.0437,9.7044,-14.0,9.7773,2198,1319.1,151
97753,Karlstadt,49.9622,9.7458,-14.0,9.7773,2198,1319.1,272
97762,Hammelburg,50.1082,9.868,-14.0,9.8537,2180,1307.88,265
97769,"Bad Brückenau",50.3068,9.7793,-14.0,9.7271,2189,1313.46,324
97772,Wildflecken,50.3628,9.8558,-14.0,9.171,2368,1420.62,676
97773,"Aura im Sinngrund",50.1912,9.5442,-14.0,9.7271,2189,1313.46,487
97775,Burgsinn,50.1487,9.646,-14.0,9.7773,2198,1319.1,190
97776,Eußenheim,50.0111,9.8395,-14.0,9.8537,2180,1307.88,238
97778,Fellen,50.1333,9.5488,-14.0,9.7773,2198,1319.1,373
97779,Geroda,50.2899,9.9004,-14.0,9.171,2368,1420.62,573
97780,Gössenheim,50.0178,9.7812,-14.0,9.7773,2198,1319.1,168
97782,Gräfendorf,50.1217,9.7183,-14.0,9.7773,2198,1319.1,356
97783,Karsbach,50.0655,9.7862,-14.0,9.7773,2198,1319.1,250
97785,Mittelsinn,50.1903,9.6359,-14.0,9.7271,2189,1313.46,275
97786,Motten,50.3896,9.7695,-14.0,9.7271,2189,1313.46,464
97788,Neuendorf,50.0343,9.623,-14.0,9.7773,2198,1319.1,297
97789,Oberleichtersbach,50.2714,9.8041,-14.0,9.171,2368,1420.62,417
97791,Obersinn,50.2152,9.6306,-14.0,9.7271,2189,1313.46,305
97792,Riedenberg,50.3215,9.8807,-14.0,9.171,2368,1420.62,556
97794,Rieneck,50.0999,9.6311,-14.0,9.7773,2198,1319.1,247
97795,Schondra,50.253,9.8592,-14.0,9.171,2368,1420.62,418
97797,Wartmannsroth,50.1776,9.781,-14.0,9.7773,2198,1319.1,341
97799,Zeitlofs,50.2484,9.717,-14.0,9.7271,2189,1313.46,409
97816,"Lohr am Main",49.9985,9.5834,-14.0,9.7773,2198,1319.1,153
97828,Marktheidenfeld,49.8422,9.5618,-14.0,10.3775,2022,1213.38,319
97833,Frammersbach,50.063,9.4478,-14.0,9.2844,2308,1384.68,314
97834,Birkenfeld,49.8609,9.7159,-14.0,9.7773,2198,1319.1,217
97836,Bischbrunn,49.8794,9.4664,-14.0,10.3775,2022,1213.38,488
97837,"Erlenbach bei Marktheidenfeld",49.8225,9.6432,-14.0,10.3775,2022,1213.38,235
97839,Esselbach,49.856,9.5333,-14.0,10.3775,2022,1213.38,324
97840,Hafenlohr,49.8769,9.5737,-14.0,9.7773,2198,1319.1,249
97842,Karbach,49.8644,9.6483,-14.0,9.7773,2198,1319.1,190
97843,Neuhütten,49.9716,9.4685,-14.0,9.2844,2308,1384.68,488
97845,"Neustadt am Main",49.9375,9.5517,-14.0,9.7773,2198,1319.1,314
97846,Partenstein,50.0487,9.5207,-14.0,9.2844,2308,1384.68,292
97848,Rechtenbach,49.9815,9.5288,-14.0,9.2844,2308,1384.68,426
97849,Roden,49.9073,9.6259,-14.0,9.7773,2198,1319.1,280
97851,Rothenfels,49.9042,9.5661,-14.0,9.7773,2198,1319.1,318
97852,Bischbrunn,49.8302,9.4881,-14.0,10.3775,2022,1213.38,211
97854,Steinfeld,49.9504,9.6502,-14.0,9.7773,2198,1319.1,306
97855,Triefenstein,49.8027,9.6021,-14.0,10.3775,2022,1213.38,179
97857,Urspringen,49.9046,9.678,-14.0,9.7773,2198,1319.1,260
97859,Wiesthal,50.0133,9.464,-14.0,9.2844,2308,1384.68,375
97877,Wertheim,49.7371,9.4912,-14.0,10.3775,2022,1213.38,282
97892,Kreuzwertheim,49.7868,9.529,-14.0,10.3775,2022,1213.38,281
97896,Freudenberg,49.7507,9.3541,-14.0,10.3775,2022,1213.38,440
97900,Külsheim,49.671,9.5094,-14.0,10.3775,2022,1213.38,338
97901,Altenbuch,49.8395,9.4069,-14.0,10.3775,2022,1213.38,456
97903,Collenberg,49.7856,9.3356,-14.0,10.3775,2022,1213.38,243
97904,Dorfprozelten,49.7928,9.3721,-14.0,10.3775,2022,1213.38,249
97906,Faulbach,49.7944,9.451,-14.0,10.3775,2022,1213.38,196
97907,Hasloch,49.8019,9.4831,-14.0,10.3775,2022,1213.38,341
97909,Stadtprozelten,49.7998,9.4021,-14.0,10.3775,2022,1213.38,280
97922,Lauda-Königshofen,49.5578,9.7129,-14.0,10.2551,2098,1258.62,218
97941,Tauberbischofsheim,49.6206,9.6623,-14.0,10.2551,2098,1258.62,185
97944,Boxberg,49.4906,9.6365,-14.0,10.2551,2098,1258.62,327
97947,Grünsfeld,49.6192,9.7642,-14.0,10.2551,2098,1258.62,352
97950,Großrinderfeld,49.6905,9.7892,-14.0,10.6123,2007,1204.14,344
97953,Königheim,49.598,9.5745,-14.0,10.2551,2098,1258.62,321
97956,Werbach,49.6944,9.6989,-14.0,10.6123,2007,1204.14,238
97957,Wittighausen,49.6195,9.8304,-14.0,10.2551,2098,1258.62,303
97959,Assamstadt,49.4304,9.6828,-14.0,10.2551,2098,1258.62,332
97980,"Bad Mergentheim",49.4543,9.7633,-14.0,10.2551,2098,1258.62,270
97990,Weikersheim,49.4732,9.8932,-14.0,10.2551,2098,1258.62,226
97993,Creglingen,49.4661,10.0591,-14.0,9.5956,2265,1358.94,365
97996,Niederstetten,49.3994,9.9462,-14.0,9.5956,2265,1358.94,447
97999,Igersheim,49.5145,9.8349,-14.0,10.2551,2098,1258.62,307
98527,Suhl,50.5999,10.7032,-14.0,6.0868,3253,1951.98,473
98528,Suhl,50.641,10.7247,-14.0,6.0868,3253,1951.98,598
98529,Suhl,50.6016,10.654,-14.0,6.0868,3253,1951.98,410
98530,Suhl,50.5778,10.5672,-14.0,8.8299,2471,1482.42,443
98544,Zella-Mehlis,50.6637,10.6729,-14.0,6.0868,3253,1951.98,546
98547,Viernau,50.6323,10.5031,-14.0,9.1126,2368,1420.56,532
98553,Schleusingen,50.5351,10.7578,-14.0,6.0868,3253,1951.98,409
98554,Benshausen,50.6442,10.6033,-14.0,6.0868,3253,1951.98,459
98559,Oberhof,50.67,10.7543,-14.0,6.0868,3253,1951.98,798
98574,Schmalkalden,50.7197,10.4498,-14.0,9.1126,2368,1420.56,302
98587,Steinbach-Hallenberg,50.7035,10.6048,-14.0,9.1126,2368,1420.56,663
98590,Schmalkalden,50.71,10.2356,-14.0,9.4112,2283,1369.8,353
98593,Floh-Seligenthal,50.7781,10.5039,-14.0,9.1126,2368,1420.56,574
98596,Trusetal,50.7957,10.4226,-14.0,6.9455,2977,1786.26,413
98597,"Breitungen / Werra",50.7653,10.3276,-14.0,9.1126,2368,1420.56,258
98617,Meiningen,50.5437,10.3353,-14.0,8.8299,2471,1482.42,517
98630,-,50.3995,10.5553,-14.0,9.2874,2334,1400.64,310
98631,Römhild,50.442,10.4385,-14.0,8.8299,2471,1482.42,371
98634,Wasungen,50.6329,10.2484,-14.0,8.8299,2471,1482.42,474
98639,Walldorf,50.6383,10.4104,-14.0,8.8299,2471,1482.42,404
98646,Hildburghausen,50.4246,10.7134,-14.0,8.829,2486,1491.66,385
98660,Themar,50.5042,10.6287,-14.0,8.829,2486,1491.66,341
98663,"Bad Colberg-Heldburg",50.2714,10.6865,-14.0,9.2874,2334,1400.64,374
98666,Heubach,50.5098,10.9567,-14.0,6.5548,3107,1864.38,737
98667,Schleusegrund,50.5498,10.8958,-14.0,6.0868,3253,1951.98,638
98669,Veilsdorf,50.4046,10.8004,-14.0,8.829,2486,1491.66,428
98673,Eisfeld,50.4484,10.9134,-14.0,8.829,2486,1491.66,497
98693,Ilmenau,50.6911,10.9301,-14.0,9.1868,2350,1409.82,487
98694,-,50.6363,10.9991,-14.0,9.1868,2350,1409.82,554
98701,Großbreitenbach,50.5863,11.0251,-14.0,6.5548,3107,1864.38,610
98711,Suhl,50.6049,10.8065,-14.0,6.0868,3253,1951.98,709
98716,Geschwenda,50.7084,10.8347,-14.0,9.1868,2350,1409.82,497
98724,"Neuhaus am Rennweg",50.4888,11.1277,-14.0,6.5548,3107,1864.38,810
98743,Gräfenthal,50.5153,11.295,-14.0,6.5548,3107,1864.38,466
98744,"Oberweißbach / Thüringer Wald",50.5728,11.1353,-14.0,6.5548,3107,1864.38,674
98746,Katzhütte,50.5265,11.0344,-14.0,6.5548,3107,1864.38,716
99084,Erfurt,50.9778,11.0288,-14.0,9.5466,2264,1358.7,199
99085,Erfurt,50.989,11.0591,-14.0,9.5466,2264,1358.7,202
99086,Erfurt,50.9994,11.0323,-14.0,9.5466,2264,1358.7,188
99087,Erfurt,51.0217,11.0357,-14.0,9.5466,2264,1358.7,180
99089,Erfurt,50.9966,11.0145,-14.0,9.5466,2264,1358.7,188
99090,-,50.9954,10.9216,-14.0,9.5466,2264,1358.7,312
99091,Erfurt,51.0188,10.9977,-14.0,9.5466,2264,1358.7,176
99092,Erfurt,50.9589,10.9131,-14.0,9.5466,2264,1358.7,290
99094,Erfurt,50.9385,10.987,-14.0,9.5466,2264,1358.7,211
99095,-,51.0555,11.0611,-14.0,9.5466,2264,1358.7,167
99096,Erfurt,50.9561,11.0351,-14.0,9.5466,2264,1358.7,246
99097,Erfurt,50.933,11.0679,-14.0,9.5466,2264,1358.7,369
99098,Erfurt,50.9872,11.1161,-14.0,9.5466,2264,1358.7,219
99099,Erfurt,50.9431,11.1024,-14.0,9.5466,2264,1358.7,299
99100,Erfurt,51.0539,10.8346,-14.0,10.1132,2119,1271.34,198
99102,Erfurt,50.9091,11.154,-14.0,9.6573,2239,1343.34,396
99189,Erfurt,51.0833,10.9274,-14.0,10.1132,2119,1271.34,157
99192,Erfurt,50.9205,10.8982,-14.0,9.5466,2264,1358.7,297
99195,Erfurt,51.0972,11.0955,-14.0,9.5466,2264,1358.7,166
99198,Erfurt,51.0378,11.1477,-14.0,9.5466,2264,1358.7,173
99310,Arnstadt,50.8233,10.9888,-14.0,9.1868,2350,1409.82,327
99326,Stadtilm,50.7568,11.0748,-14.0,9.1868,2350,1409.82,408
99330,Gräfenroda,50.7505,10.7817,-14.0,9.1868,2350,1409.82,500
99334,Ichtershausen,50.8781,11.0222,-14.0,9.5466,2264,1358.7,256
99338,Arnstadt,50.7626,10.9006,-14.0,9.1868,2350,1409.82,348
99423,Weimar,50.9831,11.3225,-14.0,9.7866,2205,1322.76,222
99425,Weimar,50.9656,11.3526,-14.0,9.7866,2205,1322.76,248
99427,Weimar,51.0084,11.3143,-14.0,9.7866,2205,1322.76,343
99428,Weimar,50.9877,11.2155,-14.0,9.6573,2239,1343.34,232
99438,Weimar,50.8927,11.2528,-14.0,9.6573,2239,1343.34,311
99439,Berlstedt,51.0644,11.2988,-14.0,9.7866,2205,1322.76,212
99441,Weimar,50.9353,11.4319,-14.0,9.7866,2205,1322.76,310
99444,Blankenhain,50.8536,11.3656,-14.0,9.6573,2239,1343.34,359
99448,Kranichfeld,50.8432,11.1981,-14.0,9.6573,2239,1343.34,348
99510,Apolda,51.0194,11.4771,-14.0,9.7866,2205,1322.76,218
99518,"Bad Sulza",51.0847,11.5925,-14.0,9.9033,2171,1302.66,183
99610,Sömmerda,51.1685,11.1626,-14.0,9.9622,2159,1295.34,140
99625,Kölleda,51.198,11.2541,-14.0,9.9622,2159,1295.34,152
99628,Buttstädt,51.1346,11.3586,-14.0,9.9622,2159,1295.34,162
99631,Weißensee,51.2076,11.0574,-14.0,10.1132,2119,1271.34,156
99634,Straußfurt,51.1657,10.9677,-14.0,10.1132,2119,1271.34,165
99636,Rastenberg,51.1935,11.3685,-14.0,9.9622,2159,1295.34,219
99638,Kindelbrück,51.2421,11.1125,-14.0,9.9622,2159,1295.34,145
99706,Sondershausen,51.3587,10.8158,-14.0,9.7211,2210,1325.94,322
99707,-,51.3709,11.0078,-14.0,10.2466,2092,1255.02,158
99713,Ebeleben,51.2683,10.7401,-14.0,9.7211,2210,1325.94,259
99718,Greußen,51.2569,10.93,-14.0,10.1132,2119,1271.34,224
99734,Nordhausen,51.508,10.8132,-14.0,7.7195,2732,1639.08,203
99735,Nordhausen,51.4411,10.7296,-14.0,7.7195,2732,1639.08,229
99752,Bleicherode,51.4573,10.5832,-14.0,9.7773,2165,1298.94,272
99755,Ellrich,51.5951,10.6942,-14.0,7.7195,2732,1639.08,299
99759,Sollstedt,51.4089,10.6069,-14.0,9.2192,2314,1388.1,449
99765,"Heringen / Helme",51.4474,10.9062,-14.0,7.7195,2732,1639.08,160
99768,Ilfeld,51.5855,10.8196,-14.0,7.7195,2732,1639.08,528
99817,Eisenach,50.9889,10.3165,-14.0,9.5614,2247,1348.14,233
99819,Eisenach,50.9117,10.2263,-14.0,9.4112,2283,1369.8,315
99820,-,51.0347,10.4892,-14.0,9.5614,2247,1348.14,414
99826,Mihla,51.0779,10.3431,-14.0,9.5614,2247,1348.14,217
99830,Treffurt,51.0849,10.193,-14.0,9.5614,2247,1348.14,394
99831,Creuzburg,51.0537,10.2323,-14.0,9.5614,2247,1348.14,231
99834,Gerstungen,50.9835,10.0725,-14.0,9.3107,2289,1373.4,263
99837,"Berka / Werra",50.9244,10.117,-14.0,9.4112,2283,1369.8,256
99842,Ruhla,50.8965,10.3796,-14.0,6.9455,2977,1786.26,655
99846,Seebach,50.9123,10.429,-14.0,6.9455,2977,1786.26,354
99848,Wutha-Farnroda,50.9429,10.4051,-14.0,9.5614,2247,1348.14,343
99867,Gotha,50.9408,10.7046,-14.0,9.4682,2259,1355.52,320
99869,Gotha,50.8916,10.8103,-14.0,9.5466,2264,1358.7,337
99880,Waltershausen,50.9182,10.5574,-14.0,9.4682,2259,1355.52,315
99885,Ohrdruf,50.8247,10.7577,-14.0,9.1868,2350,1409.82,421
99887,"Georgenthal / Thüringer Wald",50.8192,10.668,-14.0,9.4682,2259,1355.52,458
99891,"Tabarz / Thüringer Wald",50.8654,10.5024,-14.0,6.9455,2977,1786.26,548
99894,Friedrichroda,50.8606,10.6308,-14.0,9.4682,2259,1355.52,367
99897,"Tambach-Dietharz / Thüringen",50.7652,10.6029,-14.0,9.1126,2368,1420.56,644
99947,"Bad Langensalza",51.1049,10.6525,-14.0,10.1132,2119,1271.34,194
99955,"Bad Tennstedt",51.1648,10.8312,-14.0,10.1132,2119,1271.34,188
99958,"Bad Langensalza",51.0847,10.7477,-14.0,10.1132,2119,1271.34,215
99974,Mühlhausen,51.2312,10.4635,-14.0,9.7211,2210,1325.94,232
99976,Rodeberg,51.2478,10.352,-14.0,9.7211,2210,1325.94,314
99986,Oberdorla,51.143,10.4113,-14.0,9.7211,2210,1325.94,256
99988,Heyerode,51.1713,10.2762,-14.0,9.7211,2210,1325.94,384
99991,Großengottern,51.1589,10.5809,-14.0,9.7211,2210,1325.94,178
99994,Schlotheim,51.2458,10.6629,-14.0,9.7211,2210,1325.94,256
99996,Mühlhausen,51.2917,10.5903,-14.0,9.7211,2210,1325.94,350
99998,Weinbergen,51.2154,10.5541,-14.0,9.7211,2210,1325.94,239
